ltrack_name,qnorm_id,original_id,targets_identifier_base,ontology_curie,biosample_name,assay,alphagenome_data_source,alphagenome_strand_entries
CL:0000047 polyA plus RNA-seq,ENCFF572SPV,ENCFF599BTC,ENCFF599BTC,CL:0000047,neuronal stem cell,polyA plus RNA-seq,encode,2
CL:0000047 polyA plus RNA-seq,ENCFF958PFC,ENCFF231VPQ,ENCFF231VPQ,CL:0000047,neuronal stem cell,polyA plus RNA-seq,encode,2
CL:0000062 total RNA-seq,ENCFF998VKC,ENCFF953CRN,ENCFF953CRN,CL:0000062,osteoblast,total RNA-seq,encode,2
CL:0000084 total RNA-seq,ENCFF033KAE,ENCFF983RQU,ENCFF983RQU,CL:0000084,T-cell,total RNA-seq,encode,2
CL:0000084 total RNA-seq,ENCFF888OOZ,ENCFF624DSV,ENCFF624DSV,CL:0000084,T-cell,total RNA-seq,encode,2
CL:0000084 total RNA-seq,ENCFF972WIL,ENCFF994HKO,ENCFF994HKO,CL:0000084,T-cell,total RNA-seq,encode,2
CL:0000115 total RNA-seq,ENCFF977WIW,ENCFF121ZPH,ENCFF121ZPH,CL:0000115,endothelial cell,total RNA-seq,encode,2
CL:0000121 polyA plus RNA-seq,ENCFF413SRE,ENCFF726SGF,ENCFF726SGF,CL:0000121,Purkinje cell,polyA plus RNA-seq,encode,1
CL:0000127 total RNA-seq,ENCFF077ICY,ENCFF849ELK,ENCFF849ELK,CL:0000127,astrocyte,total RNA-seq,encode,2
CL:0000127 total RNA-seq,ENCFF205MGD,ENCFF155PJH,ENCFF155PJH,CL:0000127,astrocyte,total RNA-seq,encode,2
CL:0000134 polyA plus RNA-seq,ENCFF046TTE,ENCFF392DAR,ENCFF392DAR,CL:0000134,mesenchymal stem cell,polyA plus RNA-seq,encode,2
CL:0000134 polyA plus RNA-seq,ENCFF909UQE,ENCFF807FQZ,ENCFF807FQZ,CL:0000134,mesenchymal stem cell,polyA plus RNA-seq,encode,2
CL:0000137 total RNA-seq,ENCFF591MXM,ENCFF092QIW,ENCFF092QIW,CL:0000137,osteocyte,total RNA-seq,encode,2
CL:0000138 total RNA-seq,ENCFF653DJK,ENCFF958WEW,ENCFF958WEW,CL:0000138,chondrocyte,total RNA-seq,encode,2
CL:0000169 total RNA-seq,ENCFF758PQO,ENCFF995AUL,ENCFF995AUL,CL:0000169,type B pancreatic cell,total RNA-seq,encode,2
CL:0000182 polyA plus RNA-seq,ENCFF627KXO,ENCFF238NVT,ENCFF238NVT,CL:0000182,hepatocyte,polyA plus RNA-seq,encode,1
CL:0000182 total RNA-seq,ENCFF058RCR,ENCFF358IQV,ENCFF358IQV,CL:0000182,hepatocyte,total RNA-seq,encode,2
CL:0000187 polyA plus RNA-seq,ENCFF108DXL,ENCFF543YFY,ENCFF543YFY,CL:0000187,myocyte,polyA plus RNA-seq,encode,1
CL:0000187 total RNA-seq,ENCFF807EUQ,ENCFF982WYX,ENCFF982WYX,CL:0000187,myocyte,total RNA-seq,encode,2
CL:0000192 polyA plus RNA-seq,ENCFF402LDH,ENCFF312VKB,ENCFF312VKB,CL:0000192,smooth muscle cell,polyA plus RNA-seq,encode,1
CL:0000221 polyA plus RNA-seq,ENCFF087TPO,ENCFF086SRN,ENCFF086SRN,CL:0000221,ectodermal cell,polyA plus RNA-seq,encode,2
CL:0000221 polyA plus RNA-seq,ENCFF174WLB,ENCFF255CRM,ENCFF255CRM,CL:0000221,ectodermal cell,polyA plus RNA-seq,encode,2
CL:0000221 polyA plus RNA-seq,ENCFF458YKY,ENCFF096CZT,ENCFF096CZT,CL:0000221,ectodermal cell,polyA plus RNA-seq,encode,2
CL:0000221 polyA plus RNA-seq,ENCFF665ZEN,ENCFF081XYH,ENCFF081XYH,CL:0000221,ectodermal cell,polyA plus RNA-seq,encode,2
CL:0000222 polyA plus RNA-seq,ENCFF400TSJ,ENCFF388QFN,ENCFF388QFN,CL:0000222,mesodermal cell,polyA plus RNA-seq,encode,2
CL:0000222 polyA plus RNA-seq,ENCFF754DFT,ENCFF103NIX,ENCFF103NIX,CL:0000222,mesodermal cell,polyA plus RNA-seq,encode,2
CL:0000223 polyA plus RNA-seq,ENCFF406EWU,ENCFF775NPV,ENCFF775NPV,CL:0000223,endodermal cell,polyA plus RNA-seq,encode,2
CL:0000223 polyA plus RNA-seq,ENCFF462RXW,ENCFF911JBW,ENCFF911JBW,CL:0000223,endodermal cell,polyA plus RNA-seq,encode,2
CL:0000223 total RNA-seq,ENCFF129TRI,ENCFF185NBE,ENCFF185NBE,CL:0000223,endodermal cell,total RNA-seq,encode,2
CL:0000223 total RNA-seq,ENCFF529NEA,ENCFF565XVW,ENCFF565XVW,CL:0000223,endodermal cell,total RNA-seq,encode,2
CL:0000236 polyA plus RNA-seq,ENCFF026RXV,ENCFF252DFZ,ENCFF252DFZ,CL:0000236,B cell,polyA plus RNA-seq,encode,2
CL:0000307 total RNA-seq,ENCFF342TVX,ENCFF520NFI,ENCFF520NFI,CL:0000307,tracheal epithelial cell,total RNA-seq,encode,2
CL:0000312 polyA plus RNA-seq,ENCFF021RJG,ENCFF506SFB,ENCFF506SFB,CL:0000312,keratinocyte,polyA plus RNA-seq,encode,3
CL:0000312 polyA plus RNA-seq,ENCFF119KHR,ENCFF217JSG,ENCFF217JSG,CL:0000312,keratinocyte,polyA plus RNA-seq,encode,3
CL:0000312 polyA plus RNA-seq,ENCFF715DGD,ENCFF226FBQ,ENCFF226FBQ,CL:0000312,keratinocyte,polyA plus RNA-seq,encode,3
CL:0000312 polyA plus RNA-seq,ENCFF982FSG,ENCFF609GRY,ENCFF609GRY,CL:0000312,keratinocyte,polyA plus RNA-seq,encode,3
CL:0000312 polyA plus RNA-seq,ENCFF994TIH,ENCFF703WGS,ENCFF703WGS,CL:0000312,keratinocyte,polyA plus RNA-seq,encode,3
CL:0000346 total RNA-seq,ENCFF176WEG,ENCFF798NEI,ENCFF798NEI,CL:0000346,hair follicle dermal papilla cell,total RNA-seq,encode,2
CL:0000351 polyA plus RNA-seq,ENCFF373DVQ,ENCFF382VRE,ENCFF382VRE,CL:0000351,trophoblast cell,polyA plus RNA-seq,encode,2
CL:0000515 polyA plus RNA-seq,ENCFF398FLG,ENCFF106FBY,ENCFF106FBY,CL:0000515,skeletal muscle myoblast,polyA plus RNA-seq,encode,3
CL:0000594 total RNA-seq,ENCFF705LRX,ENCFF804YRV,ENCFF804YRV,CL:0000594,skeletal muscle satellite cell,total RNA-seq,encode,2
CL:0000624 polyA plus RNA-seq,ENCFF747VOJ,ENCFF223MUU,ENCFF223MUU,CL:0000624,"CD4-positive, alpha-beta T cell",polyA plus RNA-seq,encode,1
CL:0000624 polyA plus RNA-seq,ENCFF844XOY,ENCFF089BOJ,ENCFF089BOJ,CL:0000624,"CD4-positive, alpha-beta T cell",polyA plus RNA-seq,encode,1
CL:0000624 total RNA-seq,ENCFF164FQH,ENCFF579IBH,ENCFF579IBH,CL:0000624,"CD4-positive, alpha-beta T cell",total RNA-seq,encode,2
CL:0000624 total RNA-seq,ENCFF537ODI,ENCFF515TIF,ENCFF515TIF,CL:0000624,"CD4-positive, alpha-beta T cell",total RNA-seq,encode,2
CL:0000625 polyA plus RNA-seq,ENCFF493JUC,ENCFF104DTS,ENCFF104DTS,CL:0000625,"CD8-positive, alpha-beta T cell",polyA plus RNA-seq,encode,1
CL:0000625 polyA plus RNA-seq,ENCFF865RLR,ENCFF315ODV,ENCFF315ODV,CL:0000625,"CD8-positive, alpha-beta T cell",polyA plus RNA-seq,encode,1
CL:0000625 total RNA-seq,ENCFF175STH,ENCFF845DJW,ENCFF845DJW,CL:0000625,"CD8-positive, alpha-beta T cell",total RNA-seq,encode,2
CL:0000625 total RNA-seq,ENCFF277YFP,ENCFF535NFF,ENCFF535NFF,CL:0000625,"CD8-positive, alpha-beta T cell",total RNA-seq,encode,2
CL:0000650 total RNA-seq,ENCFF347PMO,ENCFF346QDJ,ENCFF346QDJ,CL:0000650,mesangial cell,total RNA-seq,encode,2
CL:0000679 total RNA-seq,ENCFF659DTI,ENCFF163AGZ,ENCFF163AGZ,CL:0000679,glutamatergic neuron,total RNA-seq,encode,2
CL:0000746 polyA plus RNA-seq,ENCFF859EDT,ENCFF713REM,ENCFF713REM,CL:0000746,cardiac muscle cell,polyA plus RNA-seq,encode,1
CL:0000746 total RNA-seq,ENCFF490IFU,ENCFF205VDK,ENCFF205VDK,CL:0000746,cardiac muscle cell,total RNA-seq,encode,2
CL:0000788 polyA plus RNA-seq,ENCFF022GUW,ENCFF924CJI,ENCFF924CJI,CL:0000788,naive B cell,polyA plus RNA-seq,encode,1
CL:0000788 polyA plus RNA-seq,ENCFF207PTC,ENCFF743FLM,ENCFF743FLM,CL:0000788,naive B cell,polyA plus RNA-seq,encode,1
CL:0000788 polyA plus RNA-seq,ENCFF297RZM,ENCFF560YUT,ENCFF560YUT,CL:0000788,naive B cell,polyA plus RNA-seq,encode,1
CL:0000788 polyA plus RNA-seq,ENCFF729UTH,ENCFF875RMF,ENCFF875RMF,CL:0000788,naive B cell,polyA plus RNA-seq,encode,1
CL:0000788 polyA plus RNA-seq,ENCFF841HSM,ENCFF228OVL,ENCFF228OVL,CL:0000788,naive B cell,polyA plus RNA-seq,encode,1
CL:0000788 polyA plus RNA-seq,ENCFF867XTN,ENCFF484JKA,ENCFF484JKA,CL:0000788,naive B cell,polyA plus RNA-seq,encode,1
CL:0000792 polyA plus RNA-seq,ENCFF034BJH,ENCFF498CLL,ENCFF498CLL,CL:0000792,"CD4-positive, CD25-positive, alpha-beta regulatory T cell",polyA plus RNA-seq,encode,1
CL:0000792 polyA plus RNA-seq,ENCFF068EDD,ENCFF903PTH,ENCFF903PTH,CL:0000792,"CD4-positive, CD25-positive, alpha-beta regulatory T cell",polyA plus RNA-seq,encode,1
CL:0000792 polyA plus RNA-seq,ENCFF480GTA,ENCFF772RIQ,ENCFF772RIQ,CL:0000792,"CD4-positive, CD25-positive, alpha-beta regulatory T cell",polyA plus RNA-seq,encode,1
CL:0000792 polyA plus RNA-seq,ENCFF566TZW,ENCFF472LKR,ENCFF472LKR,CL:0000792,"CD4-positive, CD25-positive, alpha-beta regulatory T cell",polyA plus RNA-seq,encode,1
CL:0000792 polyA plus RNA-seq,ENCFF647OOT,ENCFF956EIE,ENCFF956EIE,CL:0000792,"CD4-positive, CD25-positive, alpha-beta regulatory T cell",polyA plus RNA-seq,encode,1
CL:0000792 polyA plus RNA-seq,ENCFF978LMC,ENCFF497DVM,ENCFF497DVM,CL:0000792,"CD4-positive, CD25-positive, alpha-beta regulatory T cell",polyA plus RNA-seq,encode,1
CL:0000823 polyA plus RNA-seq,ENCFF085STG,ENCFF882KEH,ENCFF882KEH,CL:0000823,immature natural killer cell,polyA plus RNA-seq,encode,1
CL:0000823 polyA plus RNA-seq,ENCFF188LLF,ENCFF325GTZ,ENCFF325GTZ,CL:0000823,immature natural killer cell,polyA plus RNA-seq,encode,1
CL:0000823 polyA plus RNA-seq,ENCFF197IPB,ENCFF937GHU,ENCFF937GHU,CL:0000823,immature natural killer cell,polyA plus RNA-seq,encode,1
CL:0000823 polyA plus RNA-seq,ENCFF482AEE,ENCFF384MPW,ENCFF384MPW,CL:0000823,immature natural killer cell,polyA plus RNA-seq,encode,1
CL:0000823 polyA plus RNA-seq,ENCFF503ZRB,ENCFF366WMR,ENCFF366WMR,CL:0000823,immature natural killer cell,polyA plus RNA-seq,encode,1
CL:0000823 polyA plus RNA-seq,ENCFF709FXM,ENCFF930CLZ,ENCFF930CLZ,CL:0000823,immature natural killer cell,polyA plus RNA-seq,encode,1
CL:0000837 total RNA-seq,ENCFF120RCC,ENCFF841GMC,ENCFF841GMC,CL:0000837,hematopoietic multipotent progenitor cell,total RNA-seq,encode,2
CL:0000842 total RNA-seq,ENCFF872PDN,ENCFF151XTV,ENCFF151XTV,CL:0000842,mononuclear cell,total RNA-seq,encode,2
CL:0000895 polyA plus RNA-seq,ENCFF237ABA,ENCFF438BUG,ENCFF438BUG,CL:0000895,"naive thymus-derived CD4-positive, alpha-beta T cell",polyA plus RNA-seq,encode,1
CL:0000895 polyA plus RNA-seq,ENCFF327AIS,ENCFF018NXB,ENCFF018NXB,CL:0000895,"naive thymus-derived CD4-positive, alpha-beta T cell",polyA plus RNA-seq,encode,1
CL:0000895 polyA plus RNA-seq,ENCFF426VSF,ENCFF392VPC,ENCFF392VPC,CL:0000895,"naive thymus-derived CD4-positive, alpha-beta T cell",polyA plus RNA-seq,encode,1
CL:0000895 polyA plus RNA-seq,ENCFF533ZSU,ENCFF012MMA,ENCFF012MMA,CL:0000895,"naive thymus-derived CD4-positive, alpha-beta T cell",polyA plus RNA-seq,encode,1
CL:0000895 polyA plus RNA-seq,ENCFF573BJH,ENCFF865FLR,ENCFF865FLR,CL:0000895,"naive thymus-derived CD4-positive, alpha-beta T cell",polyA plus RNA-seq,encode,1
CL:0000895 polyA plus RNA-seq,ENCFF968ZYP,ENCFF478XYM,ENCFF478XYM,CL:0000895,"naive thymus-derived CD4-positive, alpha-beta T cell",polyA plus RNA-seq,encode,1
CL:0000895 total RNA-seq,ENCFF146AHC,ENCFF095UOA,ENCFF095UOA,CL:0000895,"naive thymus-derived CD4-positive, alpha-beta T cell",total RNA-seq,encode,2
CL:0000895 total RNA-seq,ENCFF929VCO,ENCFF107LSA,ENCFF107LSA,CL:0000895,"naive thymus-derived CD4-positive, alpha-beta T cell",total RNA-seq,encode,2
CL:0000897 polyA plus RNA-seq,ENCFF268TKE,ENCFF368ZGL,ENCFF368ZGL,CL:0000897,"CD4-positive, alpha-beta memory T cell",polyA plus RNA-seq,encode,1
CL:0000897 polyA plus RNA-seq,ENCFF383IKA,ENCFF313KNT,ENCFF313KNT,CL:0000897,"CD4-positive, alpha-beta memory T cell",polyA plus RNA-seq,encode,1
CL:0000897 polyA plus RNA-seq,ENCFF412NFZ,ENCFF874FQG,ENCFF874FQG,CL:0000897,"CD4-positive, alpha-beta memory T cell",polyA plus RNA-seq,encode,1
CL:0000897 polyA plus RNA-seq,ENCFF435CJK,ENCFF151AEP,ENCFF151AEP,CL:0000897,"CD4-positive, alpha-beta memory T cell",polyA plus RNA-seq,encode,1
CL:0000897 polyA plus RNA-seq,ENCFF556DGW,ENCFF568PWV,ENCFF568PWV,CL:0000897,"CD4-positive, alpha-beta memory T cell",polyA plus RNA-seq,encode,1
CL:0000897 polyA plus RNA-seq,ENCFF863PGO,ENCFF248FOA,ENCFF248FOA,CL:0000897,"CD4-positive, alpha-beta memory T cell",polyA plus RNA-seq,encode,1
CL:0000897 total RNA-seq,ENCFF114UGO,ENCFF430DVF,ENCFF430DVF,CL:0000897,"CD4-positive, alpha-beta memory T cell",total RNA-seq,encode,2
CL:0000897 total RNA-seq,ENCFF662WMN,ENCFF014YFU,ENCFF014YFU,CL:0000897,"CD4-positive, alpha-beta memory T cell",total RNA-seq,encode,2
CL:0000900 polyA plus RNA-seq,ENCFF105LQK,ENCFF995NEF,ENCFF995NEF,CL:0000900,"naive thymus-derived CD8-positive, alpha-beta T cell",polyA plus RNA-seq,encode,1
CL:0000900 polyA plus RNA-seq,ENCFF112KWD,ENCFF259TIE,ENCFF259TIE,CL:0000900,"naive thymus-derived CD8-positive, alpha-beta T cell",polyA plus RNA-seq,encode,1
CL:0000900 polyA plus RNA-seq,ENCFF112TZL,ENCFF664RDQ,ENCFF664RDQ,CL:0000900,"naive thymus-derived CD8-positive, alpha-beta T cell",polyA plus RNA-seq,encode,1
CL:0000900 polyA plus RNA-seq,ENCFF161DSK,ENCFF401TVK,ENCFF401TVK,CL:0000900,"naive thymus-derived CD8-positive, alpha-beta T cell",polyA plus RNA-seq,encode,1
CL:0000900 polyA plus RNA-seq,ENCFF750OOP,ENCFF201RLE,ENCFF201RLE,CL:0000900,"naive thymus-derived CD8-positive, alpha-beta T cell",polyA plus RNA-seq,encode,1
CL:0000900 polyA plus RNA-seq,ENCFF900LJN,ENCFF259EXX,ENCFF259EXX,CL:0000900,"naive thymus-derived CD8-positive, alpha-beta T cell",polyA plus RNA-seq,encode,1
CL:0000900 total RNA-seq,ENCFF799LEP,ENCFF291GNY,ENCFF291GNY,CL:0000900,"naive thymus-derived CD8-positive, alpha-beta T cell",total RNA-seq,encode,2
CL:0000900 total RNA-seq,ENCFF917GNV,ENCFF334KVA,ENCFF334KVA,CL:0000900,"naive thymus-derived CD8-positive, alpha-beta T cell",total RNA-seq,encode,2
CL:0000909 polyA plus RNA-seq,ENCFF052LZO,ENCFF010PER,ENCFF010PER,CL:0000909,"CD8-positive, alpha-beta memory T cell",polyA plus RNA-seq,encode,1
CL:0000909 polyA plus RNA-seq,ENCFF065BDP,ENCFF496QEP,ENCFF496QEP,CL:0000909,"CD8-positive, alpha-beta memory T cell",polyA plus RNA-seq,encode,1
CL:0000909 polyA plus RNA-seq,ENCFF537SFY,ENCFF918AOG,ENCFF918AOG,CL:0000909,"CD8-positive, alpha-beta memory T cell",polyA plus RNA-seq,encode,1
CL:0000909 polyA plus RNA-seq,ENCFF575MUZ,ENCFF470HTA,ENCFF470HTA,CL:0000909,"CD8-positive, alpha-beta memory T cell",polyA plus RNA-seq,encode,1
CL:0000909 polyA plus RNA-seq,ENCFF624FEC,ENCFF028ZKC,ENCFF028ZKC,CL:0000909,"CD8-positive, alpha-beta memory T cell",polyA plus RNA-seq,encode,1
CL:0000909 polyA plus RNA-seq,ENCFF823ABI,ENCFF343JCX,ENCFF343JCX,CL:0000909,"CD8-positive, alpha-beta memory T cell",polyA plus RNA-seq,encode,1
CL:0000909 total RNA-seq,ENCFF032LLH,ENCFF030XBO,ENCFF030XBO,CL:0000909,"CD8-positive, alpha-beta memory T cell",total RNA-seq,encode,2
CL:0000909 total RNA-seq,ENCFF196UDY,ENCFF684CHN,ENCFF684CHN,CL:0000909,"CD8-positive, alpha-beta memory T cell",total RNA-seq,encode,2
CL:0001053 polyA plus RNA-seq,ENCFF023CIG,ENCFF709BGZ,ENCFF709BGZ,CL:0001053,IgD-negative memory B cell,polyA plus RNA-seq,encode,1
CL:0001053 polyA plus RNA-seq,ENCFF068ZME,ENCFF050OBT,ENCFF050OBT,CL:0001053,IgD-negative memory B cell,polyA plus RNA-seq,encode,1
CL:0001053 polyA plus RNA-seq,ENCFF316KBH,ENCFF166OEV,ENCFF166OEV,CL:0001053,IgD-negative memory B cell,polyA plus RNA-seq,encode,1
CL:0001053 polyA plus RNA-seq,ENCFF477ENL,ENCFF532MCC,ENCFF532MCC,CL:0001053,IgD-negative memory B cell,polyA plus RNA-seq,encode,1
CL:0001053 polyA plus RNA-seq,ENCFF812ADO,ENCFF970CQA,ENCFF970CQA,CL:0001053,IgD-negative memory B cell,polyA plus RNA-seq,encode,1
CL:0001053 polyA plus RNA-seq,ENCFF955YBO,ENCFF894JRG,ENCFF894JRG,CL:0001053,IgD-negative memory B cell,polyA plus RNA-seq,encode,1
CL:0001054 polyA plus RNA-seq,ENCFF135UJT,ENCFF623LHV,ENCFF623LHV,CL:0001054,CD14-positive monocyte,polyA plus RNA-seq,encode,3
CL:0001054 polyA plus RNA-seq,ENCFF193JED,ENCFF023YXV,ENCFF023YXV,CL:0001054,CD14-positive monocyte,polyA plus RNA-seq,encode,3
CL:0001054 polyA plus RNA-seq,ENCFF220OHE,ENCFF946ZPT,ENCFF946ZPT,CL:0001054,CD14-positive monocyte,polyA plus RNA-seq,encode,3
CL:0001054 polyA plus RNA-seq,ENCFF244QEJ,ENCFF853SNW,ENCFF853SNW,CL:0001054,CD14-positive monocyte,polyA plus RNA-seq,encode,3
CL:0001054 polyA plus RNA-seq,ENCFF513XTK,ENCFF004DOF,ENCFF004DOF,CL:0001054,CD14-positive monocyte,polyA plus RNA-seq,encode,3
CL:0001054 polyA plus RNA-seq,ENCFF913IDF,ENCFF735XXE,ENCFF735XXE,CL:0001054,CD14-positive monocyte,polyA plus RNA-seq,encode,3
CL:0001054 polyA plus RNA-seq,ENCFF993TGD,ENCFF848ZVQ,ENCFF848ZVQ,CL:0001054,CD14-positive monocyte,polyA plus RNA-seq,encode,3
CL:0001059 polyA plus RNA-seq,ENCFF947ZLB,ENCFF333QAU,ENCFF333QAU,CL:0001059,"common myeloid progenitor, CD34-positive",polyA plus RNA-seq,encode,1
CL:0002306 total RNA-seq,ENCFF617FDC,ENCFF767MLU,ENCFF767MLU,CL:0002306,epithelial cell of proximal tubule,total RNA-seq,encode,2
CL:0002319 polyA plus RNA-seq,ENCFF620CSI,ENCFF986WTF,ENCFF986WTF,CL:0002319,neural cell,polyA plus RNA-seq,encode,2
CL:0002324 polyA plus RNA-seq,ENCFF745FXG,ENCFF470OCI,ENCFF470OCI,CL:0002324,myoepithelial cell of mammary gland,polyA plus RNA-seq,encode,2
CL:0002326 polyA plus RNA-seq,ENCFF054JWH,ENCFF261GFJ,ENCFF261GFJ,CL:0002326,luminal epithelial cell of mammary gland,polyA plus RNA-seq,encode,2
CL:0002327 polyA plus RNA-seq,ENCFF248IZE,ENCFF888MQS,ENCFF888MQS,CL:0002327,mammary epithelial cell,polyA plus RNA-seq,encode,2
CL:0002327 polyA plus RNA-seq,ENCFF548QRY,ENCFF300QBN,ENCFF300QBN,CL:0002327,mammary epithelial cell,polyA plus RNA-seq,encode,2
CL:0002327 total RNA-seq,ENCFF077MDV,ENCFF401YXF,ENCFF401YXF,CL:0002327,mammary epithelial cell,total RNA-seq,encode,2
CL:0002327 total RNA-seq,ENCFF512OQU,ENCFF096YBH,ENCFF096YBH,CL:0002327,mammary epithelial cell,total RNA-seq,encode,2
CL:0002328 total RNA-seq,ENCFF242NRP,ENCFF153YEN,ENCFF153YEN,CL:0002328,bronchial epithelial cell,total RNA-seq,encode,2
CL:0002366 total RNA-seq,ENCFF142ERS,ENCFF610DVT,ENCFF610DVT,CL:0002366,myometrial cell,total RNA-seq,encode,2
CL:0002368 total RNA-seq,ENCFF268FYN,ENCFF595CZA,ENCFF595CZA,CL:0002368,airway epithelial cell,total RNA-seq,encode,2
CL:0002372 total RNA-seq,ENCFF766RZP,ENCFF589DYO,ENCFF589DYO,CL:0002372,myotube,total RNA-seq,encode,2
CL:0002451 polyA plus RNA-seq,ENCFF409JJL,ENCFF261LJW,ENCFF261LJW,CL:0002451,mammary stem cell,polyA plus RNA-seq,encode,2
CL:0002518 total RNA-seq,ENCFF731FVY,ENCFF635XGR,ENCFF635XGR,CL:0002518,kidney epithelial cell,total RNA-seq,encode,2
CL:0002540 total RNA-seq,ENCFF997ZTN,ENCFF359MTP,ENCFF359MTP,CL:0002540,mesenchymal stem cell of the bone marrow,total RNA-seq,encode,2
CL:0002543 total RNA-seq,ENCFF175HEN,ENCFF143TXA,ENCFF143TXA,CL:0002543,vein endothelial cell,total RNA-seq,encode,2
CL:0002545 total RNA-seq,ENCFF266XOR,ENCFF805HMR,ENCFF805HMR,CL:0002545,thoracic aorta endothelial cell,total RNA-seq,encode,2
CL:0002547 total RNA-seq,ENCFF935KPA,ENCFF256ZZS,ENCFF256ZZS,CL:0002547,fibroblast of the aortic adventitia,total RNA-seq,encode,2
CL:0002551 total RNA-seq,ENCFF376KFP,ENCFF343FWG,ENCFF343FWG,CL:0002551,fibroblast of dermis,total RNA-seq,encode,2
CL:0002553 polyA plus RNA-seq,ENCFF201YGM,ENCFF036JNR,ENCFF036JNR,CL:0002553,fibroblast of lung,polyA plus RNA-seq,encode,3
CL:0002553 polyA plus RNA-seq,ENCFF744KRW,ENCFF664JII,ENCFF664JII,CL:0002553,fibroblast of lung,polyA plus RNA-seq,encode,3
CL:0002553 total RNA-seq,ENCFF898FAP,ENCFF556PAF,ENCFF556PAF,CL:0002553,fibroblast of lung,total RNA-seq,encode,2
CL:0002558 total RNA-seq,ENCFF999JNH,ENCFF649CUP,ENCFF649CUP,CL:0002558,fibroblast of villous mesenchyme,total RNA-seq,encode,2
CL:0002568 total RNA-seq,ENCFF969QLB,ENCFF492ICA,ENCFF492ICA,CL:0002568,mesenchymal stem cell of Wharton's jelly,total RNA-seq,encode,2
CL:0002570 total RNA-seq,ENCFF923NFZ,ENCFF653TAB,ENCFF653TAB,CL:0002570,mesenchymal stem cell of adipose,total RNA-seq,encode,2
CL:0002577 total RNA-seq,ENCFF584ZVO,ENCFF591NKN,ENCFF591NKN,CL:0002577,placental epithelial cell,total RNA-seq,encode,2
CL:0002583 total RNA-seq,ENCFF279CXA,ENCFF233TOO,ENCFF233TOO,CL:0002583,subcutaneous preadipocyte,total RNA-seq,encode,2
CL:0002618 polyA plus RNA-seq,ENCFF039WAK,ENCFF443EQZ,ENCFF443EQZ,CL:0002618,endothelial cell of umbilical vein,polyA plus RNA-seq,encode,3
CL:0002618 polyA plus RNA-seq,ENCFF523SST,ENCFF804BGA,ENCFF804BGA,CL:0002618,endothelial cell of umbilical vein,polyA plus RNA-seq,encode,3
CL:0002618 polyA plus RNA-seq,ENCFF546BFB,ENCFF032IMA,ENCFF032IMA,CL:0002618,endothelial cell of umbilical vein,polyA plus RNA-seq,encode,3
CL:0002618 polyA plus RNA-seq,ENCFF675NVY,ENCFF005LKD,ENCFF005LKD,CL:0002618,endothelial cell of umbilical vein,polyA plus RNA-seq,encode,3
CL:0002618 polyA plus RNA-seq,ENCFF701OMJ,ENCFF618GYZ,ENCFF618GYZ,CL:0002618,endothelial cell of umbilical vein,polyA plus RNA-seq,encode,3
CL:0002618 total RNA-seq,ENCFF948VKA,ENCFF118SVL,ENCFF118SVL,CL:0002618,endothelial cell of umbilical vein,total RNA-seq,encode,2
CL:0010002 total RNA-seq,ENCFF411NXG,ENCFF572FWT,ENCFF572FWT,CL:0010002,epithelial cell of umbilical artery,total RNA-seq,encode,2
CL:0010003 total RNA-seq,ENCFF403CJU,ENCFF734VZN,ENCFF734VZN,CL:0010003,epithelial cell of alveolus of lung,total RNA-seq,encode,2
CL:0011012 total RNA-seq,ENCFF069HBW,ENCFF024MEB,ENCFF024MEB,CL:0011012,neural crest cell,total RNA-seq,encode,2
CL:0011019 total RNA-seq,ENCFF327EHB,ENCFF992HAP,ENCFF992HAP,CL:0011019,mesothelial cell of epicardium,total RNA-seq,encode,2
CL:0011020 total RNA-seq,ENCFF056WDN,ENCFF403DKN,ENCFF403DKN,CL:0011020,neural progenitor cell,total RNA-seq,encode,2
CL:0011022 polyA plus RNA-seq,ENCFF452CER,ENCFF893OBW,ENCFF893OBW,CL:0011022,fibroblast of skin of back,polyA plus RNA-seq,encode,1
CL:0011022 polyA plus RNA-seq,ENCFF754RSP,ENCFF365LTY,ENCFF365LTY,CL:0011022,fibroblast of skin of back,polyA plus RNA-seq,encode,1
CL:1000458 total RNA-seq,ENCFF074YUJ,ENCFF723WDG,ENCFF723WDG,CL:1000458,melanocyte of skin,total RNA-seq,encode,2
CL:1000458 total RNA-seq,ENCFF498IEF,ENCFF230ZSG,ENCFF230ZSG,CL:1000458,melanocyte of skin,total RNA-seq,encode,2
CL:1001568 total RNA-seq,ENCFF225PNB,ENCFF520FAO,ENCFF520FAO,CL:1001568,pulmonary artery endothelial cell,total RNA-seq,encode,2
CL:1001606 polyA plus RNA-seq,ENCFF135TQB,ENCFF851BGA,ENCFF851BGA,CL:1001606,foreskin keratinocyte,polyA plus RNA-seq,encode,2
CL:1001606 polyA plus RNA-seq,ENCFF711RTC,ENCFF283IQC,ENCFF283IQC,CL:1001606,foreskin keratinocyte,polyA plus RNA-seq,encode,2
CL:1001608 polyA plus RNA-seq,ENCFF859KDV,ENCFF734OLC,ENCFF734OLC,CL:1001608,foreskin fibroblast,polyA plus RNA-seq,encode,2
CL:1001608 polyA plus RNA-seq,ENCFF897OSM,ENCFF744TRY,ENCFF744TRY,CL:1001608,foreskin fibroblast,polyA plus RNA-seq,encode,2
CL:2000001 polyA plus RNA-seq,ENCFF366OLW,ENCFF407ZDM,ENCFF407ZDM,CL:2000001,peripheral blood mononuclear cell,polyA plus RNA-seq,encode,2
CL:2000001 polyA plus RNA-seq,ENCFF800VST,ENCFF816BKU,ENCFF816BKU,CL:2000001,peripheral blood mononuclear cell,polyA plus RNA-seq,encode,2
CL:2000007 total RNA-seq,ENCFF701DRY,ENCFF314QIG,ENCFF314QIG,CL:2000007,articular chondrocyte of knee joint,total RNA-seq,encode,2
CL:2000010 total RNA-seq,ENCFF465EDA,ENCFF366CCB,ENCFF366CCB,CL:2000010,dermis blood vessel endothelial cell,total RNA-seq,encode,2
CL:2000011 total RNA-seq,ENCFF152CYS,ENCFF805UDX,ENCFF805UDX,CL:2000011,dermis lymphatic vessel endothelial cell,total RNA-seq,encode,2
CL:2000013 polyA plus RNA-seq,ENCFF050LMR,ENCFF838WFU,ENCFF838WFU,CL:2000013,fibroblast of skin of abdomen,polyA plus RNA-seq,encode,1
CL:2000013 polyA plus RNA-seq,ENCFF467DPQ,ENCFF032EUU,ENCFF032EUU,CL:2000013,fibroblast of skin of abdomen,polyA plus RNA-seq,encode,1
CL:2000016 total RNA-seq,ENCFF160GXU,ENCFF618FQK,ENCFF618FQK,CL:2000016,lung microvascular endothelial cell,total RNA-seq,encode,2
CL:2000040 total RNA-seq,ENCFF731CJY,ENCFF168OLY,ENCFF168OLY,CL:2000040,bladder microvascular endothelial cell,total RNA-seq,encode,2
CL:2000041 total RNA-seq,ENCFF900QOK,ENCFF079OMS,ENCFF079OMS,CL:2000041,dermis microvascular lymphatic vessel endothelial cell,total RNA-seq,encode,2
CL:2000045 polyA plus RNA-seq,ENCFF391HHX,ENCFF814YUZ,ENCFF814YUZ,CL:2000045,foreskin melanocyte,polyA plus RNA-seq,encode,2
CL:2000045 polyA plus RNA-seq,ENCFF963NNL,ENCFF730BTN,ENCFF730BTN,CL:2000045,foreskin melanocyte,polyA plus RNA-seq,encode,2
CL:2000066 total RNA-seq,ENCFF899ITD,ENCFF287LRZ,ENCFF287LRZ,CL:2000066,cardiac ventricle fibroblast,total RNA-seq,encode,2
CL:2000067 total RNA-seq,ENCFF490PQX,ENCFF417PPZ,ENCFF417PPZ,CL:2000067,cardiac atrium fibroblast,total RNA-seq,encode,2
CL:2000068 total RNA-seq,ENCFF253MOQ,ENCFF462KTY,ENCFF462KTY,CL:2000068,pericardium fibroblast,total RNA-seq,encode,2
CL:2000071 total RNA-seq,ENCFF015QYZ,ENCFF818BRP,ENCFF818BRP,CL:2000071,mammary microvascular endothelial cell,total RNA-seq,encode,2
CL:2000078 total RNA-seq,ENCFF808GOE,ENCFF779FMR,ENCFF779FMR,CL:2000078,placental pericyte,total RNA-seq,encode,2
CL:2000092 total RNA-seq,ENCFF015XFX,ENCFF544MJM,ENCFF544MJM,CL:2000092,hair follicular keratinocyte,total RNA-seq,encode,2
CL:2000093 total RNA-seq,ENCFF434HUT,ENCFF383RPD,ENCFF383RPD,CL:2000093,bronchus fibroblast of lung,total RNA-seq,encode,2
CL:2000094 total RNA-seq,ENCFF708BZY,ENCFF114NWW,ENCFF114NWW,CL:2000094,nasal cavity respiratory epithelium epithelial cell of viscerocranial mucosa,total RNA-seq,encode,2
CLO:0007045 polyA plus RNA-seq,ENCFF391TNI,ENCFF549SVZ,ENCFF549SVZ,CLO:0007045,"Jurkat, Clone E6-1",polyA plus RNA-seq,encode,1
EFO:0001086 polyA plus RNA-seq,ENCFF009MEF,ENCFF771QOV,ENCFF771QOV,EFO:0001086,A549,polyA plus RNA-seq,encode,2
EFO:0001086 polyA plus RNA-seq,ENCFF284LBU,ENCFF409JEW,ENCFF409JEW,EFO:0001086,A549,polyA plus RNA-seq,encode,2
EFO:0001086 polyA plus RNA-seq,ENCFF313MIX,ENCFF181YIA,ENCFF181YIA,EFO:0001086,A549,polyA plus RNA-seq,encode,2
EFO:0001086 polyA plus RNA-seq,ENCFF511EQD,ENCFF263CML,ENCFF263CML,EFO:0001086,A549,polyA plus RNA-seq,encode,2
EFO:0001086 polyA plus RNA-seq,ENCFF687OMX,ENCFF575YME,ENCFF575YME,EFO:0001086,A549,polyA plus RNA-seq,encode,2
EFO:0001086 polyA plus RNA-seq,ENCFF749PME,ENCFF808QXI,ENCFF808QXI,EFO:0001086,A549,polyA plus RNA-seq,encode,2
EFO:0001086 polyA plus RNA-seq,ENCFF964FBY,ENCFF717ESE,ENCFF717ESE,EFO:0001086,A549,polyA plus RNA-seq,encode,2
EFO:0001099 total RNA-seq,ENCFF298BEF,ENCFF144BNP,ENCFF144BNP,EFO:0001099,Caco-2,total RNA-seq,encode,2
EFO:0001187 polyA plus RNA-seq,ENCFF281BBM,ENCFF431NUC,ENCFF431NUC,EFO:0001187,HepG2,polyA plus RNA-seq,encode,3
EFO:0001187 polyA plus RNA-seq,ENCFF302OVH,ENCFF696GRP,ENCFF696GRP,EFO:0001187,HepG2,polyA plus RNA-seq,encode,3
EFO:0001187 polyA plus RNA-seq,ENCFF318GOT,ENCFF808EKP,ENCFF808EKP,EFO:0001187,HepG2,polyA plus RNA-seq,encode,3
EFO:0001187 polyA plus RNA-seq,ENCFF410NOU,ENCFF995HXY,ENCFF995HXY,EFO:0001187,HepG2,polyA plus RNA-seq,encode,3
EFO:0001187 polyA plus RNA-seq,ENCFF588KDY,ENCFF801PRP,ENCFF801PRP,EFO:0001187,HepG2,polyA plus RNA-seq,encode,3
EFO:0001187 polyA plus RNA-seq,ENCFF740YZB,ENCFF917RKL,ENCFF917RKL,EFO:0001187,HepG2,polyA plus RNA-seq,encode,3
EFO:0001187 polyA plus RNA-seq,ENCFF761SPP,ENCSR561FEE,ENCFF917RKL,EFO:0001187,HepG2,polyA plus RNA-seq,encode,3
EFO:0001187 polyA plus RNA-seq,ENCFF812GYC,ENCFF626VIR,ENCFF626VIR,EFO:0001187,HepG2,polyA plus RNA-seq,encode,3
EFO:0001187 polyA plus RNA-seq,ENCFF923RZX,ENCFF856SMT,ENCFF856SMT,EFO:0001187,HepG2,polyA plus RNA-seq,encode,3
EFO:0001187 polyA plus RNA-seq,ENCFF927NZL,ENCFF518DFP,ENCFF518DFP,EFO:0001187,HepG2,polyA plus RNA-seq,encode,3
EFO:0001187 polyA plus RNA-seq,ENCFF938SSN,ENCFF831HGM,ENCFF831HGM,EFO:0001187,HepG2,polyA plus RNA-seq,encode,3
EFO:0001187 polyA plus RNA-seq,ENCFF947VHW,ENCFF065PJM,ENCFF065PJM,EFO:0001187,HepG2,polyA plus RNA-seq,encode,3
EFO:0001187 total RNA-seq,ENCFF036PUS,ENCFF990JTR,ENCFF990JTR,EFO:0001187,HepG2,total RNA-seq,encode,2
EFO:0001187 total RNA-seq,ENCFF161XMM,ENCFF495AAX,ENCFF495AAX,EFO:0001187,HepG2,total RNA-seq,encode,2
EFO:0001187 total RNA-seq,ENCFF286SDY,ENCFF581ZGH,ENCFF581ZGH,EFO:0001187,HepG2,total RNA-seq,encode,2
EFO:0001187 total RNA-seq,ENCFF376ALQ,ENCFF853VJV,ENCFF853VJV,EFO:0001187,HepG2,total RNA-seq,encode,2
EFO:0001187 total RNA-seq,ENCFF552ETT,ENCFF994NAN,ENCFF994NAN,EFO:0001187,HepG2,total RNA-seq,encode,2
EFO:0001187 total RNA-seq,ENCFF660EXG,ENCFF908VIH,ENCFF908VIH,EFO:0001187,HepG2,total RNA-seq,encode,2
EFO:0001193 total RNA-seq,ENCFF928EJA,ENCFF045DIU,ENCFF045DIU,EFO:0001193,HT-29,total RNA-seq,encode,2
EFO:0001196 polyA plus RNA-seq,ENCFF560TMJ,ENCFF096YGQ,ENCFF096YGQ,EFO:0001196,IMR-90,polyA plus RNA-seq,encode,2
EFO:0001196 polyA plus RNA-seq,ENCFF763NIZ,ENCFF236YOT,ENCFF236YOT,EFO:0001196,IMR-90,polyA plus RNA-seq,encode,2
EFO:0001196 polyA plus RNA-seq,ENCFF768XGT,ENCFF705NPF,ENCFF705NPF,EFO:0001196,IMR-90,polyA plus RNA-seq,encode,2
EFO:0001196 total RNA-seq,ENCFF027FUC,ENCFF722TDX,ENCFF722TDX,EFO:0001196,IMR-90,total RNA-seq,encode,2
EFO:0001196 total RNA-seq,ENCFF180UNN,ENCFF188MTB,ENCFF188MTB,EFO:0001196,IMR-90,total RNA-seq,encode,2
EFO:0001196 total RNA-seq,ENCFF775WKB,ENCFF087WJT,ENCFF087WJT,EFO:0001196,IMR-90,total RNA-seq,encode,2
EFO:0001200 total RNA-seq,ENCFF290MLG,ENCFF458ASG,ENCFF458ASG,EFO:0001200,MCF 10A,total RNA-seq,encode,2
EFO:0001203 polyA plus RNA-seq,ENCFF125YQH,ENCFF229AJQ,ENCFF229AJQ,EFO:0001203,MCF-7,polyA plus RNA-seq,encode,3
EFO:0001203 polyA plus RNA-seq,ENCFF159NNM,ENCFF795XIC,ENCFF795XIC,EFO:0001203,MCF-7,polyA plus RNA-seq,encode,3
EFO:0001203 polyA plus RNA-seq,ENCFF534TOF,ENCFF808PHI,ENCFF808PHI,EFO:0001203,MCF-7,polyA plus RNA-seq,encode,3
EFO:0001203 polyA plus RNA-seq,ENCFF844QFX,ENCFF297JKU,ENCFF297JKU,EFO:0001203,MCF-7,polyA plus RNA-seq,encode,3
EFO:0001203 total RNA-seq,ENCFF136ANW,ENCFF301XEH,ENCFF301XEH,EFO:0001203,MCF-7,total RNA-seq,encode,2
EFO:0002059 polyA plus RNA-seq,ENCFF269KFI,ENCFF686YTX,ENCFF686YTX,EFO:0002059,HT1080,polyA plus RNA-seq,encode,2
EFO:0002059 polyA plus RNA-seq,ENCFF923CBT,ENCFF225USB,ENCFF225USB,EFO:0002059,HT1080,polyA plus RNA-seq,encode,2
EFO:0002059 total RNA-seq,ENCFF729KWM,ENCFF790DEA,ENCFF790DEA,EFO:0002059,HT1080,total RNA-seq,encode,2
EFO:0002067 polyA plus RNA-seq,ENCFF028IUE,ENCFF544ZDA,ENCFF544ZDA,EFO:0002067,K562,polyA plus RNA-seq,encode,3
EFO:0002067 polyA plus RNA-seq,ENCFF059EED,ENCFF982YRZ,ENCFF982YRZ,EFO:0002067,K562,polyA plus RNA-seq,encode,3
EFO:0002067 polyA plus RNA-seq,ENCFF315VRZ,ENCFF113MGH,ENCFF113MGH,EFO:0002067,K562,polyA plus RNA-seq,encode,3
EFO:0002067 polyA plus RNA-seq,ENCFF327DXV,ENCFF669RVI,ENCFF669RVI,EFO:0002067,K562,polyA plus RNA-seq,encode,3
EFO:0002067 polyA plus RNA-seq,ENCFF342CXC,ENCFF199MXA,ENCFF199MXA,EFO:0002067,K562,polyA plus RNA-seq,encode,3
EFO:0002067 polyA plus RNA-seq,ENCFF350QYH,ENCFF136ZVX,ENCFF136ZVX,EFO:0002067,K562,polyA plus RNA-seq,encode,3
EFO:0002067 polyA plus RNA-seq,ENCFF357ZHP,ENCFF860AKE,ENCFF860AKE,EFO:0002067,K562,polyA plus RNA-seq,encode,3
EFO:0002067 polyA plus RNA-seq,ENCFF387XMN,ENCFF722OTS,ENCFF722OTS,EFO:0002067,K562,polyA plus RNA-seq,encode,3
EFO:0002067 polyA plus RNA-seq,ENCFF578UUD,ENCFF991BRF,ENCFF991BRF,EFO:0002067,K562,polyA plus RNA-seq,encode,3
EFO:0002067 polyA plus RNA-seq,ENCFF648WGJ,ENCFF407ZDP,ENCFF407ZDP,EFO:0002067,K562,polyA plus RNA-seq,encode,3
EFO:0002067 polyA plus RNA-seq,ENCFF688VJF,ENCFF769VLM,ENCFF769VLM,EFO:0002067,K562,polyA plus RNA-seq,encode,3
EFO:0002067 polyA plus RNA-seq,ENCFF754JEN,ENCFF132DVY,ENCFF132DVY,EFO:0002067,K562,polyA plus RNA-seq,encode,3
EFO:0002067 polyA plus RNA-seq,ENCFF762IMM,ENCFF594PZM,ENCFF594PZM,EFO:0002067,K562,polyA plus RNA-seq,encode,3
EFO:0002067 polyA plus RNA-seq,ENCFF850LBX,ENCFF516KYO,ENCFF516KYO,EFO:0002067,K562,polyA plus RNA-seq,encode,3
EFO:0002067 polyA plus RNA-seq,ENCFF864OUS,ENCFF552CYS,ENCFF552CYS,EFO:0002067,K562,polyA plus RNA-seq,encode,3
EFO:0002067 polyA plus RNA-seq,ENCFF881ZVB,ENCFF311UQI,ENCFF311UQI,EFO:0002067,K562,polyA plus RNA-seq,encode,3
EFO:0002067 polyA plus RNA-seq,ENCFF950KXS,ENCFF119ONM,ENCFF119ONM,EFO:0002067,K562,polyA plus RNA-seq,encode,3
EFO:0002067 total RNA-seq,ENCFF021ZXF,ENCFF246QLC,ENCFF246QLC,EFO:0002067,K562,total RNA-seq,encode,2
EFO:0002067 total RNA-seq,ENCFF024KOW,ENCFF221JZR,ENCFF221JZR,EFO:0002067,K562,total RNA-seq,encode,2
EFO:0002067 total RNA-seq,ENCFF037PQJ,ENCFF710BHJ,ENCFF710BHJ,EFO:0002067,K562,total RNA-seq,encode,2
EFO:0002067 total RNA-seq,ENCFF081EIW,ENCFF652PJM,ENCFF652PJM,EFO:0002067,K562,total RNA-seq,encode,2
EFO:0002067 total RNA-seq,ENCFF095ZWS,ENCFF219KLR,ENCFF219KLR,EFO:0002067,K562,total RNA-seq,encode,2
EFO:0002067 total RNA-seq,ENCFF124RNM,ENCFF047ADC,ENCFF047ADC,EFO:0002067,K562,total RNA-seq,encode,2
EFO:0002067 total RNA-seq,ENCFF190TYL,ENCFF206GMC,ENCFF206GMC,EFO:0002067,K562,total RNA-seq,encode,2
EFO:0002067 total RNA-seq,ENCFF204KIH,ENCFF124AUH,ENCFF124AUH,EFO:0002067,K562,total RNA-seq,encode,2
EFO:0002067 total RNA-seq,ENCFF219JME,ENCFF919EXM,ENCFF919EXM,EFO:0002067,K562,total RNA-seq,encode,2
EFO:0002067 total RNA-seq,ENCFF219MHK,ENCFF719RAL,ENCFF719RAL,EFO:0002067,K562,total RNA-seq,encode,2
EFO:0002067 total RNA-seq,ENCFF283LWN,ENCFF933QBC,ENCFF933QBC,EFO:0002067,K562,total RNA-seq,encode,2
EFO:0002067 total RNA-seq,ENCFF307EFI,ENCFF685VLN,ENCFF685VLN,EFO:0002067,K562,total RNA-seq,encode,2
EFO:0002067 total RNA-seq,ENCFF349JGI,ENCFF944XYT,ENCFF944XYT,EFO:0002067,K562,total RNA-seq,encode,2
EFO:0002067 total RNA-seq,ENCFF361SIG,ENCFF132EEP,ENCFF132EEP,EFO:0002067,K562,total RNA-seq,encode,2
EFO:0002067 total RNA-seq,ENCFF364SJR,ENCFF333PSK,ENCFF333PSK,EFO:0002067,K562,total RNA-seq,encode,2
EFO:0002067 total RNA-seq,ENCFF393NNN,ENCFF057IIF,ENCFF057IIF,EFO:0002067,K562,total RNA-seq,encode,2
EFO:0002067 total RNA-seq,ENCFF415RZK,ENCFF179DDD,ENCFF179DDD,EFO:0002067,K562,total RNA-seq,encode,2
EFO:0002067 total RNA-seq,ENCFF434RYT,ENCFF436OWO,ENCFF436OWO,EFO:0002067,K562,total RNA-seq,encode,2
EFO:0002067 total RNA-seq,ENCFF454HPK,ENCFF940DUI,ENCFF940DUI,EFO:0002067,K562,total RNA-seq,encode,2
EFO:0002067 total RNA-seq,ENCFF458TDU,ENCFF856KPS,ENCFF856KPS,EFO:0002067,K562,total RNA-seq,encode,2
EFO:0002067 total RNA-seq,ENCFF464XFU,ENCFF385SAC,ENCFF385SAC,EFO:0002067,K562,total RNA-seq,encode,2
EFO:0002067 total RNA-seq,ENCFF471MIL,ENCFF432UNL,ENCFF432UNL,EFO:0002067,K562,total RNA-seq,encode,2
EFO:0002067 total RNA-seq,ENCFF473DXC,ENCFF444LLL,ENCFF444LLL,EFO:0002067,K562,total RNA-seq,encode,2
EFO:0002067 total RNA-seq,ENCFF477IRF,ENCFF274KQB,ENCFF274KQB,EFO:0002067,K562,total RNA-seq,encode,2
EFO:0002067 total RNA-seq,ENCFF481ZHF,ENCFF876APW,ENCFF876APW,EFO:0002067,K562,total RNA-seq,encode,2
EFO:0002067 total RNA-seq,ENCFF503ORS,ENCFF988LZV,ENCFF988LZV,EFO:0002067,K562,total RNA-seq,encode,2
EFO:0002067 total RNA-seq,ENCFF545HYK,ENCFF290WID,ENCFF290WID,EFO:0002067,K562,total RNA-seq,encode,2
EFO:0002067 total RNA-seq,ENCFF563CVU,ENCFF117CTU,ENCFF117CTU,EFO:0002067,K562,total RNA-seq,encode,2
EFO:0002067 total RNA-seq,ENCFF572ROX,ENCFF817LFV,ENCFF817LFV,EFO:0002067,K562,total RNA-seq,encode,2
EFO:0002067 total RNA-seq,ENCFF572UZE,ENCFF466NAU,ENCFF466NAU,EFO:0002067,K562,total RNA-seq,encode,2
EFO:0002067 total RNA-seq,ENCFF593OHC,ENCFF837YDW,ENCFF837YDW,EFO:0002067,K562,total RNA-seq,encode,2
EFO:0002067 total RNA-seq,ENCFF595XJM,ENCFF980ZHM,ENCFF980ZHM,EFO:0002067,K562,total RNA-seq,encode,2
EFO:0002067 total RNA-seq,ENCFF598QLB,ENCFF289VET,ENCFF289VET,EFO:0002067,K562,total RNA-seq,encode,2
EFO:0002067 total RNA-seq,ENCFF619BDM,ENCFF082CYK,ENCFF082CYK,EFO:0002067,K562,total RNA-seq,encode,2
EFO:0002067 total RNA-seq,ENCFF630BFB,ENCFF496TSR,ENCFF496TSR,EFO:0002067,K562,total RNA-seq,encode,2
EFO:0002067 total RNA-seq,ENCFF736ASV,ENCFF574YPE,ENCFF574YPE,EFO:0002067,K562,total RNA-seq,encode,2
EFO:0002067 total RNA-seq,ENCFF751UKE,ENCFF952UWM,ENCFF952UWM,EFO:0002067,K562,total RNA-seq,encode,2
EFO:0002067 total RNA-seq,ENCFF789YHW,ENCFF127NDE,ENCFF127NDE,EFO:0002067,K562,total RNA-seq,encode,2
EFO:0002067 total RNA-seq,ENCFF793LYB,ENCFF886LMB,ENCFF886LMB,EFO:0002067,K562,total RNA-seq,encode,2
EFO:0002067 total RNA-seq,ENCFF798TOL,ENCFF893RLE,ENCFF893RLE,EFO:0002067,K562,total RNA-seq,encode,2
EFO:0002067 total RNA-seq,ENCFF818YGY,ENCFF347OLB,ENCFF347OLB,EFO:0002067,K562,total RNA-seq,encode,2
EFO:0002067 total RNA-seq,ENCFF833WFD,ENCFF585HTZ,ENCFF585HTZ,EFO:0002067,K562,total RNA-seq,encode,2
EFO:0002067 total RNA-seq,ENCFF858LMW,ENCFF557CLI,ENCFF557CLI,EFO:0002067,K562,total RNA-seq,encode,2
EFO:0002067 total RNA-seq,ENCFF858VUL,ENCFF642WCG,ENCFF642WCG,EFO:0002067,K562,total RNA-seq,encode,2
EFO:0002067 total RNA-seq,ENCFF861FRF,ENCFF205IED,ENCFF205IED,EFO:0002067,K562,total RNA-seq,encode,2
EFO:0002067 total RNA-seq,ENCFF878VKZ,ENCFF346AHI,ENCFF346AHI,EFO:0002067,K562,total RNA-seq,encode,2
EFO:0002067 total RNA-seq,ENCFF883VBS,ENCFF689GBG,ENCFF689GBG,EFO:0002067,K562,total RNA-seq,encode,2
EFO:0002067 total RNA-seq,ENCFF923JKS,ENCFF366NWQ,ENCFF366NWQ,EFO:0002067,K562,total RNA-seq,encode,2
EFO:0002067 total RNA-seq,ENCFF927OMA,ENCFF583FIC,ENCFF583FIC,EFO:0002067,K562,total RNA-seq,encode,2
EFO:0002067 total RNA-seq,ENCFF932MJL,ENCFF312ZLI,ENCFF312ZLI,EFO:0002067,K562,total RNA-seq,encode,2
EFO:0002067 total RNA-seq,ENCFF960KHZ,ENCFF344YVW,ENCFF344YVW,EFO:0002067,K562,total RNA-seq,encode,2
EFO:0002067 total RNA-seq,ENCFF961IGN,ENCFF496WON,ENCFF496WON,EFO:0002067,K562,total RNA-seq,encode,2
EFO:0002067 total RNA-seq,ENCFF986ZVF,ENCFF065NBH,ENCFF065NBH,EFO:0002067,K562,total RNA-seq,encode,2
EFO:0002067 total RNA-seq,ENCFF992CSK,ENCFF278EZT,ENCFF278EZT,EFO:0002067,K562,total RNA-seq,encode,2
EFO:0002074 total RNA-seq,ENCFF634ZNK,ENCFF737SYB,ENCFF737SYB,EFO:0002074,PC-3,total RNA-seq,encode,2
EFO:0002074 total RNA-seq,ENCFF874CFD,ENCFF702XYL,ENCFF702XYL,EFO:0002074,PC-3,total RNA-seq,encode,2
EFO:0002101 total RNA-seq,ENCFF572PHO,ENCFF228AHT,ENCFF228AHT,EFO:0002101,A172,total RNA-seq,encode,2
EFO:0002103 total RNA-seq,ENCFF041WVF,ENCFF280YRS,ENCFF280YRS,EFO:0002103,A375,total RNA-seq,encode,2
EFO:0002106 total RNA-seq,ENCFF460RWK,ENCFF274TDF,ENCFF274TDF,EFO:0002106,A673,total RNA-seq,encode,2
EFO:0002150 total RNA-seq,ENCFF403IZE,ENCFF591XND,ENCFF591XND,EFO:0002150,Caki2,total RNA-seq,encode,2
EFO:0002179 total RNA-seq,ENCFF348EEJ,ENCFF125TVD,ENCFF125TVD,EFO:0002179,G401,total RNA-seq,encode,2
EFO:0002184 total RNA-seq,ENCFF068XDC,ENCFF965MBA,ENCFF965MBA,EFO:0002184,H4,total RNA-seq,encode,2
EFO:0002234 total RNA-seq,ENCFF010UKB,ENCFF974CXF,ENCFF974CXF,EFO:0002234,MG63,total RNA-seq,encode,2
EFO:0002330 total RNA-seq,ENCFF325DUK,ENCFF318MTJ,ENCFF318MTJ,EFO:0002330,SJSA1,total RNA-seq,encode,2
EFO:0002713 polyA plus RNA-seq,ENCFF257MUY,ENCFF142KMX,ENCFF142KMX,EFO:0002713,Panc1,polyA plus RNA-seq,encode,1
EFO:0002713 total RNA-seq,ENCFF602HCV,ENCFF962EZE,ENCFF962EZE,EFO:0002713,Panc1,total RNA-seq,encode,2
EFO:0002779 polyA plus RNA-seq,ENCFF471OWY,ENCFF829TKX,ENCFF829TKX,EFO:0002779,BJ,polyA plus RNA-seq,encode,2
EFO:0002784 polyA plus RNA-seq,ENCFF053HTJ,ENCFF279MVV,ENCFF279MVV,EFO:0002784,GM12878,polyA plus RNA-seq,encode,3
EFO:0002784 polyA plus RNA-seq,ENCFF057NDA,ENCFF463TDW,ENCFF463TDW,EFO:0002784,GM12878,polyA plus RNA-seq,encode,3
EFO:0002784 polyA plus RNA-seq,ENCFF140UJC,ENCFF812WIL,ENCFF812WIL,EFO:0002784,GM12878,polyA plus RNA-seq,encode,3
EFO:0002784 polyA plus RNA-seq,ENCFF150MRJ,ENCFF142WGV,ENCFF142WGV,EFO:0002784,GM12878,polyA plus RNA-seq,encode,3
EFO:0002784 polyA plus RNA-seq,ENCFF156YPU,ENCFF684NXV,ENCFF684NXV,EFO:0002784,GM12878,polyA plus RNA-seq,encode,3
EFO:0002784 polyA plus RNA-seq,ENCFF277QKF,ENCFF073NKN,ENCFF073NKN,EFO:0002784,GM12878,polyA plus RNA-seq,encode,3
EFO:0002784 polyA plus RNA-seq,ENCFF311RKY,ENCFF914IXY,ENCFF914IXY,EFO:0002784,GM12878,polyA plus RNA-seq,encode,3
EFO:0002784 polyA plus RNA-seq,ENCFF450ZKQ,ENCFF047KOP,ENCFF047KOP,EFO:0002784,GM12878,polyA plus RNA-seq,encode,3
EFO:0002784 polyA plus RNA-seq,ENCFF729OOW,ENCFF617ZDV,ENCFF617ZDV,EFO:0002784,GM12878,polyA plus RNA-seq,encode,3
EFO:0002784 polyA plus RNA-seq,ENCFF762YBF,ENCFF696CDU,ENCFF696CDU,EFO:0002784,GM12878,polyA plus RNA-seq,encode,3
EFO:0002784 polyA plus RNA-seq,ENCFF949BCP,ENCFF678ITA,ENCFF678ITA,EFO:0002784,GM12878,polyA plus RNA-seq,encode,3
EFO:0002784 polyA plus RNA-seq,ENCFF993NSG,ENCFF983FMY,ENCFF983FMY,EFO:0002784,GM12878,polyA plus RNA-seq,encode,3
EFO:0002784 total RNA-seq,ENCFF183DAT,ENCFF853JVS,ENCFF853JVS,EFO:0002784,GM12878,total RNA-seq,encode,2
EFO:0002784 total RNA-seq,ENCFF381QCU,ENCFF993POP,ENCFF993POP,EFO:0002784,GM12878,total RNA-seq,encode,2
EFO:0002784 total RNA-seq,ENCFF563OCX,ENCFF470BSF,ENCFF470BSF,EFO:0002784,GM12878,total RNA-seq,encode,2
EFO:0002784 total RNA-seq,ENCFF626GVO,ENCFF782HFV,ENCFF782HFV,EFO:0002784,GM12878,total RNA-seq,encode,2
EFO:0002784 total RNA-seq,ENCFF800HIP,ENCFF509KPQ,ENCFF509KPQ,EFO:0002784,GM12878,total RNA-seq,encode,2
EFO:0002785 polyA plus RNA-seq,ENCFF728FRI,ENCFF987SCM,ENCFF987SCM,EFO:0002785,GM12891,polyA plus RNA-seq,encode,1
EFO:0002786 polyA plus RNA-seq,ENCFF421USV,ENCFF659BXA,ENCFF659BXA,EFO:0002786,GM12892,polyA plus RNA-seq,encode,1
EFO:0002791 polyA plus RNA-seq,ENCFF118WJD,ENCFF425GMM,ENCFF425GMM,EFO:0002791,HeLa-S3,polyA plus RNA-seq,encode,3
EFO:0002791 polyA plus RNA-seq,ENCFF177JCJ,ENCFF708PAF,ENCFF708PAF,EFO:0002791,HeLa-S3,polyA plus RNA-seq,encode,3
EFO:0002791 polyA plus RNA-seq,ENCFF181XMI,ENCFF515VVS,ENCFF515VVS,EFO:0002791,HeLa-S3,polyA plus RNA-seq,encode,3
EFO:0002791 polyA plus RNA-seq,ENCFF781CJU,ENCFF150UWD,ENCFF150UWD,EFO:0002791,HeLa-S3,polyA plus RNA-seq,encode,3
EFO:0002791 polyA plus RNA-seq,ENCFF796WEV,ENCFF587FSZ,ENCFF587FSZ,EFO:0002791,HeLa-S3,polyA plus RNA-seq,encode,3
EFO:0002819 total RNA-seq,ENCFF264PUE,ENCFF873UUS,ENCFF873UUS,EFO:0002819,Calu3,total RNA-seq,encode,2
EFO:0002824 polyA plus RNA-seq,ENCFF074RGC,ENCFF069PST,ENCFF069PST,EFO:0002824,HCT116,polyA plus RNA-seq,encode,1
EFO:0002824 total RNA-seq,ENCFF766TYC,ENCFF087ORU,ENCFF087ORU,EFO:0002824,HCT116,total RNA-seq,encode,2
EFO:0002847 total RNA-seq,ENCFF816UQV,ENCFF682NDW,ENCFF682NDW,EFO:0002847,PC-9,total RNA-seq,encode,2
EFO:0003042 polyA plus RNA-seq,ENCFF074PZH,ENCFF587OLO,ENCFF587OLO,EFO:0003042,H1,polyA plus RNA-seq,encode,3
EFO:0003042 polyA plus RNA-seq,ENCFF081FQX,ENCFF501KFP,ENCFF501KFP,EFO:0003042,H1,polyA plus RNA-seq,encode,3
EFO:0003042 polyA plus RNA-seq,ENCFF128HEW,ENCFF729MSA,ENCFF729MSA,EFO:0003042,H1,polyA plus RNA-seq,encode,3
EFO:0003042 polyA plus RNA-seq,ENCFF187WYJ,ENCFF636VGI,ENCFF636VGI,EFO:0003042,H1,polyA plus RNA-seq,encode,3
EFO:0003042 polyA plus RNA-seq,ENCFF256NJU,ENCFF190ZWO,ENCFF190ZWO,EFO:0003042,H1,polyA plus RNA-seq,encode,3
EFO:0003042 polyA plus RNA-seq,ENCFF289OVP,ENCFF222BDI,ENCFF222BDI,EFO:0003042,H1,polyA plus RNA-seq,encode,3
EFO:0003042 polyA plus RNA-seq,ENCFF323OQO,ENCFF687EZU,ENCFF687EZU,EFO:0003042,H1,polyA plus RNA-seq,encode,3
EFO:0003042 polyA plus RNA-seq,ENCFF634BHM,ENCFF238RLU,ENCFF238RLU,EFO:0003042,H1,polyA plus RNA-seq,encode,3
EFO:0003042 polyA plus RNA-seq,ENCFF740XHN,ENCFF368FFC,ENCFF368FFC,EFO:0003042,H1,polyA plus RNA-seq,encode,3
EFO:0003042 total RNA-seq,ENCFF379NOY,ENCFF031QGE,ENCFF031QGE,EFO:0003042,H1,total RNA-seq,encode,2
EFO:0003042 total RNA-seq,ENCFF473RTG,ENCFF257QQB,ENCFF257QQB,EFO:0003042,H1,total RNA-seq,encode,2
EFO:0003042 total RNA-seq,ENCFF729LDK,ENCFF811FXS,ENCFF811FXS,EFO:0003042,H1,total RNA-seq,encode,2
EFO:0003044 polyA plus RNA-seq,ENCFF293WHV,ENCFF304TWT,ENCFF304TWT,EFO:0003044,NCI-H460,polyA plus RNA-seq,encode,2
EFO:0003044 polyA plus RNA-seq,ENCFF921NQC,ENCFF086IIB,ENCFF086IIB,EFO:0003044,NCI-H460,polyA plus RNA-seq,encode,2
EFO:0003044 total RNA-seq,ENCFF303NBU,ENCFF695GPR,ENCFF695GPR,EFO:0003044,NCI-H460,total RNA-seq,encode,2
EFO:0003045 total RNA-seq,ENCFF308FKQ,ENCFF920HIF,ENCFF920HIF,EFO:0003045,H9,total RNA-seq,encode,2
EFO:0003072 polyA plus RNA-seq,ENCFF279CBC,ENCFF038WPL,ENCFF038WPL,EFO:0003072,SK-N-SH,polyA plus RNA-seq,encode,3
EFO:0003072 polyA plus RNA-seq,ENCFF398LLD,ENCFF031HEW,ENCFF031HEW,EFO:0003072,SK-N-SH,polyA plus RNA-seq,encode,3
EFO:0003072 polyA plus RNA-seq,ENCFF437DAI,ENCFF256CAM,ENCFF256CAM,EFO:0003072,SK-N-SH,polyA plus RNA-seq,encode,3
EFO:0003072 polyA plus RNA-seq,ENCFF564QXH,ENCFF217KTR,ENCFF217KTR,EFO:0003072,SK-N-SH,polyA plus RNA-seq,encode,3
EFO:0003072 polyA plus RNA-seq,ENCFF666OAW,ENCFF601EJS,ENCFF601EJS,EFO:0003072,SK-N-SH,polyA plus RNA-seq,encode,3
EFO:0005234 polyA plus RNA-seq,ENCFF507UBT,ENCFF378HTE,ENCFF378HTE,EFO:0005234,PFSK-1,polyA plus RNA-seq,encode,1
EFO:0005237 polyA plus RNA-seq,ENCFF132XOB,ENCFF450BGT,ENCFF450BGT,EFO:0005237,U-87 MG,polyA plus RNA-seq,encode,1
EFO:0005697 total RNA-seq,ENCFF600THC,ENCFF940PJY,ENCFF940PJY,EFO:0005697,M059J,total RNA-seq,encode,2
EFO:0005698 total RNA-seq,ENCFF431EBQ,ENCFF196LHX,ENCFF196LHX,EFO:0005698,Daoy,total RNA-seq,encode,2
EFO:0005712 total RNA-seq,ENCFF486YAC,ENCFF629XGV,ENCFF629XGV,EFO:0005712,RPMI7951,total RNA-seq,encode,2
EFO:0005714 polyA plus RNA-seq,ENCFF226JAL,ENCFF905ISC,ENCFF905ISC,EFO:0005714,LHCN-M2,polyA plus RNA-seq,encode,1
EFO:0005714 total RNA-seq,ENCFF778VQU,ENCFF197PAV,ENCFF197PAV,EFO:0005714,LHCN-M2,total RNA-seq,encode,2
EFO:0005719 total RNA-seq,ENCFF325HWX,ENCFF505JCK,ENCFF505JCK,EFO:0005719,Karpas-422,total RNA-seq,encode,2
EFO:0005720 polyA plus RNA-seq,ENCFF192GLO,ENCFF960QLH,ENCFF960QLH,EFO:0005720,SK-MEL-5,polyA plus RNA-seq,encode,2
EFO:0005720 polyA plus RNA-seq,ENCFF507VWH,ENCFF117JSP,ENCFF117JSP,EFO:0005720,SK-MEL-5,polyA plus RNA-seq,encode,2
EFO:0005720 total RNA-seq,ENCFF869JAO,ENCFF492KPL,ENCFF492KPL,EFO:0005720,SK-MEL-5,total RNA-seq,encode,2
EFO:0005721 polyA plus RNA-seq,ENCFF192RRP,ENCFF770TOE,ENCFF770TOE,EFO:0005721,SK-N-DZ,polyA plus RNA-seq,encode,2
EFO:0005721 polyA plus RNA-seq,ENCFF439UJD,ENCFF218MMR,ENCFF218MMR,EFO:0005721,SK-N-DZ,polyA plus RNA-seq,encode,2
EFO:0005722 total RNA-seq,ENCFF689EMS,ENCFF637ANZ,ENCFF637ANZ,EFO:0005722,SJCRH30,total RNA-seq,encode,2
EFO:0005723 polyA plus RNA-seq,ENCFF840FOM,ENCFF693XEN,ENCFF693XEN,EFO:0005723,GM23248,polyA plus RNA-seq,encode,1
EFO:0005723 total RNA-seq,ENCFF674NHA,ENCFF321EHO,ENCFF321EHO,EFO:0005723,GM23248,total RNA-seq,encode,2
EFO:0005725 polyA plus RNA-seq,ENCFF925ESW,ENCFF949LLY,ENCFF949LLY,EFO:0005725,BE2C,polyA plus RNA-seq,encode,1
EFO:0005904 total RNA-seq,ENCFF007UXU,ENCFF181QTI,ENCFF181QTI,EFO:0005904,H7,total RNA-seq,encode,2
EFO:0006270 polyA plus RNA-seq,ENCFF486ABY,ENCFF735EPI,ENCFF735EPI,EFO:0006270,AG04450,polyA plus RNA-seq,encode,2
EFO:0006711 total RNA-seq,ENCFF399UWQ,ENCFF480GYV,ENCFF480GYV,EFO:0006711,OCI-LY7,total RNA-seq,encode,2
EFO:0006711 total RNA-seq,ENCFF853YJN,ENCFF155OWV,ENCFF155OWV,EFO:0006711,OCI-LY7,total RNA-seq,encode,2
EFO:0007089 polyA plus RNA-seq,ENCFF778CUB,ENCFF022QBF,ENCFF022QBF,EFO:0007089,HUES64,polyA plus RNA-seq,encode,2
EFO:0007089 polyA plus RNA-seq,ENCFF999KLY,ENCFF629VCP,ENCFF629VCP,EFO:0007089,HUES64,polyA plus RNA-seq,encode,2
EFO:0007950 polyA plus RNA-seq,ENCFF754VNA,ENCFF689BPI,ENCFF689BPI,EFO:0007950,GM23338,polyA plus RNA-seq,encode,1
EFO:0007950 total RNA-seq,ENCFF010XLY,ENCFF527SQU,ENCFF527SQU,EFO:0007950,GM23338,total RNA-seq,encode,2
EFO:0007950 total RNA-seq,ENCFF556PRT,ENCFF850SIL,ENCFF850SIL,EFO:0007950,GM23338,total RNA-seq,encode,2
EFO:0009318 total RNA-seq,ENCFF031DLO,ENCFF863HRX,ENCFF863HRX,EFO:0009318,HFFc6,total RNA-seq,encode,2
EFO:0009318 total RNA-seq,ENCFF307KUI,ENCFF035NBN,ENCFF035NBN,EFO:0009318,HFFc6,total RNA-seq,encode,2
EFO:0009318 total RNA-seq,ENCFF399AMH,ENCFF908IDY,ENCFF908IDY,EFO:0009318,HFFc6,total RNA-seq,encode,2
EFO:0009318 total RNA-seq,ENCFF601VFS,ENCFF358XLV,ENCFF358XLV,EFO:0009318,HFFc6,total RNA-seq,encode,2
EFO:0009318 total RNA-seq,ENCFF929WCF,ENCFF381OAF,ENCFF381OAF,EFO:0009318,HFFc6,total RNA-seq,encode,2
EFO:0009318 total RNA-seq,ENCFF979GXG,ENCFF275DKR,ENCFF275DKR,EFO:0009318,HFFc6,total RNA-seq,encode,2
EFO:0009747 total RNA-seq,ENCFF020OPI,ENCFF681MQA,ENCFF681MQA,EFO:0009747,WTC11,total RNA-seq,encode,3
EFO:0009747 total RNA-seq,ENCFF749KBP,ENCFF634WOM,ENCFF634WOM,EFO:0009747,WTC11,total RNA-seq,encode,3
NTR:0000427 polyA plus RNA-seq,ENCFF155LBU,ENCFF674RUW,ENCFF674RUW,NTR:0000427,neurosphere,polyA plus RNA-seq,encode,2
NTR:0000427 polyA plus RNA-seq,ENCFF432TWB,ENCFF615IJV,ENCFF615IJV,NTR:0000427,neurosphere,polyA plus RNA-seq,encode,2
NTR:0000427 polyA plus RNA-seq,ENCFF718PXS,ENCFF638TAY,ENCFF638TAY,NTR:0000427,neurosphere,polyA plus RNA-seq,encode,2
NTR:0000491 total RNA-seq,ENCFF443TQL,ENCFF952CKD,ENCFF952CKD,NTR:0000491,Right ventricle myocardium inferior,total RNA-seq,encode,2
NTR:0000492 total RNA-seq,ENCFF537RGH,ENCFF198IBF,ENCFF198IBF,NTR:0000492,Right ventricle myocardium superior,total RNA-seq,encode,2
NTR:0000493 total RNA-seq,ENCFF464YAZ,ENCFF709QRA,ENCFF709QRA,NTR:0000493,left ventricle myocardium inferior,total RNA-seq,encode,2
NTR:0000494 total RNA-seq,ENCFF210MFP,ENCFF571AFR,ENCFF571AFR,NTR:0000494,left ventricle myocardium superior,total RNA-seq,encode,2
NTR:0000856 polyA plus RNA-seq,ENCFF461FQU,ENCFF101ASV,ENCFF101ASV,NTR:0000856,mesendoderm,polyA plus RNA-seq,encode,2
NTR:0000856 polyA plus RNA-seq,ENCFF544VDM,ENCFF373WQE,ENCFF373WQE,NTR:0000856,mesendoderm,polyA plus RNA-seq,encode,2
NTR:0003013 polyA plus RNA-seq,ENCFF003QOJ,ENCFF056NWD,ENCFF056NWD,NTR:0003013,placental basal plate,polyA plus RNA-seq,encode,2
NTR:0003013 polyA plus RNA-seq,ENCFF758MCH,ENCFF777ZZR,ENCFF777ZZR,NTR:0003013,placental basal plate,polyA plus RNA-seq,encode,2
NTR:0003013 polyA plus RNA-seq,ENCFF795UGM,ENCFF794ZUR,ENCFF794ZUR,NTR:0003013,placental basal plate,polyA plus RNA-seq,encode,2
NTR:0003013 polyA plus RNA-seq,ENCFF993FIL,ENCFF487HBP,ENCFF487HBP,NTR:0003013,placental basal plate,polyA plus RNA-seq,encode,2
UBERON:0000016 polyA plus RNA-seq,ENCFF238TXN,ENCFF533JTF,ENCFF533JTF,UBERON:0000016,endocrine pancreas,polyA plus RNA-seq,encode,2
UBERON:0000019 total RNA-seq,ENCFF609EXJ,ENCFF676EVQ,ENCFF676EVQ,UBERON:0000019,camera-type eye,total RNA-seq,encode,2
UBERON:0000059 polyA plus RNA-seq,ENCFF016NWL,ENCFF946QQD,ENCFF946QQD,UBERON:0000059,large intestine,polyA plus RNA-seq,encode,1
UBERON:0000059 polyA plus RNA-seq,ENCFF036XST,ENCFF639UPM,ENCFF639UPM,UBERON:0000059,large intestine,polyA plus RNA-seq,encode,1
UBERON:0000059 polyA plus RNA-seq,ENCFF056EWU,ENCFF295JCA,ENCFF295JCA,UBERON:0000059,large intestine,polyA plus RNA-seq,encode,1
UBERON:0000059 polyA plus RNA-seq,ENCFF069HHK,ENCFF932VPS,ENCFF932VPS,UBERON:0000059,large intestine,polyA plus RNA-seq,encode,1
UBERON:0000059 polyA plus RNA-seq,ENCFF074LKL,ENCFF444MUM,ENCFF444MUM,UBERON:0000059,large intestine,polyA plus RNA-seq,encode,1
UBERON:0000059 polyA plus RNA-seq,ENCFF517DMU,ENCFF259EZH,ENCFF259EZH,UBERON:0000059,large intestine,polyA plus RNA-seq,encode,1
UBERON:0000059 polyA plus RNA-seq,ENCFF593UAU,ENCFF604EYK,ENCFF604EYK,UBERON:0000059,large intestine,polyA plus RNA-seq,encode,1
UBERON:0000081 total RNA-seq,ENCFF746EQL,ENCFF367PUX,ENCFF367PUX,UBERON:0000081,metanephros,total RNA-seq,encode,2
UBERON:0000088 polyA plus RNA-seq,ENCFF469RIZ,ENCFF060EGL,ENCFF060EGL,UBERON:0000088,trophoblast,polyA plus RNA-seq,encode,2
UBERON:0000088 polyA plus RNA-seq,ENCFF673ESC,ENCFF575YIP,ENCFF575YIP,UBERON:0000088,trophoblast,polyA plus RNA-seq,encode,2
UBERON:0000088 polyA plus RNA-seq,ENCFF778QGB,ENCFF813JFQ,ENCFF813JFQ,UBERON:0000088,trophoblast,polyA plus RNA-seq,encode,2
UBERON:0000088 polyA plus RNA-seq,ENCFF903TQS,ENCFF633OPC,ENCFF633OPC,UBERON:0000088,trophoblast,polyA plus RNA-seq,encode,2
UBERON:0000305 polyA plus RNA-seq,ENCFF114LDR,ENCFF734UPN,ENCFF734UPN,UBERON:0000305,amnion,polyA plus RNA-seq,encode,2
UBERON:0000305 polyA plus RNA-seq,ENCFF206UJZ,ENCFF636BRP,ENCFF636BRP,UBERON:0000305,amnion,polyA plus RNA-seq,encode,2
UBERON:0000305 polyA plus RNA-seq,ENCFF834DDE,ENCFF866JMO,ENCFF866JMO,UBERON:0000305,amnion,polyA plus RNA-seq,encode,2
UBERON:0000317 total RNA-seq,ENCFF139LFK,ENCFF672RNN,ENCFF672RNN,UBERON:0000317,colonic mucosa,total RNA-seq,encode,2
UBERON:0000317 total RNA-seq,ENCFF297UZI,ENCFF767NPP,ENCFF767NPP,UBERON:0000317,colonic mucosa,total RNA-seq,encode,2
UBERON:0000473 polyA plus RNA-seq,ENCFF160LHN,ENCFF134ALH,ENCFF134ALH,UBERON:0000473,testis,polyA plus RNA-seq,encode,3
UBERON:0000473 polyA plus RNA-seq,ENCFF824XSK,ENCFF193HUI,ENCFF193HUI,UBERON:0000473,testis,polyA plus RNA-seq,encode,3
UBERON:0000473 total RNA-seq,ENCFF254YHN,ENCFF182JIC,ENCFF182JIC,UBERON:0000473,testis,total RNA-seq,encode,2
UBERON:0000473 total RNA-seq,ENCFF620AGE,ENCFF333KHL,ENCFF333KHL,UBERON:0000473,testis,total RNA-seq,encode,2
UBERON:0000945 polyA plus RNA-seq,ENCFF022TTZ,ENCFF728QLF,ENCFF728QLF,UBERON:0000945,stomach,polyA plus RNA-seq,encode,3
UBERON:0000945 polyA plus RNA-seq,ENCFF209KLC,ENCFF480XQC,ENCFF480XQC,UBERON:0000945,stomach,polyA plus RNA-seq,encode,3
UBERON:0000945 polyA plus RNA-seq,ENCFF212BAZ,ENCFF759QTQ,ENCFF759QTQ,UBERON:0000945,stomach,polyA plus RNA-seq,encode,3
UBERON:0000945 polyA plus RNA-seq,ENCFF263KMC,ENCFF212QRL,ENCFF212QRL,UBERON:0000945,stomach,polyA plus RNA-seq,encode,3
UBERON:0000945 polyA plus RNA-seq,ENCFF288UDZ,ENCFF996KKA,ENCFF996KKA,UBERON:0000945,stomach,polyA plus RNA-seq,encode,3
UBERON:0000945 polyA plus RNA-seq,ENCFF300UEL,ENCFF891ALA,ENCFF891ALA,UBERON:0000945,stomach,polyA plus RNA-seq,encode,3
UBERON:0000945 polyA plus RNA-seq,ENCFF336XCO,ENCFF295UWT,ENCFF295UWT,UBERON:0000945,stomach,polyA plus RNA-seq,encode,3
UBERON:0000945 polyA plus RNA-seq,ENCFF361XCF,ENCFF504JQU,ENCFF504JQU,UBERON:0000945,stomach,polyA plus RNA-seq,encode,3
UBERON:0000945 polyA plus RNA-seq,ENCFF514FND,ENCFF333ENA,ENCFF333ENA,UBERON:0000945,stomach,polyA plus RNA-seq,encode,3
UBERON:0000945 total RNA-seq,ENCFF223PWH,ENCFF056FRZ,ENCFF056FRZ,UBERON:0000945,stomach,total RNA-seq,encode,2
UBERON:0000945 total RNA-seq,ENCFF357GHN,ENCFF818TKM,ENCFF818TKM,UBERON:0000945,stomach,total RNA-seq,encode,2
UBERON:0000945 total RNA-seq,ENCFF367ONF,ENCFF145OAS,ENCFF145OAS,UBERON:0000945,stomach,total RNA-seq,encode,2
UBERON:0000945 total RNA-seq,ENCFF857JQM,ENCFF561TMR,ENCFF561TMR,UBERON:0000945,stomach,total RNA-seq,encode,2
UBERON:0000947 polyA plus RNA-seq,ENCFF216XVM,ENCFF386YGS,ENCFF386YGS,UBERON:0000947,aorta,polyA plus RNA-seq,encode,2
UBERON:0000947 polyA plus RNA-seq,ENCFF273RBB,ENCFF137BCU,ENCFF137BCU,UBERON:0000947,aorta,polyA plus RNA-seq,encode,2
UBERON:0000947 total RNA-seq,ENCFF455BVP,ENCFF542TGZ,ENCFF542TGZ,UBERON:0000947,aorta,total RNA-seq,encode,2
UBERON:0000947 total RNA-seq,ENCFF769NNF,ENCFF197PEN,ENCFF197PEN,UBERON:0000947,aorta,total RNA-seq,encode,2
UBERON:0000948 polyA plus RNA-seq,ENCFF393JBM,ENCFF045ZHZ,ENCFF045ZHZ,UBERON:0000948,heart,polyA plus RNA-seq,encode,3
UBERON:0000948 polyA plus RNA-seq,ENCFF516KCN,ENCFF639BWZ,ENCFF639BWZ,UBERON:0000948,heart,polyA plus RNA-seq,encode,3
UBERON:0000948 polyA plus RNA-seq,ENCFF583MKM,ENCFF458XQS,ENCFF458XQS,UBERON:0000948,heart,polyA plus RNA-seq,encode,3
UBERON:0000948 total RNA-seq,ENCFF433YMU,ENCFF018EZY,ENCFF018EZY,UBERON:0000948,heart,total RNA-seq,encode,2
UBERON:0000948 total RNA-seq,ENCFF795IZJ,ENCFF454SXU,ENCFF454SXU,UBERON:0000948,heart,total RNA-seq,encode,2
UBERON:0000955 polyA plus RNA-seq,ENCFF121DHE,ENCFF637ZBG,ENCFF637ZBG,UBERON:0000955,brain,polyA plus RNA-seq,encode,2
UBERON:0000992 polyA plus RNA-seq,ENCFF016ISI,ENCFF751PQP,ENCFF751PQP,UBERON:0000992,ovary,polyA plus RNA-seq,encode,3
UBERON:0000992 polyA plus RNA-seq,ENCFF429AJA,ENCFF753LZJ,ENCFF753LZJ,UBERON:0000992,ovary,polyA plus RNA-seq,encode,3
UBERON:0000992 polyA plus RNA-seq,ENCFF579DSX,ENCFF096UCI,ENCFF096UCI,UBERON:0000992,ovary,polyA plus RNA-seq,encode,3
UBERON:0000992 total RNA-seq,ENCFF013YPF,ENCFF411VWO,ENCFF411VWO,UBERON:0000992,ovary,total RNA-seq,encode,2
UBERON:0000992 total RNA-seq,ENCFF170KFV,ENCFF119GRF,ENCFF119GRF,UBERON:0000992,ovary,total RNA-seq,encode,2
UBERON:0000992 total RNA-seq,ENCFF177EPU,ENCFF649MKX,ENCFF649MKX,UBERON:0000992,ovary,total RNA-seq,encode,2
UBERON:0000992 total RNA-seq,ENCFF364ACD,ENCFF368TTD,ENCFF368TTD,UBERON:0000992,ovary,total RNA-seq,encode,2
UBERON:0000992 total RNA-seq,ENCFF433FOV,ENCFF105TXB,ENCFF105TXB,UBERON:0000992,ovary,total RNA-seq,encode,2
UBERON:0000992 total RNA-seq,ENCFF994ERY,ENCFF769QDV,ENCFF769QDV,UBERON:0000992,ovary,total RNA-seq,encode,2
UBERON:0000995 total RNA-seq,ENCFF203XLE,ENCFF823LKJ,ENCFF823LKJ,UBERON:0000995,uterus,total RNA-seq,encode,2
UBERON:0000995 total RNA-seq,ENCFF615MVP,ENCFF592ZIP,ENCFF592ZIP,UBERON:0000995,uterus,total RNA-seq,encode,2
UBERON:0000995 total RNA-seq,ENCFF648SGA,ENCFF432ENB,ENCFF432ENB,UBERON:0000995,uterus,total RNA-seq,encode,2
UBERON:0000996 total RNA-seq,ENCFF442JZU,ENCFF477AQU,ENCFF477AQU,UBERON:0000996,vagina,total RNA-seq,encode,2
UBERON:0001013 polyA plus RNA-seq,ENCFF297LUV,ENCFF267DQT,ENCFF267DQT,UBERON:0001013,adipose tissue,polyA plus RNA-seq,encode,2
UBERON:0001013 polyA plus RNA-seq,ENCFF431JUO,ENCFF697OJB,ENCFF697OJB,UBERON:0001013,adipose tissue,polyA plus RNA-seq,encode,2
UBERON:0001013 polyA plus RNA-seq,ENCFF876NLM,ENCFF206OGU,ENCFF206OGU,UBERON:0001013,adipose tissue,polyA plus RNA-seq,encode,2
UBERON:0001013 polyA plus RNA-seq,ENCFF991IPE,ENCFF625DRX,ENCFF625DRX,UBERON:0001013,adipose tissue,polyA plus RNA-seq,encode,2
UBERON:0001043 polyA plus RNA-seq,ENCFF860LWY,ENCFF915WBG,ENCFF915WBG,UBERON:0001043,esophagus,polyA plus RNA-seq,encode,2
UBERON:0001043 polyA plus RNA-seq,ENCFF863CHX,ENCFF988EBT,ENCFF988EBT,UBERON:0001043,esophagus,polyA plus RNA-seq,encode,2
UBERON:0001072 total RNA-seq,ENCFF561ZTT,ENCFF509OMC,ENCFF509OMC,UBERON:0001072,posterior vena cava,total RNA-seq,encode,2
UBERON:0001072 total RNA-seq,ENCFF936VDJ,ENCFF568EVH,ENCFF568EVH,UBERON:0001072,posterior vena cava,total RNA-seq,encode,2
UBERON:0001114 total RNA-seq,ENCFF016TZA,ENCFF119SVC,ENCFF119SVC,UBERON:0001114,right lobe of liver,total RNA-seq,encode,2
UBERON:0001114 total RNA-seq,ENCFF050ASS,ENCFF128YXB,ENCFF128YXB,UBERON:0001114,right lobe of liver,total RNA-seq,encode,2
UBERON:0001114 total RNA-seq,ENCFF142RGB,ENCFF103EZF,ENCFF103EZF,UBERON:0001114,right lobe of liver,total RNA-seq,encode,2
UBERON:0001114 total RNA-seq,ENCFF144LMJ,ENCFF672AXQ,ENCFF672AXQ,UBERON:0001114,right lobe of liver,total RNA-seq,encode,2
UBERON:0001114 total RNA-seq,ENCFF414AZQ,ENCFF565QRM,ENCFF565QRM,UBERON:0001114,right lobe of liver,total RNA-seq,encode,2
UBERON:0001115 total RNA-seq,ENCFF784MDF,ENCFF253SBE,ENCFF253SBE,UBERON:0001115,left lobe of liver,total RNA-seq,encode,2
UBERON:0001150 total RNA-seq,ENCFF083EOC,ENCFF731FYT,ENCFF731FYT,UBERON:0001150,body of pancreas,total RNA-seq,encode,2
UBERON:0001150 total RNA-seq,ENCFF524SRR,ENCFF784RHW,ENCFF784RHW,UBERON:0001150,body of pancreas,total RNA-seq,encode,2
UBERON:0001157 total RNA-seq,ENCFF329ENM,ENCFF672VYQ,ENCFF672VYQ,UBERON:0001157,transverse colon,total RNA-seq,encode,2
UBERON:0001157 total RNA-seq,ENCFF636PCD,ENCFF807KQZ,ENCFF807KQZ,UBERON:0001157,transverse colon,total RNA-seq,encode,2
UBERON:0001157 total RNA-seq,ENCFF895OOC,ENCFF542OVF,ENCFF542OVF,UBERON:0001157,transverse colon,total RNA-seq,encode,2
UBERON:0001157 total RNA-seq,ENCFF909YYJ,ENCFF844TIV,ENCFF844TIV,UBERON:0001157,transverse colon,total RNA-seq,encode,2
UBERON:0001159 polyA plus RNA-seq,ENCFF236PLH,ENCFF123PSX,ENCFF123PSX,UBERON:0001159,sigmoid colon,polyA plus RNA-seq,encode,2
UBERON:0001159 polyA plus RNA-seq,ENCFF652AXF,ENCFF304GQR,ENCFF304GQR,UBERON:0001159,sigmoid colon,polyA plus RNA-seq,encode,2
UBERON:0001159 polyA plus RNA-seq,ENCFF927DZC,ENCFF864IDH,ENCFF864IDH,UBERON:0001159,sigmoid colon,polyA plus RNA-seq,encode,2
UBERON:0001159 polyA plus RNA-seq,ENCFF989WGG,ENCFF929RPC,ENCFF929RPC,UBERON:0001159,sigmoid colon,polyA plus RNA-seq,encode,2
UBERON:0001159 total RNA-seq,ENCFF035CWS,ENCSR094GVZ,ENCFF387UUZ,UBERON:0001159,sigmoid colon,total RNA-seq,encode,2
UBERON:0001159 total RNA-seq,ENCFF171EQY,ENCFF372DGR,ENCFF372DGR,UBERON:0001159,sigmoid colon,total RNA-seq,encode,2
UBERON:0001159 total RNA-seq,ENCFF577LGC,ENCFF118XUB,ENCFF118XUB,UBERON:0001159,sigmoid colon,total RNA-seq,encode,2
UBERON:0001159 total RNA-seq,ENCFF888ASC,ENCFF593EJA,ENCFF593EJA,UBERON:0001159,sigmoid colon,total RNA-seq,encode,2
UBERON:0001211 total RNA-seq,ENCFF112DAY,ENCFF684FER,ENCFF684FER,UBERON:0001211,Peyer's patch,total RNA-seq,encode,2
UBERON:0001211 total RNA-seq,ENCFF346BRI,ENCFF666KUJ,ENCFF666KUJ,UBERON:0001211,Peyer's patch,total RNA-seq,encode,2
UBERON:0001211 total RNA-seq,ENCFF837QWO,ENCFF542BVY,ENCFF542BVY,UBERON:0001211,Peyer's patch,total RNA-seq,encode,2
UBERON:0001211 total RNA-seq,ENCFF990XSZ,ENCFF980FZG,ENCFF980FZG,UBERON:0001211,Peyer's patch,total RNA-seq,encode,2
UBERON:0001224 polyA plus RNA-seq,ENCFF282HGY,ENCFF688MII,ENCFF688MII,UBERON:0001224,renal pelvis,polyA plus RNA-seq,encode,1
UBERON:0001224 polyA plus RNA-seq,ENCFF388ARQ,ENCFF391XHF,ENCFF391XHF,UBERON:0001224,renal pelvis,polyA plus RNA-seq,encode,1
UBERON:0001224 polyA plus RNA-seq,ENCFF796QUF,ENCFF693TJD,ENCFF693TJD,UBERON:0001224,renal pelvis,polyA plus RNA-seq,encode,1
UBERON:0001255 polyA plus RNA-seq,ENCFF124OIZ,ENCFF214DTC,ENCFF214DTC,UBERON:0001255,urinary bladder,polyA plus RNA-seq,encode,2
UBERON:0001264 polyA plus RNA-seq,ENCFF494KRC,ENCFF898IHN,ENCFF898IHN,UBERON:0001264,pancreas,polyA plus RNA-seq,encode,2
UBERON:0001264 polyA plus RNA-seq,ENCFF828ZID,ENCFF091AGW,ENCFF091AGW,UBERON:0001264,pancreas,polyA plus RNA-seq,encode,2
UBERON:0001264 total RNA-seq,ENCFF514LIV,ENCFF013IKJ,ENCFF013IKJ,UBERON:0001264,pancreas,total RNA-seq,encode,2
UBERON:0001264 total RNA-seq,ENCFF664WLU,ENCFF210MJF,ENCFF210MJF,UBERON:0001264,pancreas,total RNA-seq,encode,2
UBERON:0001264 total RNA-seq,ENCFF765XAK,ENCFF788FRD,ENCFF788FRD,UBERON:0001264,pancreas,total RNA-seq,encode,2
UBERON:0001264 total RNA-seq,ENCFF974GKV,ENCFF901ATL,ENCFF901ATL,UBERON:0001264,pancreas,total RNA-seq,encode,2
UBERON:0001322 total RNA-seq,ENCFF932PGT,ENCFF296HLN,ENCFF296HLN,UBERON:0001322,sciatic nerve,total RNA-seq,encode,2
UBERON:0001323 total RNA-seq,ENCFF105UFI,ENCFF281UGH,ENCFF281UGH,UBERON:0001323,tibial nerve,total RNA-seq,encode,2
UBERON:0001323 total RNA-seq,ENCFF502SIL,ENCFF108RDF,ENCFF108RDF,UBERON:0001323,tibial nerve,total RNA-seq,encode,2
UBERON:0001323 total RNA-seq,ENCFF589ZCF,ENCFF532KPO,ENCFF532KPO,UBERON:0001323,tibial nerve,total RNA-seq,encode,2
UBERON:0001323 total RNA-seq,ENCFF869NRO,ENCFF304ZAM,ENCFF304ZAM,UBERON:0001323,tibial nerve,total RNA-seq,encode,2
UBERON:0001383 polyA plus RNA-seq,ENCFF116EXN,ENCFF154TLD,ENCFF154TLD,UBERON:0001383,muscle of leg,polyA plus RNA-seq,encode,3
UBERON:0001383 polyA plus RNA-seq,ENCFF232IBG,ENCFF951UGT,ENCFF951UGT,UBERON:0001383,muscle of leg,polyA plus RNA-seq,encode,3
UBERON:0001383 polyA plus RNA-seq,ENCFF607HBH,ENCFF490SYS,ENCFF490SYS,UBERON:0001383,muscle of leg,polyA plus RNA-seq,encode,3
UBERON:0001383 polyA plus RNA-seq,ENCFF702YOB,ENCFF688KBA,ENCFF688KBA,UBERON:0001383,muscle of leg,polyA plus RNA-seq,encode,3
UBERON:0001383 polyA plus RNA-seq,ENCFF862OYJ,ENCFF844CIZ,ENCFF844CIZ,UBERON:0001383,muscle of leg,polyA plus RNA-seq,encode,3
UBERON:0001496 total RNA-seq,ENCFF883VNR,ENCFF597SVD,ENCFF597SVD,UBERON:0001496,ascending aorta,total RNA-seq,encode,2
UBERON:0001499 polyA plus RNA-seq,ENCFF030ORH,ENCFF050ROK,ENCFF050ROK,UBERON:0001499,muscle of arm,polyA plus RNA-seq,encode,1
UBERON:0001499 polyA plus RNA-seq,ENCFF140KVK,ENCFF119XJG,ENCFF119XJG,UBERON:0001499,muscle of arm,polyA plus RNA-seq,encode,1
UBERON:0001499 polyA plus RNA-seq,ENCFF156SVV,ENCFF565FOF,ENCFF565FOF,UBERON:0001499,muscle of arm,polyA plus RNA-seq,encode,1
UBERON:0001499 polyA plus RNA-seq,ENCFF183NKR,ENCFF110RPH,ENCFF110RPH,UBERON:0001499,muscle of arm,polyA plus RNA-seq,encode,1
UBERON:0001499 polyA plus RNA-seq,ENCFF273YOG,ENCFF824QUG,ENCFF824QUG,UBERON:0001499,muscle of arm,polyA plus RNA-seq,encode,1
UBERON:0001499 polyA plus RNA-seq,ENCFF275GIO,ENCFF713ZMW,ENCFF713ZMW,UBERON:0001499,muscle of arm,polyA plus RNA-seq,encode,1
UBERON:0001499 polyA plus RNA-seq,ENCFF456CLU,ENCFF144GMK,ENCFF144GMK,UBERON:0001499,muscle of arm,polyA plus RNA-seq,encode,1
UBERON:0001499 polyA plus RNA-seq,ENCFF613JLQ,ENCFF359ITR,ENCFF359ITR,UBERON:0001499,muscle of arm,polyA plus RNA-seq,encode,1
UBERON:0001499 polyA plus RNA-seq,ENCFF750AQK,ENCFF309YCI,ENCFF309YCI,UBERON:0001499,muscle of arm,polyA plus RNA-seq,encode,1
UBERON:0001499 polyA plus RNA-seq,ENCFF811SRP,ENCFF254PWG,ENCFF254PWG,UBERON:0001499,muscle of arm,polyA plus RNA-seq,encode,1
UBERON:0001515 total RNA-seq,ENCFF684VAN,ENCFF833YCY,ENCFF833YCY,UBERON:0001515,thoracic aorta,total RNA-seq,encode,2
UBERON:0001515 total RNA-seq,ENCFF835HKJ,ENCFF512AIP,ENCFF512AIP,UBERON:0001515,thoracic aorta,total RNA-seq,encode,2
UBERON:0001723 total RNA-seq,ENCFF774CJM,ENCFF175KXC,ENCFF175KXC,UBERON:0001723,tongue,total RNA-seq,encode,2
UBERON:0001774 polyA plus RNA-seq,ENCFF368STN,ENCFF007LJG,ENCFF007LJG,UBERON:0001774,muscle of trunk,polyA plus RNA-seq,encode,1
UBERON:0001870 total RNA-seq,ENCFF371QMA,ENCFF217HQN,ENCFF217HQN,UBERON:0001870,frontal cortex,total RNA-seq,encode,2
UBERON:0001871 total RNA-seq,ENCFF547WLJ,ENCFF709SZT,ENCFF709SZT,UBERON:0001871,temporal lobe,total RNA-seq,encode,2
UBERON:0001872 total RNA-seq,ENCFF876PVW,ENCFF470OAY,ENCFF470OAY,UBERON:0001872,parietal lobe,total RNA-seq,encode,2
UBERON:0001894 total RNA-seq,ENCFF087WBL,ENCFF355IUO,ENCFF355IUO,UBERON:0001894,diencephalon,total RNA-seq,encode,2
UBERON:0001987 total RNA-seq,ENCFF007QAS,ENCFF297UUV,ENCFF297UUV,UBERON:0001987,placenta,total RNA-seq,encode,2
UBERON:0001987 total RNA-seq,ENCFF104GYY,ENCFF697OAU,ENCFF697OAU,UBERON:0001987,placenta,total RNA-seq,encode,2
UBERON:0001987 total RNA-seq,ENCFF109HYO,ENCFF430NYX,ENCFF430NYX,UBERON:0001987,placenta,total RNA-seq,encode,2
UBERON:0001987 total RNA-seq,ENCFF165GEP,ENCFF189MNY,ENCFF189MNY,UBERON:0001987,placenta,total RNA-seq,encode,2
UBERON:0001987 total RNA-seq,ENCFF265LJH,ENCFF597XJZ,ENCFF597XJZ,UBERON:0001987,placenta,total RNA-seq,encode,2
UBERON:0001987 total RNA-seq,ENCFF346KED,ENCFF400CHK,ENCFF400CHK,UBERON:0001987,placenta,total RNA-seq,encode,2
UBERON:0001987 total RNA-seq,ENCFF517AWK,ENCFF581PRF,ENCFF581PRF,UBERON:0001987,placenta,total RNA-seq,encode,2
UBERON:0001987 total RNA-seq,ENCFF570HXT,ENCFF196UHI,ENCFF196UHI,UBERON:0001987,placenta,total RNA-seq,encode,2
UBERON:0001987 total RNA-seq,ENCFF734HKW,ENCFF413WXI,ENCFF413WXI,UBERON:0001987,placenta,total RNA-seq,encode,2
UBERON:0001987 total RNA-seq,ENCFF891YDA,ENCFF503NGO,ENCFF503NGO,UBERON:0001987,placenta,total RNA-seq,encode,2
UBERON:0001987 total RNA-seq,ENCFF973GKK,ENCFF992XOR,ENCFF992XOR,UBERON:0001987,placenta,total RNA-seq,encode,2
UBERON:0002021 total RNA-seq,ENCFF119BVB,ENCFF537TSF,ENCFF537TSF,UBERON:0002021,occipital lobe,total RNA-seq,encode,2
UBERON:0002037 polyA plus RNA-seq,ENCFF716MCB,ENCFF163BTT,ENCFF163BTT,UBERON:0002037,cerebellum,polyA plus RNA-seq,encode,2
UBERON:0002037 total RNA-seq,ENCFF605GCL,ENCFF638TDD,ENCFF638TDD,UBERON:0002037,cerebellum,total RNA-seq,encode,2
UBERON:0002046 total RNA-seq,ENCFF169HKI,ENCFF844XCX,ENCFF844XCX,UBERON:0002046,thyroid gland,total RNA-seq,encode,2
UBERON:0002046 total RNA-seq,ENCFF295QVP,ENCFF166WWA,ENCFF166WWA,UBERON:0002046,thyroid gland,total RNA-seq,encode,2
UBERON:0002046 total RNA-seq,ENCFF635OSX,ENCFF837FLM,ENCFF837FLM,UBERON:0002046,thyroid gland,total RNA-seq,encode,2
UBERON:0002046 total RNA-seq,ENCFF687CCF,ENCFF101SYV,ENCFF101SYV,UBERON:0002046,thyroid gland,total RNA-seq,encode,2
UBERON:0002046 total RNA-seq,ENCFF922XCX,ENCFF796PND,ENCFF796PND,UBERON:0002046,thyroid gland,total RNA-seq,encode,2
UBERON:0002048 polyA plus RNA-seq,ENCFF608PXO,ENCFF124RPC,ENCFF124RPC,UBERON:0002048,lung,polyA plus RNA-seq,encode,2
UBERON:0002048 polyA plus RNA-seq,ENCFF613FRB,ENCFF310GNU,ENCFF310GNU,UBERON:0002048,lung,polyA plus RNA-seq,encode,2
UBERON:0002048 polyA plus RNA-seq,ENCFF712DYB,ENCFF565FPI,ENCFF565FPI,UBERON:0002048,lung,polyA plus RNA-seq,encode,2
UBERON:0002048 total RNA-seq,ENCFF055STD,ENCFF892OBT,ENCFF892OBT,UBERON:0002048,lung,total RNA-seq,encode,2
UBERON:0002048 total RNA-seq,ENCFF242BWW,ENCFF905NZB,ENCFF905NZB,UBERON:0002048,lung,total RNA-seq,encode,2
UBERON:0002078 polyA plus RNA-seq,ENCFF450ZEW,ENCFF643ZAD,ENCFF643ZAD,UBERON:0002078,right cardiac atrium,polyA plus RNA-seq,encode,2
UBERON:0002078 total RNA-seq,ENCFF413URT,ENCFF756IDW,ENCFF756IDW,UBERON:0002078,right cardiac atrium,total RNA-seq,encode,2
UBERON:0002078 total RNA-seq,ENCFF478OYU,ENCFF474WFJ,ENCFF474WFJ,UBERON:0002078,right cardiac atrium,total RNA-seq,encode,2
UBERON:0002078 total RNA-seq,ENCFF545SNN,ENCFF858QRQ,ENCFF858QRQ,UBERON:0002078,right cardiac atrium,total RNA-seq,encode,2
UBERON:0002078 total RNA-seq,ENCFF736BIN,ENCFF808SDN,ENCFF808SDN,UBERON:0002078,right cardiac atrium,total RNA-seq,encode,2
UBERON:0002079 total RNA-seq,ENCFF424STR,ENCFF185FBE,ENCFF185FBE,UBERON:0002079,left cardiac atrium,total RNA-seq,encode,2
UBERON:0002079 total RNA-seq,ENCFF823TJX,ENCFF573WTP,ENCFF573WTP,UBERON:0002079,left cardiac atrium,total RNA-seq,encode,2
UBERON:0002080 polyA plus RNA-seq,ENCFF071WUF,ENCFF774PKK,ENCFF774PKK,UBERON:0002080,heart right ventricle,polyA plus RNA-seq,encode,2
UBERON:0002080 polyA plus RNA-seq,ENCFF749LPZ,ENCFF841CUM,ENCFF841CUM,UBERON:0002080,heart right ventricle,polyA plus RNA-seq,encode,2
UBERON:0002080 total RNA-seq,ENCFF327HID,ENCFF043VUO,ENCFF043VUO,UBERON:0002080,heart right ventricle,total RNA-seq,encode,2
UBERON:0002080 total RNA-seq,ENCFF954DUN,ENCFF895JFS,ENCFF895JFS,UBERON:0002080,heart right ventricle,total RNA-seq,encode,2
UBERON:0002080 total RNA-seq,ENCFF989OVC,ENCFF645AYP,ENCFF645AYP,UBERON:0002080,heart right ventricle,total RNA-seq,encode,2
UBERON:0002084 polyA plus RNA-seq,ENCFF015GRH,ENCFF851XAJ,ENCFF851XAJ,UBERON:0002084,heart left ventricle,polyA plus RNA-seq,encode,2
UBERON:0002084 polyA plus RNA-seq,ENCFF845KUN,ENCFF205MJV,ENCFF205MJV,UBERON:0002084,heart left ventricle,polyA plus RNA-seq,encode,2
UBERON:0002084 total RNA-seq,ENCFF149ZCL,ENCFF974VUT,ENCFF974VUT,UBERON:0002084,heart left ventricle,total RNA-seq,encode,2
UBERON:0002084 total RNA-seq,ENCFF347RJG,ENCFF553FQR,ENCFF553FQR,UBERON:0002084,heart left ventricle,total RNA-seq,encode,2
UBERON:0002084 total RNA-seq,ENCFF426WCQ,ENCFF353PFR,ENCFF353PFR,UBERON:0002084,heart left ventricle,total RNA-seq,encode,2
UBERON:0002084 total RNA-seq,ENCFF639TBN,ENCFF248QVA,ENCFF248QVA,UBERON:0002084,heart left ventricle,total RNA-seq,encode,2
UBERON:0002084 total RNA-seq,ENCFF704OQQ,ENCFF671DKT,ENCFF671DKT,UBERON:0002084,heart left ventricle,total RNA-seq,encode,2
UBERON:0002097 total RNA-seq,ENCFF301XTS,ENCFF198TLM,ENCFF198TLM,UBERON:0002097,skin of body,total RNA-seq,encode,2
UBERON:0002099 total RNA-seq,ENCFF608CTI,ENCFF403PZE,ENCFF403PZE,UBERON:0002099,cardiac septum,total RNA-seq,encode,2
UBERON:0002106 polyA plus RNA-seq,ENCFF394QNK,ENCFF610OAY,ENCFF610OAY,UBERON:0002106,spleen,polyA plus RNA-seq,encode,3
UBERON:0002106 polyA plus RNA-seq,ENCFF544WEX,ENCFF315BLU,ENCFF315BLU,UBERON:0002106,spleen,polyA plus RNA-seq,encode,3
UBERON:0002106 polyA plus RNA-seq,ENCFF690TCE,ENCFF804LUI,ENCFF804LUI,UBERON:0002106,spleen,polyA plus RNA-seq,encode,3
UBERON:0002106 polyA plus RNA-seq,ENCFF724FPA,ENCFF426XDX,ENCFF426XDX,UBERON:0002106,spleen,polyA plus RNA-seq,encode,3
UBERON:0002106 polyA plus RNA-seq,ENCFF754HOS,ENCFF168WRO,ENCFF168WRO,UBERON:0002106,spleen,polyA plus RNA-seq,encode,3
UBERON:0002106 polyA plus RNA-seq,ENCFF822FJL,ENCFF089SDX,ENCFF089SDX,UBERON:0002106,spleen,polyA plus RNA-seq,encode,3
UBERON:0002106 total RNA-seq,ENCFF171ROO,ENCFF359MDK,ENCFF359MDK,UBERON:0002106,spleen,total RNA-seq,encode,2
UBERON:0002106 total RNA-seq,ENCFF229BRI,ENCFF942QIE,ENCFF942QIE,UBERON:0002106,spleen,total RNA-seq,encode,2
UBERON:0002106 total RNA-seq,ENCFF434GPZ,ENCFF733JPK,ENCFF733JPK,UBERON:0002106,spleen,total RNA-seq,encode,2
UBERON:0002106 total RNA-seq,ENCFF594JMI,ENCFF643UKE,ENCFF643UKE,UBERON:0002106,spleen,total RNA-seq,encode,2
UBERON:0002106 total RNA-seq,ENCFF753TAP,ENCFF507FAA,ENCFF507FAA,UBERON:0002106,spleen,total RNA-seq,encode,2
UBERON:0002106 total RNA-seq,ENCFF780MVA,ENCFF239BUM,ENCFF239BUM,UBERON:0002106,spleen,total RNA-seq,encode,2
UBERON:0002106 total RNA-seq,ENCFF808IYB,ENCFF434LID,ENCFF434LID,UBERON:0002106,spleen,total RNA-seq,encode,2
UBERON:0002106 total RNA-seq,ENCFF815CJE,ENCFF371QSS,ENCFF371QSS,UBERON:0002106,spleen,total RNA-seq,encode,2
UBERON:0002107 polyA plus RNA-seq,ENCFF061GJD,ENCFF167XOI,ENCFF167XOI,UBERON:0002107,liver,polyA plus RNA-seq,encode,3
UBERON:0002107 polyA plus RNA-seq,ENCFF381SDS,ENCFF112IXW,ENCFF112IXW,UBERON:0002107,liver,polyA plus RNA-seq,encode,3
UBERON:0002108 polyA plus RNA-seq,ENCFF149EVF,ENCFF947KGU,ENCFF947KGU,UBERON:0002108,small intestine,polyA plus RNA-seq,encode,3
UBERON:0002108 polyA plus RNA-seq,ENCFF345YKH,ENCFF008CRB,ENCFF008CRB,UBERON:0002108,small intestine,polyA plus RNA-seq,encode,3
UBERON:0002108 polyA plus RNA-seq,ENCFF410AMW,ENCFF224GPU,ENCFF224GPU,UBERON:0002108,small intestine,polyA plus RNA-seq,encode,3
UBERON:0002108 polyA plus RNA-seq,ENCFF464VYE,ENCFF481AMD,ENCFF481AMD,UBERON:0002108,small intestine,polyA plus RNA-seq,encode,3
UBERON:0002108 polyA plus RNA-seq,ENCFF642CAM,ENCFF458QQU,ENCFF458QQU,UBERON:0002108,small intestine,polyA plus RNA-seq,encode,3
UBERON:0002108 polyA plus RNA-seq,ENCFF660RNB,ENCFF592XZA,ENCFF592XZA,UBERON:0002108,small intestine,polyA plus RNA-seq,encode,3
UBERON:0002108 polyA plus RNA-seq,ENCFF707HGU,ENCFF849FLT,ENCFF849FLT,UBERON:0002108,small intestine,polyA plus RNA-seq,encode,3
UBERON:0002108 polyA plus RNA-seq,ENCFF869NOC,ENCFF298CPL,ENCFF298CPL,UBERON:0002108,small intestine,polyA plus RNA-seq,encode,3
UBERON:0002108 polyA plus RNA-seq,ENCFF963QMF,ENCFF097CWH,ENCFF097CWH,UBERON:0002108,small intestine,polyA plus RNA-seq,encode,3
UBERON:0002108 polyA plus RNA-seq,ENCFF986KFO,ENCFF246RCD,ENCFF246RCD,UBERON:0002108,small intestine,polyA plus RNA-seq,encode,3
UBERON:0002113 polyA plus RNA-seq,ENCFF221JFY,ENCFF064TTU,ENCFF064TTU,UBERON:0002113,kidney,polyA plus RNA-seq,encode,3
UBERON:0002113 polyA plus RNA-seq,ENCFF336DIW,ENCFF880GSS,ENCFF880GSS,UBERON:0002113,kidney,polyA plus RNA-seq,encode,3
UBERON:0002113 polyA plus RNA-seq,ENCFF839YOI,ENCFF168RPD,ENCFF168RPD,UBERON:0002113,kidney,polyA plus RNA-seq,encode,3
UBERON:0002113 polyA plus RNA-seq,ENCFF995LYR,ENCFF143EWZ,ENCFF143EWZ,UBERON:0002113,kidney,polyA plus RNA-seq,encode,3
UBERON:0002113 total RNA-seq,ENCFF123KIW,ENCFF649RYB,ENCFF649RYB,UBERON:0002113,kidney,total RNA-seq,encode,2
UBERON:0002167 polyA plus RNA-seq,ENCFF087YYT,ENCFF432CYV,ENCFF432CYV,UBERON:0002167,right lung,polyA plus RNA-seq,encode,1
UBERON:0002167 polyA plus RNA-seq,ENCFF261TPF,ENCFF789CEJ,ENCFF789CEJ,UBERON:0002167,right lung,polyA plus RNA-seq,encode,1
UBERON:0002167 polyA plus RNA-seq,ENCFF332PZB,ENCFF085JXX,ENCFF085JXX,UBERON:0002167,right lung,polyA plus RNA-seq,encode,1
UBERON:0002167 polyA plus RNA-seq,ENCFF403LSP,ENCFF488KNY,ENCFF488KNY,UBERON:0002167,right lung,polyA plus RNA-seq,encode,1
UBERON:0002167 polyA plus RNA-seq,ENCFF528BZB,ENCFF817FWU,ENCFF817FWU,UBERON:0002167,right lung,polyA plus RNA-seq,encode,1
UBERON:0002168 polyA plus RNA-seq,ENCFF087TLW,ENCFF551UCO,ENCFF551UCO,UBERON:0002168,left lung,polyA plus RNA-seq,encode,1
UBERON:0002168 polyA plus RNA-seq,ENCFF178JTH,ENCFF426JDT,ENCFF426JDT,UBERON:0002168,left lung,polyA plus RNA-seq,encode,1
UBERON:0002168 polyA plus RNA-seq,ENCFF325WCG,ENCFF457QEG,ENCFF457QEG,UBERON:0002168,left lung,polyA plus RNA-seq,encode,1
UBERON:0002168 polyA plus RNA-seq,ENCFF692RMR,ENCFF089GUP,ENCFF089GUP,UBERON:0002168,left lung,polyA plus RNA-seq,encode,1
UBERON:0002168 polyA plus RNA-seq,ENCFF786QNE,ENCFF387SJN,ENCFF387SJN,UBERON:0002168,left lung,polyA plus RNA-seq,encode,1
UBERON:0002168 polyA plus RNA-seq,ENCFF838THE,ENCFF648RBX,ENCFF648RBX,UBERON:0002168,left lung,polyA plus RNA-seq,encode,1
UBERON:0002168 total RNA-seq,ENCFF533BDU,ENCFF573JBK,ENCFF573JBK,UBERON:0002168,left lung,total RNA-seq,encode,2
UBERON:0002168 total RNA-seq,ENCFF886GEY,ENCFF808KRP,ENCFF808KRP,UBERON:0002168,left lung,total RNA-seq,encode,2
UBERON:0002170 total RNA-seq,ENCFF118YUM,ENCFF740HBZ,ENCFF740HBZ,UBERON:0002170,upper lobe of right lung,total RNA-seq,encode,2
UBERON:0002171 total RNA-seq,ENCFF201DYZ,ENCFF577ZXA,ENCFF577ZXA,UBERON:0002171,lower lobe of right lung,total RNA-seq,encode,2
UBERON:0002190 total RNA-seq,ENCFF125ERZ,ENCFF560FVE,ENCFF560FVE,UBERON:0002190,subcutaneous adipose tissue,total RNA-seq,encode,2
UBERON:0002190 total RNA-seq,ENCFF392JWL,ENCFF402SEK,ENCFF402SEK,UBERON:0002190,subcutaneous adipose tissue,total RNA-seq,encode,2
UBERON:0002190 total RNA-seq,ENCFF503KWI,ENCFF911IWQ,ENCFF911IWQ,UBERON:0002190,subcutaneous adipose tissue,total RNA-seq,encode,2
UBERON:0002190 total RNA-seq,ENCFF972YML,ENCFF359ATD,ENCFF359ATD,UBERON:0002190,subcutaneous adipose tissue,total RNA-seq,encode,2
UBERON:0002240 polyA plus RNA-seq,ENCFF296ZMF,ENCFF080VEH,ENCFF080VEH,UBERON:0002240,spinal cord,polyA plus RNA-seq,encode,3
UBERON:0002240 polyA plus RNA-seq,ENCFF705GQQ,ENCFF473FLK,ENCFF473FLK,UBERON:0002240,spinal cord,polyA plus RNA-seq,encode,3
UBERON:0002240 total RNA-seq,ENCFF216IXN,ENCFF768YRQ,ENCFF768YRQ,UBERON:0002240,spinal cord,total RNA-seq,encode,2
UBERON:0002324 polyA plus RNA-seq,ENCFF031BVI,ENCFF641YCY,ENCFF641YCY,UBERON:0002324,muscle of back,polyA plus RNA-seq,encode,1
UBERON:0002324 polyA plus RNA-seq,ENCFF172JEE,ENCFF470VWE,ENCFF470VWE,UBERON:0002324,muscle of back,polyA plus RNA-seq,encode,1
UBERON:0002324 polyA plus RNA-seq,ENCFF520VKI,ENCFF519CVR,ENCFF519CVR,UBERON:0002324,muscle of back,polyA plus RNA-seq,encode,1
UBERON:0002324 polyA plus RNA-seq,ENCFF597WFU,ENCFF590WBY,ENCFF590WBY,UBERON:0002324,muscle of back,polyA plus RNA-seq,encode,1
UBERON:0002324 polyA plus RNA-seq,ENCFF835PJC,ENCFF630CTN,ENCFF630CTN,UBERON:0002324,muscle of back,polyA plus RNA-seq,encode,1
UBERON:0002324 polyA plus RNA-seq,ENCFF945GRJ,ENCFF483IQJ,ENCFF483IQJ,UBERON:0002324,muscle of back,polyA plus RNA-seq,encode,1
UBERON:0002324 polyA plus RNA-seq,ENCFF970LTI,ENCFF343WYY,ENCFF343WYY,UBERON:0002324,muscle of back,polyA plus RNA-seq,encode,1
UBERON:0002331 total RNA-seq,ENCFF936XZJ,ENCFF604YPC,ENCFF604YPC,UBERON:0002331,umbilical cord,total RNA-seq,encode,2
UBERON:0002367 total RNA-seq,ENCFF273EQI,ENCFF535TIX,ENCFF535TIX,UBERON:0002367,prostate gland,total RNA-seq,encode,2
UBERON:0002367 total RNA-seq,ENCFF651TEC,ENCFF854EBH,ENCFF854EBH,UBERON:0002367,prostate gland,total RNA-seq,encode,2
UBERON:0002369 polyA plus RNA-seq,ENCFF227KPV,ENCFF561SVV,ENCFF561SVV,UBERON:0002369,adrenal gland,polyA plus RNA-seq,encode,3
UBERON:0002369 polyA plus RNA-seq,ENCFF322DJR,ENCFF064KKA,ENCFF064KKA,UBERON:0002369,adrenal gland,polyA plus RNA-seq,encode,3
UBERON:0002369 polyA plus RNA-seq,ENCFF399SSG,ENCFF558ZAJ,ENCFF558ZAJ,UBERON:0002369,adrenal gland,polyA plus RNA-seq,encode,3
UBERON:0002369 polyA plus RNA-seq,ENCFF500TSS,ENCFF297NQG,ENCFF297NQG,UBERON:0002369,adrenal gland,polyA plus RNA-seq,encode,3
UBERON:0002369 polyA plus RNA-seq,ENCFF588IFD,ENCFF662LZH,ENCFF662LZH,UBERON:0002369,adrenal gland,polyA plus RNA-seq,encode,3
UBERON:0002369 polyA plus RNA-seq,ENCFF605CNM,ENCFF319AAP,ENCFF319AAP,UBERON:0002369,adrenal gland,polyA plus RNA-seq,encode,3
UBERON:0002369 polyA plus RNA-seq,ENCFF885ONP,ENCFF195SMK,ENCFF195SMK,UBERON:0002369,adrenal gland,polyA plus RNA-seq,encode,3
UBERON:0002369 total RNA-seq,ENCFF236XOK,ENCFF133LYJ,ENCFF133LYJ,UBERON:0002369,adrenal gland,total RNA-seq,encode,2
UBERON:0002369 total RNA-seq,ENCFF260TWU,ENCFF496YJK,ENCFF496YJK,UBERON:0002369,adrenal gland,total RNA-seq,encode,2
UBERON:0002369 total RNA-seq,ENCFF268IFI,ENCFF290PRJ,ENCFF290PRJ,UBERON:0002369,adrenal gland,total RNA-seq,encode,2
UBERON:0002369 total RNA-seq,ENCFF402HRB,ENCFF718DUW,ENCFF718DUW,UBERON:0002369,adrenal gland,total RNA-seq,encode,2
UBERON:0002369 total RNA-seq,ENCFF422QXZ,ENCFF349IKE,ENCFF349IKE,UBERON:0002369,adrenal gland,total RNA-seq,encode,2
UBERON:0002369 total RNA-seq,ENCFF966CZY,ENCFF357VZF,ENCFF357VZF,UBERON:0002369,adrenal gland,total RNA-seq,encode,2
UBERON:0002369 total RNA-seq,ENCFF996QEJ,ENCFF037OMX,ENCFF037OMX,UBERON:0002369,adrenal gland,total RNA-seq,encode,2
UBERON:0002370 polyA plus RNA-seq,ENCFF137XOQ,ENCFF900MLZ,ENCFF900MLZ,UBERON:0002370,thymus,polyA plus RNA-seq,encode,3
UBERON:0002370 polyA plus RNA-seq,ENCFF423UFR,ENCFF884TVR,ENCFF884TVR,UBERON:0002370,thymus,polyA plus RNA-seq,encode,3
UBERON:0002370 polyA plus RNA-seq,ENCFF437BXM,ENCFF502RUV,ENCFF502RUV,UBERON:0002370,thymus,polyA plus RNA-seq,encode,3
UBERON:0002370 polyA plus RNA-seq,ENCFF550PKG,ENCFF199BDG,ENCFF199BDG,UBERON:0002370,thymus,polyA plus RNA-seq,encode,3
UBERON:0002370 polyA plus RNA-seq,ENCFF831NNE,ENCFF840VTO,ENCFF840VTO,UBERON:0002370,thymus,polyA plus RNA-seq,encode,3
UBERON:0002370 polyA plus RNA-seq,ENCFF925TEU,ENCFF482YAE,ENCFF482YAE,UBERON:0002370,thymus,polyA plus RNA-seq,encode,3
UBERON:0003124 polyA plus RNA-seq,ENCFF075TVU,ENCFF056UVT,ENCFF056UVT,UBERON:0003124,chorion,polyA plus RNA-seq,encode,2
UBERON:0003124 polyA plus RNA-seq,ENCFF112KBZ,ENCFF702CEO,ENCFF702CEO,UBERON:0003124,chorion,polyA plus RNA-seq,encode,2
UBERON:0003124 polyA plus RNA-seq,ENCFF504BTR,ENCFF381OQK,ENCFF381OQK,UBERON:0003124,chorion,polyA plus RNA-seq,encode,2
UBERON:0003124 polyA plus RNA-seq,ENCFF930ZEP,ENCFF064BKZ,ENCFF064BKZ,UBERON:0003124,chorion,polyA plus RNA-seq,encode,2
UBERON:0003662 polyA plus RNA-seq,ENCFF832TVV,ENCFF771JBV,ENCFF771JBV,UBERON:0003662,forelimb muscle,polyA plus RNA-seq,encode,1
UBERON:0004264 total RNA-seq,ENCFF306WQW,ENCFF318EJE,ENCFF318EJE,UBERON:0004264,lower leg skin,total RNA-seq,encode,2
UBERON:0004264 total RNA-seq,ENCFF483ZFP,ENCFF410QZX,ENCFF410QZX,UBERON:0004264,lower leg skin,total RNA-seq,encode,2
UBERON:0004264 total RNA-seq,ENCFF562IGK,ENCFF057TXE,ENCFF057TXE,UBERON:0004264,lower leg skin,total RNA-seq,encode,2
UBERON:0004264 total RNA-seq,ENCFF938ZLJ,ENCFF596HNR,ENCFF596HNR,UBERON:0004264,lower leg skin,total RNA-seq,encode,2
UBERON:0004538 polyA plus RNA-seq,ENCFF650GXU,ENCFF629GCT,ENCFF629GCT,UBERON:0004538,left kidney,polyA plus RNA-seq,encode,1
UBERON:0004550 total RNA-seq,ENCFF342IWO,ENCFF553LFH,ENCFF553LFH,UBERON:0004550,gastroesophageal sphincter,total RNA-seq,encode,2
UBERON:0004550 total RNA-seq,ENCFF679EIY,ENCFF487XUM,ENCFF487XUM,UBERON:0004550,gastroesophageal sphincter,total RNA-seq,encode,2
UBERON:0004550 total RNA-seq,ENCFF871GKI,ENCFF069OIK,ENCFF069OIK,UBERON:0004550,gastroesophageal sphincter,total RNA-seq,encode,2
UBERON:0004550 total RNA-seq,ENCFF988PCJ,ENCFF263ZRO,ENCFF263ZRO,UBERON:0004550,gastroesophageal sphincter,total RNA-seq,encode,2
UBERON:0004648 total RNA-seq,ENCFF171VHL,ENCFF071TXL,ENCFF071TXL,UBERON:0004648,esophagus muscularis mucosa,total RNA-seq,encode,2
UBERON:0004648 total RNA-seq,ENCFF366NYN,ENCFF973BSN,ENCFF973BSN,UBERON:0004648,esophagus muscularis mucosa,total RNA-seq,encode,2
UBERON:0004648 total RNA-seq,ENCFF581EJT,ENCFF741HPN,ENCFF741HPN,UBERON:0004648,esophagus muscularis mucosa,total RNA-seq,encode,2
UBERON:0004648 total RNA-seq,ENCFF947KLU,ENCFF008POE,ENCFF008POE,UBERON:0004648,esophagus muscularis mucosa,total RNA-seq,encode,2
UBERON:0004992 total RNA-seq,ENCFF688QOM,ENCFF985BPB,ENCFF985BPB,UBERON:0004992,mucosa of descending colon,total RNA-seq,encode,2
UBERON:0004992 total RNA-seq,ENCFF862VDV,ENCFF837ZJA,ENCFF837ZJA,UBERON:0004992,mucosa of descending colon,total RNA-seq,encode,2
UBERON:0005033 total RNA-seq,ENCFF549NPG,ENCFF905ARA,ENCFF905ARA,UBERON:0005033,mucosa of gallbladder,total RNA-seq,encode,2
UBERON:0005270 polyA plus RNA-seq,ENCFF003KHL,ENCFF860TYK,ENCFF860TYK,UBERON:0005270,renal cortex interstitium,polyA plus RNA-seq,encode,1
UBERON:0005270 polyA plus RNA-seq,ENCFF191GFJ,ENCFF724LSN,ENCFF724LSN,UBERON:0005270,renal cortex interstitium,polyA plus RNA-seq,encode,1
UBERON:0005270 polyA plus RNA-seq,ENCFF463UYL,ENCFF957KMU,ENCFF957KMU,UBERON:0005270,renal cortex interstitium,polyA plus RNA-seq,encode,1
UBERON:0006631 total RNA-seq,ENCFF915KEU,ENCFF263KEJ,ENCFF263KEJ,UBERON:0006631,right atrium auricular region,total RNA-seq,encode,2
UBERON:0006631 total RNA-seq,ENCFF951AHR,ENCFF025THJ,ENCFF025THJ,UBERON:0006631,right atrium auricular region,total RNA-seq,encode,2
UBERON:0006920 total RNA-seq,ENCFF282IAK,ENCFF833QMT,ENCFF833QMT,UBERON:0006920,esophagus squamous epithelium,total RNA-seq,encode,2
UBERON:0006920 total RNA-seq,ENCFF569RLX,ENCFF213LRI,ENCFF213LRI,UBERON:0006920,esophagus squamous epithelium,total RNA-seq,encode,2
UBERON:0006920 total RNA-seq,ENCFF736SRJ,ENCFF187QYU,ENCFF187QYU,UBERON:0006920,esophagus squamous epithelium,total RNA-seq,encode,2
UBERON:0006920 total RNA-seq,ENCFF932XAV,ENCFF766JPS,ENCFF766JPS,UBERON:0006920,esophagus squamous epithelium,total RNA-seq,encode,2
UBERON:0007106 polyA plus RNA-seq,ENCFF048JQQ,ENCFF314QAJ,ENCFF314QAJ,UBERON:0007106,chorionic villus,polyA plus RNA-seq,encode,2
UBERON:0007106 polyA plus RNA-seq,ENCFF130XAM,ENCFF121WXQ,ENCFF121WXQ,UBERON:0007106,chorionic villus,polyA plus RNA-seq,encode,2
UBERON:0007106 polyA plus RNA-seq,ENCFF132MTE,ENCFF744BTD,ENCFF744BTD,UBERON:0007106,chorionic villus,polyA plus RNA-seq,encode,2
UBERON:0007106 polyA plus RNA-seq,ENCFF340KKR,ENCFF804UGI,ENCFF804UGI,UBERON:0007106,chorionic villus,polyA plus RNA-seq,encode,2
UBERON:0008367 total RNA-seq,ENCFF164HRL,ENCFF603PIL,ENCFF603PIL,UBERON:0008367,breast epithelium,total RNA-seq,encode,2
UBERON:0008367 total RNA-seq,ENCFF249CRP,ENCFF863UAA,ENCFF863UAA,UBERON:0008367,breast epithelium,total RNA-seq,encode,2
UBERON:0008367 total RNA-seq,ENCFF308PAX,ENCFF169FHE,ENCFF169FHE,UBERON:0008367,breast epithelium,total RNA-seq,encode,2
UBERON:0008450 polyA plus RNA-seq,ENCFF330JFM,ENCFF754ZRA,ENCFF754ZRA,UBERON:0008450,psoas muscle,polyA plus RNA-seq,encode,2
UBERON:0008450 polyA plus RNA-seq,ENCFF709WUU,ENCFF711RSC,ENCFF711RSC,UBERON:0008450,psoas muscle,polyA plus RNA-seq,encode,2
UBERON:0008450 polyA plus RNA-seq,ENCFF859XYK,ENCFF999ARF,ENCFF999ARF,UBERON:0008450,psoas muscle,polyA plus RNA-seq,encode,2
UBERON:0008450 total RNA-seq,ENCFF093TCK,ENCFF462KBX,ENCFF462KBX,UBERON:0008450,psoas muscle,total RNA-seq,encode,2
UBERON:0008450 total RNA-seq,ENCFF223MRJ,ENCFF233HOM,ENCFF233HOM,UBERON:0008450,psoas muscle,total RNA-seq,encode,2
UBERON:0008952 total RNA-seq,ENCFF171AXG,ENCFF849BKN,ENCFF849BKN,UBERON:0008952,upper lobe of left lung,total RNA-seq,encode,2
UBERON:0008952 total RNA-seq,ENCFF425VKX,ENCFF138GLV,ENCFF138GLV,UBERON:0008952,upper lobe of left lung,total RNA-seq,encode,2
UBERON:0008952 total RNA-seq,ENCFF494BJO,ENCFF034RBU,ENCFF034RBU,UBERON:0008952,upper lobe of left lung,total RNA-seq,encode,2
UBERON:0008952 total RNA-seq,ENCFF682BYZ,ENCFF520NHF,ENCFF520NHF,UBERON:0008952,upper lobe of left lung,total RNA-seq,encode,2
UBERON:0008952 total RNA-seq,ENCFF774EMQ,ENCFF237XXC,ENCFF237XXC,UBERON:0008952,upper lobe of left lung,total RNA-seq,encode,2
UBERON:0008952 total RNA-seq,ENCFF871BDW,ENCFF493OET,ENCFF493OET,UBERON:0008952,upper lobe of left lung,total RNA-seq,encode,2
UBERON:0008953 total RNA-seq,ENCFF751CUI,ENCFF350OVE,ENCFF350OVE,UBERON:0008953,lower lobe of left lung,total RNA-seq,encode,2
UBERON:0008953 total RNA-seq,ENCFF874MDG,ENCFF327YQU,ENCFF327YQU,UBERON:0008953,lower lobe of left lung,total RNA-seq,encode,2
UBERON:0008971 total RNA-seq,ENCFF263CRG,ENCFF541ZMB,ENCFF541ZMB,UBERON:0008971,left colon,total RNA-seq,encode,2
UBERON:0008971 total RNA-seq,ENCFF996NCW,ENCFF270YAA,ENCFF270YAA,UBERON:0008971,left colon,total RNA-seq,encode,2
UBERON:0009834 total RNA-seq,ENCFF011DHD,ENCFF634JRF,ENCFF634JRF,UBERON:0009834,dorsolateral prefrontal cortex,total RNA-seq,encode,2
UBERON:0009834 total RNA-seq,ENCFF013HFB,ENCFF629NUI,ENCFF629NUI,UBERON:0009834,dorsolateral prefrontal cortex,total RNA-seq,encode,2
UBERON:0009834 total RNA-seq,ENCFF068AID,ENCFF455CDH,ENCFF455CDH,UBERON:0009834,dorsolateral prefrontal cortex,total RNA-seq,encode,2
UBERON:0009834 total RNA-seq,ENCFF079BOK,ENCFF759YTG,ENCFF759YTG,UBERON:0009834,dorsolateral prefrontal cortex,total RNA-seq,encode,2
UBERON:0009834 total RNA-seq,ENCFF083LBA,ENCFF715SXQ,ENCFF715SXQ,UBERON:0009834,dorsolateral prefrontal cortex,total RNA-seq,encode,2
UBERON:0009834 total RNA-seq,ENCFF171XXN,ENCFF381TII,ENCFF381TII,UBERON:0009834,dorsolateral prefrontal cortex,total RNA-seq,encode,2
UBERON:0009834 total RNA-seq,ENCFF211KHO,ENCFF475JUK,ENCFF475JUK,UBERON:0009834,dorsolateral prefrontal cortex,total RNA-seq,encode,2
UBERON:0009834 total RNA-seq,ENCFF307MUN,ENCFF857GII,ENCFF857GII,UBERON:0009834,dorsolateral prefrontal cortex,total RNA-seq,encode,2
UBERON:0009834 total RNA-seq,ENCFF349PBM,ENCFF104NDB,ENCFF104NDB,UBERON:0009834,dorsolateral prefrontal cortex,total RNA-seq,encode,2
UBERON:0009834 total RNA-seq,ENCFF351KYE,ENCFF733YEJ,ENCFF733YEJ,UBERON:0009834,dorsolateral prefrontal cortex,total RNA-seq,encode,2
UBERON:0009834 total RNA-seq,ENCFF363MZD,ENCFF196HWN,ENCFF196HWN,UBERON:0009834,dorsolateral prefrontal cortex,total RNA-seq,encode,2
UBERON:0009834 total RNA-seq,ENCFF375SZI,ENCFF587USA,ENCFF587USA,UBERON:0009834,dorsolateral prefrontal cortex,total RNA-seq,encode,2
UBERON:0009834 total RNA-seq,ENCFF412SMK,ENCFF035GJD,ENCFF035GJD,UBERON:0009834,dorsolateral prefrontal cortex,total RNA-seq,encode,2
UBERON:0009834 total RNA-seq,ENCFF416UGY,ENCFF482BDQ,ENCFF482BDQ,UBERON:0009834,dorsolateral prefrontal cortex,total RNA-seq,encode,2
UBERON:0009834 total RNA-seq,ENCFF509YNY,ENCFF987VHA,ENCFF987VHA,UBERON:0009834,dorsolateral prefrontal cortex,total RNA-seq,encode,2
UBERON:0009834 total RNA-seq,ENCFF540JTZ,ENCFF568QQJ,ENCFF568QQJ,UBERON:0009834,dorsolateral prefrontal cortex,total RNA-seq,encode,2
UBERON:0009834 total RNA-seq,ENCFF553GKS,ENCFF424DIT,ENCFF424DIT,UBERON:0009834,dorsolateral prefrontal cortex,total RNA-seq,encode,2
UBERON:0009834 total RNA-seq,ENCFF553VZK,ENCFF939BQK,ENCFF939BQK,UBERON:0009834,dorsolateral prefrontal cortex,total RNA-seq,encode,2
UBERON:0009834 total RNA-seq,ENCFF635SRJ,ENCFF193HXZ,ENCFF193HXZ,UBERON:0009834,dorsolateral prefrontal cortex,total RNA-seq,encode,2
UBERON:0009834 total RNA-seq,ENCFF702UDE,ENCFF927ANS,ENCFF927ANS,UBERON:0009834,dorsolateral prefrontal cortex,total RNA-seq,encode,2
UBERON:0009834 total RNA-seq,ENCFF791RZL,ENCFF030JXK,ENCFF030JXK,UBERON:0009834,dorsolateral prefrontal cortex,total RNA-seq,encode,2
UBERON:0009834 total RNA-seq,ENCFF808UYE,ENCFF701JUX,ENCFF701JUX,UBERON:0009834,dorsolateral prefrontal cortex,total RNA-seq,encode,2
UBERON:0009834 total RNA-seq,ENCFF877NUD,ENCFF233HJC,ENCFF233HJC,UBERON:0009834,dorsolateral prefrontal cortex,total RNA-seq,encode,2
UBERON:0009834 total RNA-seq,ENCFF899AKM,ENCFF145JTX,ENCFF145JTX,UBERON:0009834,dorsolateral prefrontal cortex,total RNA-seq,encode,2
UBERON:0010414 total RNA-seq,ENCFF051CMQ,ENCFF900XSJ,ENCFF900XSJ,UBERON:0010414,omental fat pad,total RNA-seq,encode,2
UBERON:0010414 total RNA-seq,ENCFF173SBL,ENCFF889JRS,ENCFF889JRS,UBERON:0010414,omental fat pad,total RNA-seq,encode,2
UBERON:0010414 total RNA-seq,ENCFF656QCS,ENCFF669TRH,ENCFF669TRH,UBERON:0010414,omental fat pad,total RNA-seq,encode,2
UBERON:0010414 total RNA-seq,ENCFF725UBV,ENCFF847OUD,ENCFF847OUD,UBERON:0010414,omental fat pad,total RNA-seq,encode,2
UBERON:0011907 total RNA-seq,ENCFF118PSU,ENCFF340TAG,ENCFF340TAG,UBERON:0011907,gastrocnemius medialis,total RNA-seq,encode,2
UBERON:0011907 total RNA-seq,ENCFF202OLF,ENCFF563AJC,ENCFF563AJC,UBERON:0011907,gastrocnemius medialis,total RNA-seq,encode,2
UBERON:0011907 total RNA-seq,ENCFF470QLH,ENCFF007ZBY,ENCFF007ZBY,UBERON:0011907,gastrocnemius medialis,total RNA-seq,encode,2
UBERON:0011907 total RNA-seq,ENCFF728GIC,ENCFF497QCQ,ENCFF497QCQ,UBERON:0011907,gastrocnemius medialis,total RNA-seq,encode,2
UBERON:0015143 total RNA-seq,ENCFF589IWR,ENCFF668DGV,ENCFF668DGV,UBERON:0015143,mesenteric fat pad,total RNA-seq,encode,2
UBERON:0018115 polyA plus RNA-seq,ENCFF789BAL,ENCFF990MDC,ENCFF990MDC,UBERON:0018115,left renal pelvis,polyA plus RNA-seq,encode,1
UBERON:0018115 polyA plus RNA-seq,ENCFF801GDG,ENCFF563MLL,ENCFF563MLL,UBERON:0018115,left renal pelvis,polyA plus RNA-seq,encode,1
UBERON:0018115 polyA plus RNA-seq,ENCFF866SDL,ENCFF881ITI,ENCFF881ITI,UBERON:0018115,left renal pelvis,polyA plus RNA-seq,encode,1
UBERON:0018116 polyA plus RNA-seq,ENCFF523DOF,ENCFF679YQA,ENCFF679YQA,UBERON:0018116,right renal pelvis,polyA plus RNA-seq,encode,1
UBERON:0018116 polyA plus RNA-seq,ENCFF645UVR,ENCFF146DMX,ENCFF146DMX,UBERON:0018116,right renal pelvis,polyA plus RNA-seq,encode,1
UBERON:0018116 polyA plus RNA-seq,ENCFF754GOU,ENCFF046NXJ,ENCFF046NXJ,UBERON:0018116,right renal pelvis,polyA plus RNA-seq,encode,1
UBERON:0018116 polyA plus RNA-seq,ENCFF831FJE,ENCFF876MLB,ENCFF876MLB,UBERON:0018116,right renal pelvis,polyA plus RNA-seq,encode,1
UBERON:0018117 polyA plus RNA-seq,ENCFF113MLN,ENCFF669XAP,ENCFF669XAP,UBERON:0018117,left renal cortex interstitium,polyA plus RNA-seq,encode,1
UBERON:0018117 polyA plus RNA-seq,ENCFF507PUQ,ENCFF099RCL,ENCFF099RCL,UBERON:0018117,left renal cortex interstitium,polyA plus RNA-seq,encode,1
UBERON:0018117 polyA plus RNA-seq,ENCFF639KIS,ENCFF251HQX,ENCFF251HQX,UBERON:0018117,left renal cortex interstitium,polyA plus RNA-seq,encode,1
UBERON:0018118 polyA plus RNA-seq,ENCFF014BZI,ENCFF367NBV,ENCFF367NBV,UBERON:0018118,right renal cortex interstitium,polyA plus RNA-seq,encode,1
UBERON:0018118 polyA plus RNA-seq,ENCFF711AJY,ENCFF745TWT,ENCFF745TWT,UBERON:0018118,right renal cortex interstitium,polyA plus RNA-seq,encode,1
UBERON:0018118 polyA plus RNA-seq,ENCFF921KHI,ENCFF717QBH,ENCFF717QBH,UBERON:0018118,right renal cortex interstitium,polyA plus RNA-seq,encode,1
UBERON:0036149 total RNA-seq,ENCFF012XRF,ENCFF726WTR,ENCFF726WTR,UBERON:0036149,suprapubic skin,total RNA-seq,encode,2
UBERON:0036149 total RNA-seq,ENCFF332DXT,ENCFF498TQF,ENCFF498TQF,UBERON:0036149,suprapubic skin,total RNA-seq,encode,2
UBERON:0036149 total RNA-seq,ENCFF440ZBY,ENCFF136YVC,ENCFF136YVC,UBERON:0036149,suprapubic skin,total RNA-seq,encode,2
UBERON:0036149 total RNA-seq,ENCFF781JKV,ENCFF685FCX,ENCFF685FCX,UBERON:0036149,suprapubic skin,total RNA-seq,encode,2
UBERON:1000010 polyA plus RNA-seq,ENCFF496RMH,ENCFF155PWD,ENCFF155PWD,UBERON:1000010,mole,polyA plus RNA-seq,encode,2
