row_index,id,original_id,targets_identifier_base,query_accession,query_type,ontology_curie,biosample_name,biosample_classification,assay,errors,alphagenome_rna_track_count,alphagenome_supported
1,ENCFF035CWS,ENCSR094GVZ,ENCFF387UUZ,ENCFF035CWS,file,UBERON:0001159,sigmoid colon,tissue,total RNA-seq,,5,yes
2,ENCFF329ENM,ENCFF672VYQ,ENCFF672VYQ,ENCFF329ENM,file,UBERON:0001157,transverse colon,tissue,total RNA-seq,,3,yes
3,ENCFF761SPP,ENCSR561FEE,ENCFF917RKL,ENCFF761SPP,file,EFO:0001187,HepG2,cell line,polyA plus RNA-seq,,5,yes
4,ENCFF731CJY,ENCFF168OLY,ENCFF168OLY,ENCFF731CJY,file,CL:2000040,bladder microvascular endothelial cell,primary cell,total RNA-seq,,2,yes
5,ENCFF242NRP,ENCFF153YEN,ENCFF153YEN,ENCFF242NRP,file,CL:0002328,bronchial epithelial cell,primary cell,total RNA-seq,,2,yes
6,ENCFF465EDA,ENCFF366CCB,ENCFF366CCB,ENCFF465EDA,file,CL:2000010,dermis blood vessel endothelial cell,primary cell,total RNA-seq,,2,yes
7,ENCFF152CYS,ENCFF805UDX,ENCFF805UDX,ENCFF152CYS,file,CL:2000011,dermis lymphatic vessel endothelial cell,primary cell,total RNA-seq,,2,yes
8,ENCFF900QOK,ENCFF079OMS,ENCFF079OMS,ENCFF900QOK,file,CL:2000041,dermis microvascular lymphatic vessel endothelial cell,primary cell,total RNA-seq,,2,yes
9,ENCFF708BZY,ENCFF114NWW,ENCFF114NWW,ENCFF708BZY,file,CL:2000094,nasal cavity respiratory epithelium epithelial cell of viscerocranial mucosa,primary cell,total RNA-seq,,2,yes
10,ENCFF225PNB,ENCFF520FAO,ENCFF520FAO,ENCFF225PNB,file,CL:1001568,pulmonary artery endothelial cell,primary cell,total RNA-seq,,2,yes
11,ENCFF898FAP,ENCFF556PAF,ENCFF556PAF,ENCFF898FAP,file,CL:0002553,fibroblast of lung,primary cell,total RNA-seq,,5,yes
12,ENCFF160GXU,ENCFF618FQK,ENCFF618FQK,ENCFF160GXU,file,CL:2000016,lung microvascular endothelial cell,primary cell,total RNA-seq,,2,yes
13,ENCFF342TVX,ENCFF520NFI,ENCFF520NFI,ENCFF342TVX,file,CL:0000307,tracheal epithelial cell,primary cell,total RNA-seq,,2,yes
14,ENCFF411NXG,ENCFF572FWT,ENCFF572FWT,ENCFF411NXG,file,CL:0010002,epithelial cell of umbilical artery,primary cell,total RNA-seq,,2,yes
15,ENCFF563OCX,ENCFF470BSF,ENCFF470BSF,ENCFF563OCX,file,EFO:0002784,GM12878,cell line,total RNA-seq,,5,yes
16,ENCFF729OOW,ENCFF617ZDV,ENCFF617ZDV,ENCFF729OOW,file,EFO:0002784,GM12878,cell line,polyA plus RNA-seq,,5,yes
17,ENCFF381QCU,ENCFF993POP,ENCFF993POP,ENCFF381QCU,file,EFO:0002784,GM12878,cell line,total RNA-seq,,5,yes
18,ENCFF949BCP,ENCFF678ITA,ENCFF678ITA,ENCFF949BCP,file,EFO:0002784,GM12878,cell line,polyA plus RNA-seq,,5,yes
19,ENCFF140UJC,ENCFF812WIL,ENCFF812WIL,ENCFF140UJC,file,EFO:0002784,GM12878,cell line,polyA plus RNA-seq,,5,yes
20,ENCFF150MRJ,ENCFF142WGV,ENCFF142WGV,ENCFF150MRJ,file,EFO:0002784,GM12878,cell line,polyA plus RNA-seq,,5,yes
21,ENCFF595XJM,ENCFF980ZHM,ENCFF980ZHM,ENCFF595XJM,file,EFO:0002067,K562,cell line,total RNA-seq,,5,yes
22,ENCFF754JEN,ENCFF132DVY,ENCFF132DVY,ENCFF754JEN,file,EFO:0002067,K562,cell line,polyA plus RNA-seq,,5,yes
23,ENCFF219JME,ENCFF919EXM,ENCFF919EXM,ENCFF219JME,file,EFO:0002067,K562,cell line,total RNA-seq,,5,yes
24,ENCFF864OUS,ENCFF552CYS,ENCFF552CYS,ENCFF864OUS,file,EFO:0002067,K562,cell line,polyA plus RNA-seq,,5,yes
25,ENCFF578UUD,ENCFF991BRF,ENCFF991BRF,ENCFF578UUD,file,EFO:0002067,K562,cell line,polyA plus RNA-seq,,5,yes
26,ENCFF688VJF,ENCFF769VLM,ENCFF769VLM,ENCFF688VJF,file,EFO:0002067,K562,cell line,polyA plus RNA-seq,,5,yes
27,ENCFF605GCL,ENCFF638TDD,ENCFF638TDD,ENCFF605GCL,file,UBERON:0002037,cerebellum,tissue,total RNA-seq,,5,yes
28,ENCFF087WBL,ENCFF355IUO,ENCFF355IUO,ENCFF087WBL,file,UBERON:0001894,diencephalon,tissue,total RNA-seq,,2,yes
29,ENCFF371QMA,ENCFF217HQN,ENCFF217HQN,ENCFF371QMA,file,UBERON:0001870,frontal cortex,tissue,total RNA-seq,,3,yes
30,ENCFF795IZJ,ENCFF454SXU,ENCFF454SXU,ENCFF795IZJ,file,UBERON:0000948,heart,tissue,total RNA-seq,,5,yes
31,ENCFF746EQL,ENCFF367PUX,ENCFF367PUX,ENCFF746EQL,file,UBERON:0000081,metanephros,tissue,total RNA-seq,,2,yes
32,ENCFF055STD,ENCFF892OBT,ENCFF892OBT,ENCFF055STD,file,UBERON:0002048,lung,tissue,total RNA-seq,,4,yes
33,ENCFF119BVB,ENCFF537TSF,ENCFF537TSF,ENCFF119BVB,file,UBERON:0002021,occipital lobe,tissue,total RNA-seq,,2,yes
34,ENCFF876PVW,ENCFF470OAY,ENCFF470OAY,ENCFF876PVW,file,UBERON:0001872,parietal lobe,tissue,total RNA-seq,,2,yes
35,ENCFF301XTS,ENCFF198TLM,ENCFF198TLM,ENCFF301XTS,file,UBERON:0002097,skin of body,tissue,total RNA-seq,,2,yes
36,ENCFF216IXN,ENCFF768YRQ,ENCFF768YRQ,ENCFF216IXN,file,UBERON:0002240,spinal cord,tissue,total RNA-seq,,5,yes
37,ENCFF547WLJ,ENCFF709SZT,ENCFF709SZT,ENCFF547WLJ,file,UBERON:0001871,temporal lobe,tissue,total RNA-seq,,2,yes
38,ENCFF169HKI,ENCFF844XCX,ENCFF844XCX,ENCFF169HKI,file,UBERON:0002046,thyroid gland,tissue,total RNA-seq,,3,yes
39,ENCFF774CJM,ENCFF175KXC,ENCFF175KXC,ENCFF774CJM,file,UBERON:0001723,tongue,tissue,total RNA-seq,,2,yes
40,ENCFF936XZJ,ENCFF604YPC,ENCFF604YPC,ENCFF936XZJ,file,UBERON:0002331,umbilical cord,tissue,total RNA-seq,,2,yes
41,ENCFF615MVP,ENCFF592ZIP,ENCFF592ZIP,ENCFF615MVP,file,UBERON:0000995,uterus,tissue,total RNA-seq,,3,yes
42,ENCFF609EXJ,ENCFF676EVQ,ENCFF676EVQ,ENCFF609EXJ,file,UBERON:0000019,camera-type eye,tissue,total RNA-seq,,2,yes
43,ENCFF433YMU,ENCFF018EZY,ENCFF018EZY,ENCFF433YMU,file,UBERON:0000948,heart,tissue,total RNA-seq,,5,yes
44,ENCFF391TNI,ENCFF549SVZ,ENCFF549SVZ,ENCFF391TNI,file,CLO:0007045,"Jurkat, Clone E6-1",cell line,polyA plus RNA-seq,,1,yes
45,ENCFF511EQD,ENCFF263CML,ENCFF263CML,ENCFF511EQD,file,EFO:0001086,A549,cell line,polyA plus RNA-seq,,2,yes
46,ENCFF857QNY,ENCFF882JUS,ENCFF882JUS,ENCFF857QNY,file,EFO:0005718,Ishikawa,cell line,polyA plus RNA-seq,,0,no
47,ENCFF951RYM,ENCFF188RIO,ENCFF188RIO,ENCFF951RYM,file,EFO:0005718,Ishikawa,cell line,polyA plus RNA-seq,,0,no
48,ENCFF562SXG,ENCFF165CZI,ENCFF165CZI,ENCFF562SXG,file,EFO:0005718,Ishikawa,cell line,polyA plus RNA-seq,,0,no
49,ENCFF220IPM,ENCFF755HLM,ENCFF755HLM,ENCFF220IPM,file,EFO:0005718,Ishikawa,cell line,polyA plus RNA-seq,,0,no
50,ENCFF562IUX,ENCFF353TRR,ENCFF353TRR,ENCFF562IUX,file,EFO:0001247,T47D,cell line,polyA plus RNA-seq,,0,no
51,ENCFF396EGD,ENCFF287DGM,ENCFF287DGM,ENCFF396EGD,file,EFO:0001247,T47D,cell line,polyA plus RNA-seq,,0,no
52,ENCFF064NMJ,ENCFF660UBK,ENCFF660UBK,ENCFF064NMJ,file,EFO:0001247,T47D,cell line,polyA plus RNA-seq,,0,no
53,ENCFF865UQW,ENCFF353MIF,ENCFF353MIF,ENCFF865UQW,file,EFO:0001247,T47D,cell line,polyA plus RNA-seq,,0,no
54,ENCFF749PME,ENCFF808QXI,ENCFF808QXI,ENCFF749PME,file,EFO:0001086,A549,cell line,polyA plus RNA-seq,,2,yes
55,ENCFF313MIX,ENCFF181YIA,ENCFF181YIA,ENCFF313MIX,file,EFO:0001086,A549,cell line,polyA plus RNA-seq,,2,yes
56,ENCFF284LBU,ENCFF409JEW,ENCFF409JEW,ENCFF284LBU,file,EFO:0001086,A549,cell line,polyA plus RNA-seq,,2,yes
57,ENCFF925ESW,ENCFF949LLY,ENCFF949LLY,ENCFF925ESW,file,EFO:0005725,BE2C,cell line,polyA plus RNA-seq,,1,yes
58,ENCFF279CBC,ENCFF038WPL,ENCFF038WPL,ENCFF279CBC,file,EFO:0003072,SK-N-SH,cell line,polyA plus RNA-seq,,3,yes
59,ENCFF257MUY,ENCFF142KMX,ENCFF142KMX,ENCFF257MUY,file,EFO:0002713,Panc1,cell line,polyA plus RNA-seq,,3,yes
60,ENCFF507UBT,ENCFF378HTE,ENCFF378HTE,ENCFF507UBT,file,EFO:0005234,PFSK-1,cell line,polyA plus RNA-seq,,1,yes
61,ENCFF132XOB,ENCFF450BGT,ENCFF450BGT,ENCFF132XOB,file,EFO:0005237,U-87 MG,cell line,polyA plus RNA-seq,,1,yes
62,ENCFF289OVP,ENCFF222BDI,ENCFF222BDI,ENCFF289OVP,file,EFO:0003042,H1,cell line,polyA plus RNA-seq,,5,yes
63,ENCFF850LBX,ENCFF516KYO,ENCFF516KYO,ENCFF850LBX,file,EFO:0002067,K562,cell line,polyA plus RNA-seq,,5,yes
64,ENCFF687OMX,ENCFF575YME,ENCFF575YME,ENCFF687OMX,file,EFO:0001086,A549,cell line,polyA plus RNA-seq,,2,yes
65,ENCFF486ABY,ENCFF735EPI,ENCFF735EPI,ENCFF486ABY,file,EFO:0006270,AG04450,cell line,polyA plus RNA-seq,,2,yes
66,ENCFF471OWY,ENCFF829TKX,ENCFF829TKX,ENCFF471OWY,file,EFO:0002779,BJ,cell line,polyA plus RNA-seq,,2,yes
67,ENCFF311RKY,ENCFF914IXY,ENCFF914IXY,ENCFF311RKY,file,EFO:0002784,GM12878,cell line,polyA plus RNA-seq,,5,yes
68,ENCFF762YBF,ENCFF696CDU,ENCFF696CDU,ENCFF762YBF,file,EFO:0002784,GM12878,cell line,polyA plus RNA-seq,,5,yes
69,ENCFF081FQX,ENCFF501KFP,ENCFF501KFP,ENCFF081FQX,file,EFO:0003042,H1,cell line,polyA plus RNA-seq,,5,yes
70,ENCFF128HEW,ENCFF729MSA,ENCFF729MSA,ENCFF128HEW,file,EFO:0003042,H1,cell line,polyA plus RNA-seq,,5,yes
71,ENCFF074PZH,ENCFF587OLO,ENCFF587OLO,ENCFF074PZH,file,EFO:0003042,H1,cell line,polyA plus RNA-seq,,5,yes
72,ENCFF248IZE,ENCFF888MQS,ENCFF888MQS,ENCFF248IZE,file,CL:0002327,mammary epithelial cell,primary cell,polyA plus RNA-seq,,4,yes
73,ENCFF675NVY,ENCFF005LKD,ENCFF005LKD,ENCFF675NVY,file,CL:0002618,endothelial cell of umbilical vein,primary cell,polyA plus RNA-seq,,5,yes
74,ENCFF546BFB,ENCFF032IMA,ENCFF032IMA,ENCFF546BFB,file,CL:0002618,endothelial cell of umbilical vein,primary cell,polyA plus RNA-seq,,5,yes
75,ENCFF523SST,ENCFF804BGA,ENCFF804BGA,ENCFF523SST,file,CL:0002618,endothelial cell of umbilical vein,primary cell,polyA plus RNA-seq,,5,yes
76,ENCFF281BBM,ENCFF431NUC,ENCFF431NUC,ENCFF281BBM,file,EFO:0001187,HepG2,cell line,polyA plus RNA-seq,,5,yes
77,ENCFF947VHW,ENCFF065PJM,ENCFF065PJM,ENCFF947VHW,file,EFO:0001187,HepG2,cell line,polyA plus RNA-seq,,5,yes
78,ENCFF927NZL,ENCFF518DFP,ENCFF518DFP,ENCFF927NZL,file,EFO:0001187,HepG2,cell line,polyA plus RNA-seq,,5,yes
79,ENCFF950KXS,ENCFF119ONM,ENCFF119ONM,ENCFF950KXS,file,EFO:0002067,K562,cell line,polyA plus RNA-seq,,5,yes
80,ENCFF119KHR,ENCFF217JSG,ENCFF217JSG,ENCFF119KHR,file,CL:0000312,keratinocyte,primary cell,polyA plus RNA-seq,,3,yes
81,ENCFF715DGD,ENCFF226FBQ,ENCFF226FBQ,ENCFF715DGD,file,CL:0000312,keratinocyte,primary cell,polyA plus RNA-seq,,3,yes
82,ENCFF994TIH,ENCFF703WGS,ENCFF703WGS,ENCFF994TIH,file,CL:0000312,keratinocyte,primary cell,polyA plus RNA-seq,,3,yes
83,ENCFF744KRW,ENCFF664JII,ENCFF664JII,ENCFF744KRW,file,CL:0002553,fibroblast of lung,primary cell,polyA plus RNA-seq,,5,yes
84,ENCFF564QXH,ENCFF217KTR,ENCFF217KTR,ENCFF564QXH,file,EFO:0003072,SK-N-SH,cell line,polyA plus RNA-seq,,3,yes
85,ENCFF993NSG,ENCFF983FMY,ENCFF983FMY,ENCFF993NSG,file,EFO:0002784,GM12878,cell line,polyA plus RNA-seq,,5,yes
86,ENCFF118WJD,ENCFF425GMM,ENCFF425GMM,ENCFF118WJD,file,EFO:0002791,HeLa-S3,cell line,polyA plus RNA-seq,,3,yes
87,ENCFF181XMI,ENCFF515VVS,ENCFF515VVS,ENCFF181XMI,file,EFO:0002791,HeLa-S3,cell line,polyA plus RNA-seq,,3,yes
88,ENCFF177JCJ,ENCFF708PAF,ENCFF708PAF,ENCFF177JCJ,file,EFO:0002791,HeLa-S3,cell line,polyA plus RNA-seq,,3,yes
89,ENCFF327DXV,ENCFF669RVI,ENCFF669RVI,ENCFF327DXV,file,EFO:0002067,K562,cell line,polyA plus RNA-seq,,5,yes
90,ENCFF159NNM,ENCFF795XIC,ENCFF795XIC,ENCFF159NNM,file,EFO:0001203,MCF-7,cell line,polyA plus RNA-seq,,5,yes
91,ENCFF204KIH,ENCFF124AUH,ENCFF124AUH,ENCFF204KIH,file,EFO:0002067,K562,cell line,total RNA-seq,,5,yes
92,ENCFF793LYB,ENCFF886LMB,ENCFF886LMB,ENCFF793LYB,file,EFO:0002067,K562,cell line,total RNA-seq,,5,yes
93,ENCFF021ZXF,ENCFF246QLC,ENCFF246QLC,ENCFF021ZXF,file,EFO:0002067,K562,cell line,total RNA-seq,,5,yes
94,ENCFF775WKB,ENCFF087WJT,ENCFF087WJT,ENCFF775WKB,file,EFO:0001196,IMR-90,cell line,total RNA-seq,,4,yes
95,ENCFF964FBY,ENCFF717ESE,ENCFF717ESE,ENCFF964FBY,file,EFO:0001086,A549,cell line,polyA plus RNA-seq,,2,yes
96,ENCFF009MEF,ENCFF771QOV,ENCFF771QOV,ENCFF009MEF,file,EFO:0001086,A549,cell line,polyA plus RNA-seq,,2,yes
97,ENCFF560TMJ,ENCFF096YGQ,ENCFF096YGQ,ENCFF560TMJ,file,EFO:0001196,IMR-90,cell line,polyA plus RNA-seq,,4,yes
98,ENCFF125YQH,ENCFF229AJQ,ENCFF229AJQ,ENCFF125YQH,file,EFO:0001203,MCF-7,cell line,polyA plus RNA-seq,,5,yes
99,ENCFF763NIZ,ENCFF236YOT,ENCFF236YOT,ENCFF763NIZ,file,EFO:0001196,IMR-90,cell line,polyA plus RNA-seq,,4,yes
100,ENCFF768XGT,ENCFF705NPF,ENCFF705NPF,ENCFF768XGT,file,EFO:0001196,IMR-90,cell line,polyA plus RNA-seq,,4,yes
101,ENCFF398LLD,ENCFF031HEW,ENCFF031HEW,ENCFF398LLD,file,EFO:0003072,SK-N-SH,cell line,polyA plus RNA-seq,,3,yes
102,ENCFF437DAI,ENCFF256CAM,ENCFF256CAM,ENCFF437DAI,file,EFO:0003072,SK-N-SH,cell line,polyA plus RNA-seq,,3,yes
103,ENCFF666OAW,ENCFF601EJS,ENCFF601EJS,ENCFF666OAW,file,EFO:0003072,SK-N-SH,cell line,polyA plus RNA-seq,,3,yes
104,ENCFF844QFX,ENCFF297JKU,ENCFF297JKU,ENCFF844QFX,file,EFO:0001203,MCF-7,cell line,polyA plus RNA-seq,,5,yes
105,ENCFF026RXV,ENCFF252DFZ,ENCFF252DFZ,ENCFF026RXV,file,CL:0000236,B cell,primary cell,polyA plus RNA-seq,,4,yes
106,ENCFF808GOE,ENCFF779FMR,ENCFF779FMR,ENCFF808GOE,file,CL:2000078,placental pericyte,primary cell,total RNA-seq,,2,yes
107,ENCFF923NFZ,ENCFF653TAB,ENCFF653TAB,ENCFF923NFZ,file,CL:0002570,mesenchymal stem cell of adipose,primary cell,total RNA-seq,,2,yes
108,ENCFF120RCC,ENCFF841GMC,ENCFF841GMC,ENCFF120RCC,file,CL:0000837,hematopoietic multipotent progenitor cell,in vitro differentiated cells,total RNA-seq,,2,yes
109,ENCFF176WEG,ENCFF798NEI,ENCFF798NEI,ENCFF176WEG,file,CL:0000346,hair follicle dermal papilla cell,primary cell,total RNA-seq,,2,yes
110,ENCFF193JED,ENCFF023YXV,ENCFF023YXV,ENCFF193JED,file,CL:0001054,CD14-positive monocyte,primary cell,polyA plus RNA-seq,,3,yes
111,ENCFF997ZTN,ENCFF359MTP,ENCFF359MTP,ENCFF997ZTN,file,CL:0002540,mesenchymal stem cell of the bone marrow,primary cell,total RNA-seq,,2,yes
112,ENCFF701DRY,ENCFF314QIG,ENCFF314QIG,ENCFF701DRY,file,CL:2000007,articular chondrocyte of knee joint,primary cell,total RNA-seq,,2,yes
113,ENCFF998VKC,ENCFF953CRN,ENCFF953CRN,ENCFF998VKC,file,CL:0000062,osteoblast,primary cell,total RNA-seq,,2,yes
114,ENCFF175HEN,ENCFF143TXA,ENCFF143TXA,ENCFF175HEN,file,CL:0002543,vein endothelial cell,primary cell,total RNA-seq,,2,yes
115,ENCFF376KFP,ENCFF343FWG,ENCFF343FWG,ENCFF376KFP,file,CL:0002551,fibroblast of dermis,primary cell,total RNA-seq,,2,yes
116,ENCFF705LRX,ENCFF804YRV,ENCFF804YRV,ENCFF705LRX,file,CL:0000594,skeletal muscle satellite cell,primary cell,total RNA-seq,,2,yes
117,ENCFF935KPA,ENCFF256ZZS,ENCFF256ZZS,ENCFF935KPA,file,CL:0002547,fibroblast of the aortic adventitia,primary cell,total RNA-seq,,2,yes
118,ENCFF266XOR,ENCFF805HMR,ENCFF805HMR,ENCFF266XOR,file,CL:0002545,thoracic aorta endothelial cell,primary cell,total RNA-seq,,2,yes
119,ENCFF999JNH,ENCFF649CUP,ENCFF649CUP,ENCFF999JNH,file,CL:0002558,fibroblast of villous mesenchyme,primary cell,total RNA-seq,,2,yes
120,ENCFF279CXA,ENCFF233TOO,ENCFF233TOO,ENCFF279CXA,file,CL:0002583,subcutaneous preadipocyte,primary cell,total RNA-seq,,2,yes
121,ENCFF512OQU,ENCFF096YBH,ENCFF096YBH,ENCFF512OQU,file,CL:0002327,mammary epithelial cell,primary cell,total RNA-seq,,4,yes
122,ENCFF969QLB,ENCFF492ICA,ENCFF492ICA,ENCFF969QLB,file,CL:0002568,mesenchymal stem cell of Wharton's jelly,primary cell,total RNA-seq,,2,yes
123,ENCFF584ZVO,ENCFF591NKN,ENCFF591NKN,ENCFF584ZVO,file,CL:0002577,placental epithelial cell,primary cell,total RNA-seq,,2,yes
124,ENCFF074YUJ,ENCFF723WDG,ENCFF723WDG,ENCFF074YUJ,file,CL:1000458,melanocyte of skin,primary cell,total RNA-seq,,2,yes
125,ENCFF498IEF,ENCFF230ZSG,ENCFF230ZSG,ENCFF498IEF,file,CL:1000458,melanocyte of skin,primary cell,total RNA-seq,,2,yes
126,ENCFF872PDN,ENCFF151XTV,ENCFF151XTV,ENCFF872PDN,file,CL:0000842,mononuclear cell,primary cell,total RNA-seq,,2,yes
127,ENCFF183DAT,ENCFF853JVS,ENCFF853JVS,ENCFF183DAT,file,EFO:0002784,GM12878,cell line,total RNA-seq,,5,yes
128,ENCFF059EED,ENCFF982YRZ,ENCFF982YRZ,ENCFF059EED,file,EFO:0002067,K562,cell line,polyA plus RNA-seq,,5,yes
129,ENCFF762IMM,ENCFF594PZM,ENCFF594PZM,ENCFF762IMM,file,EFO:0002067,K562,cell line,polyA plus RNA-seq,,5,yes
130,ENCFF387XMN,ENCFF722OTS,ENCFF722OTS,ENCFF387XMN,file,EFO:0002067,K562,cell line,polyA plus RNA-seq,,5,yes
131,ENCFF881ZVB,ENCFF311UQI,ENCFF311UQI,ENCFF881ZVB,file,EFO:0002067,K562,cell line,polyA plus RNA-seq,,5,yes
132,ENCFF728FRI,ENCFF987SCM,ENCFF987SCM,ENCFF728FRI,file,EFO:0002785,GM12891,cell line,polyA plus RNA-seq,,1,yes
133,ENCFF421USV,ENCFF659BXA,ENCFF659BXA,ENCFF421USV,file,EFO:0002786,GM12892,cell line,polyA plus RNA-seq,,1,yes
134,ENCFF074RGC,ENCFF069PST,ENCFF069PST,ENCFF074RGC,file,EFO:0002824,HCT116,cell line,polyA plus RNA-seq,,3,yes
135,ENCFF398FLG,ENCFF106FBY,ENCFF106FBY,ENCFF398FLG,file,CL:0000515,skeletal muscle myoblast,primary cell,polyA plus RNA-seq,,5,yes
136,ENCFF108DXL,ENCFF543YFY,ENCFF543YFY,ENCFF108DXL,file,CL:0000187,myocyte,in vitro differentiated cells,polyA plus RNA-seq,,3,yes
137,ENCFF226JAL,ENCFF905ISC,ENCFF905ISC,ENCFF226JAL,file,EFO:0005714,LHCN-M2,cell line,polyA plus RNA-seq,,3,yes
138,ENCFF534TOF,ENCFF808PHI,ENCFF808PHI,ENCFF534TOF,file,EFO:0001203,MCF-7,cell line,polyA plus RNA-seq,,5,yes
139,ENCFF201YGM,ENCFF036JNR,ENCFF036JNR,ENCFF201YGM,file,CL:0002553,fibroblast of lung,primary cell,polyA plus RNA-seq,,5,yes
140,ENCFF156YPU,ENCFF684NXV,ENCFF684NXV,ENCFF156YPU,file,EFO:0002784,GM12878,cell line,polyA plus RNA-seq,,5,yes
141,ENCFF357ZHP,ENCFF860AKE,ENCFF860AKE,ENCFF357ZHP,file,EFO:0002067,K562,cell line,polyA plus RNA-seq,,5,yes
142,ENCFF323OQO,ENCFF687EZU,ENCFF687EZU,ENCFF323OQO,file,EFO:0003042,H1,cell line,polyA plus RNA-seq,,5,yes
143,ENCFF796WEV,ENCFF587FSZ,ENCFF587FSZ,ENCFF796WEV,file,EFO:0002791,HeLa-S3,cell line,polyA plus RNA-seq,,3,yes
144,ENCFF410NOU,ENCFF995HXY,ENCFF995HXY,ENCFF410NOU,file,EFO:0001187,HepG2,cell line,polyA plus RNA-seq,,5,yes
145,ENCFF701OMJ,ENCFF618GYZ,ENCFF618GYZ,ENCFF701OMJ,file,CL:0002618,endothelial cell of umbilical vein,primary cell,polyA plus RNA-seq,,5,yes
146,ENCFF982FSG,ENCFF609GRY,ENCFF609GRY,ENCFF982FSG,file,CL:0000312,keratinocyte,primary cell,polyA plus RNA-seq,,3,yes
147,ENCFF853YJN,ENCFF155OWV,ENCFF155OWV,ENCFF853YJN,file,EFO:0006711,OCI-LY7,cell line,total RNA-seq,,2,yes
148,ENCFF406EWU,ENCFF775NPV,ENCFF775NPV,ENCFF406EWU,file,CL:0000223,endodermal cell,in vitro differentiated cells,polyA plus RNA-seq,,4,yes
149,ENCFF966CZY,ENCFF357VZF,ENCFF357VZF,ENCFF966CZY,file,UBERON:0002369,adrenal gland,tissue,total RNA-seq,,6,yes
150,ENCFF961IGN,ENCFF496WON,ENCFF496WON,ENCFF961IGN,file,EFO:0002067,K562,cell line,total RNA-seq,,5,yes
151,ENCFF624FEC,ENCFF028ZKC,ENCFF028ZKC,ENCFF624FEC,file,CL:0000909,"CD8-positive, alpha-beta memory T cell",primary cell,polyA plus RNA-seq,,3,yes
152,ENCFF443TQL,ENCFF952CKD,ENCFF952CKD,ENCFF443TQL,file,NTR:0000491,Right ventricle myocardium inferior,tissue,total RNA-seq,,2,yes
153,ENCFF877NUD,ENCFF233HJC,ENCFF233HJC,ENCFF877NUD,file,UBERON:0009834,dorsolateral prefrontal cortex,tissue,total RNA-seq,,3,yes
154,ENCFF812GYC,ENCFF626VIR,ENCFF626VIR,ENCFF812GYC,file,EFO:0001187,HepG2,cell line,polyA plus RNA-seq,,5,yes
155,ENCFF077MDV,ENCFF401YXF,ENCFF401YXF,ENCFF077MDV,file,CL:0002327,mammary epithelial cell,primary cell,total RNA-seq,,4,yes
156,ENCFF020WAT,ENCFF354WKE,ENCFF354WKE,ENCFF020WAT,file,CL:4006001,fibroblast of skin of scalp,primary cell,polyA plus RNA-seq,,0,no
157,ENCFF454GHG,ENCFF044XSJ,ENCFF044XSJ,ENCFF454GHG,file,CL:0000103,bipolar neuron,in vitro differentiated cells,polyA plus RNA-seq,,0,no
158,ENCFF922XCX,ENCFF796PND,ENCFF796PND,ENCFF922XCX,file,UBERON:0002046,thyroid gland,tissue,total RNA-seq,,3,yes
159,ENCFF254YHN,ENCFF182JIC,ENCFF182JIC,ENCFF254YHN,file,UBERON:0000473,testis,tissue,total RNA-seq,,6,yes
160,ENCFF164FQH,ENCFF579IBH,ENCFF579IBH,ENCFF164FQH,file,CL:0000624,"CD4-positive, alpha-beta T cell",primary cell,total RNA-seq,,3,yes
161,ENCFF679EIY,ENCFF487XUM,ENCFF487XUM,ENCFF679EIY,file,UBERON:0004550,gastroesophageal sphincter,tissue,total RNA-seq,,3,yes
162,ENCFF211KHO,ENCFF475JUK,ENCFF475JUK,ENCFF211KHO,file,UBERON:0009834,dorsolateral prefrontal cortex,tissue,total RNA-seq,,3,yes
163,ENCFF237ABA,ENCFF438BUG,ENCFF438BUG,ENCFF237ABA,file,CL:0000895,"naive thymus-derived CD4-positive, alpha-beta T cell",primary cell,polyA plus RNA-seq,,3,yes
164,ENCFF283LWN,ENCFF933QBC,ENCFF933QBC,ENCFF283LWN,file,EFO:0002067,K562,cell line,total RNA-seq,,5,yes
165,ENCFF345YKH,ENCFF008CRB,ENCFF008CRB,ENCFF345YKH,file,UBERON:0002108,small intestine,tissue,polyA plus RNA-seq,,3,yes
166,ENCFF482AEE,ENCFF384MPW,ENCFF384MPW,ENCFF482AEE,file,CL:0000823,immature natural killer cell,primary cell,polyA plus RNA-seq,,1,yes
167,ENCFF473DXC,ENCFF444LLL,ENCFF444LLL,ENCFF473DXC,file,EFO:0002067,K562,cell line,total RNA-seq,,5,yes
168,ENCFF013YPF,ENCFF411VWO,ENCFF411VWO,ENCFF013YPF,file,UBERON:0000992,ovary,tissue,total RNA-seq,,6,yes
169,ENCFF426VSF,ENCFF392VPC,ENCFF392VPC,ENCFF426VSF,file,CL:0000895,"naive thymus-derived CD4-positive, alpha-beta T cell",primary cell,polyA plus RNA-seq,,3,yes
170,ENCFF155LBU,ENCFF674RUW,ENCFF674RUW,ENCFF155LBU,file,NTR:0000427,neurosphere,primary cell,polyA plus RNA-seq,,2,yes
171,ENCFF187WYJ,ENCFF636VGI,ENCFF636VGI,ENCFF187WYJ,file,EFO:0003042,H1,cell line,polyA plus RNA-seq,,5,yes
172,ENCFF261TPF,ENCFF789CEJ,ENCFF789CEJ,ENCFF261TPF,file,UBERON:0002167,right lung,tissue,polyA plus RNA-seq,,1,yes
173,ENCFF242BWW,ENCFF905NZB,ENCFF905NZB,ENCFF242BWW,file,UBERON:0002048,lung,tissue,total RNA-seq,,4,yes
174,ENCFF579DSX,ENCFF096UCI,ENCFF096UCI,ENCFF579DSX,file,UBERON:0000992,ovary,tissue,polyA plus RNA-seq,,6,yes
175,ENCFF516KCN,ENCFF639BWZ,ENCFF639BWZ,ENCFF516KCN,file,UBERON:0000948,heart,tissue,polyA plus RNA-seq,,5,yes
176,ENCFF718PXS,ENCFF638TAY,ENCFF638TAY,ENCFF718PXS,file,NTR:0000427,neurosphere,primary cell,polyA plus RNA-seq,,2,yes
177,ENCFF340KKR,ENCFF804UGI,ENCFF804UGI,ENCFF340KKR,file,UBERON:0007106,chorionic villus,tissue,polyA plus RNA-seq,,2,yes
178,ENCFF363MZD,ENCFF196HWN,ENCFF196HWN,ENCFF363MZD,file,UBERON:0009834,dorsolateral prefrontal cortex,tissue,total RNA-seq,,3,yes
179,ENCFF861FRF,ENCFF205IED,ENCFF205IED,ENCFF861FRF,file,EFO:0002067,K562,cell line,total RNA-seq,,5,yes
180,ENCFF923RZX,ENCFF856SMT,ENCFF856SMT,ENCFF923RZX,file,EFO:0001187,HepG2,cell line,polyA plus RNA-seq,,5,yes
181,ENCFF412SMK,ENCFF035GJD,ENCFF035GJD,ENCFF412SMK,file,UBERON:0009834,dorsolateral prefrontal cortex,tissue,total RNA-seq,,3,yes
182,ENCFF171XXN,ENCFF381TII,ENCFF381TII,ENCFF171XXN,file,UBERON:0009834,dorsolateral prefrontal cortex,tissue,total RNA-seq,,3,yes
183,ENCFF552ETT,ENCFF994NAN,ENCFF994NAN,ENCFF552ETT,file,EFO:0001187,HepG2,cell line,total RNA-seq,,5,yes
184,ENCFF789YHW,ENCFF127NDE,ENCFF127NDE,ENCFF789YHW,file,EFO:0002067,K562,cell line,total RNA-seq,,5,yes
185,ENCFF036XST,ENCFF639UPM,ENCFF639UPM,ENCFF036XST,file,UBERON:0000059,large intestine,tissue,polyA plus RNA-seq,,1,yes
186,ENCFF923CBT,ENCFF225USB,ENCFF225USB,ENCFF923CBT,file,EFO:0002059,HT1080,cell line,polyA plus RNA-seq,,4,yes
187,ENCFF831NNE,ENCFF840VTO,ENCFF840VTO,ENCFF831NNE,file,UBERON:0002370,thymus,tissue,polyA plus RNA-seq,,3,yes
188,ENCFF648SGA,ENCFF432ENB,ENCFF432ENB,ENCFF648SGA,file,UBERON:0000995,uterus,tissue,total RNA-seq,,3,yes
189,ENCFF399UWQ,ENCFF480GYV,ENCFF480GYV,ENCFF399UWQ,file,EFO:0006711,OCI-LY7,cell line,total RNA-seq,,2,yes
190,ENCFF087YYT,ENCFF432CYV,ENCFF432CYV,ENCFF087YYT,file,UBERON:0002167,right lung,tissue,polyA plus RNA-seq,,1,yes
191,ENCFF808IYB,ENCFF434LID,ENCFF434LID,ENCFF808IYB,file,UBERON:0002106,spleen,tissue,total RNA-seq,,6,yes
192,ENCFF277QKF,ENCFF073NKN,ENCFF073NKN,ENCFF277QKF,file,EFO:0002784,GM12878,cell line,polyA plus RNA-seq,,5,yes
193,ENCFF725UBV,ENCFF847OUD,ENCFF847OUD,ENCFF725UBV,file,UBERON:0010414,omental fat pad,tissue,total RNA-seq,,3,yes
194,ENCFF955YBO,ENCFF894JRG,ENCFF894JRG,ENCFF955YBO,file,CL:0001053,IgD-negative memory B cell,primary cell,polyA plus RNA-seq,,1,yes
195,ENCFF573BJH,ENCFF865FLR,ENCFF865FLR,ENCFF573BJH,file,CL:0000895,"naive thymus-derived CD4-positive, alpha-beta T cell",primary cell,polyA plus RNA-seq,,3,yes
196,ENCFF249CRP,ENCFF863UAA,ENCFF863UAA,ENCFF249CRP,file,UBERON:0008367,breast epithelium,tissue,total RNA-seq,,3,yes
197,ENCFF229BRI,ENCFF942QIE,ENCFF942QIE,ENCFF229BRI,file,UBERON:0002106,spleen,tissue,total RNA-seq,,6,yes
198,ENCFF171VHL,ENCFF071TXL,ENCFF071TXL,ENCFF171VHL,file,UBERON:0004648,esophagus muscularis mucosa,tissue,total RNA-seq,,3,yes
199,ENCFF037PQJ,ENCFF710BHJ,ENCFF710BHJ,ENCFF037PQJ,file,EFO:0002067,K562,cell line,total RNA-seq,,5,yes
200,ENCFF883VBS,ENCFF689GBG,ENCFF689GBG,ENCFF883VBS,file,EFO:0002067,K562,cell line,total RNA-seq,,5,yes
201,ENCFF863CHX,ENCFF988EBT,ENCFF988EBT,ENCFF863CHX,file,UBERON:0001043,esophagus,tissue,polyA plus RNA-seq,,2,yes
202,ENCFF003QOJ,ENCFF056NWD,ENCFF056NWD,ENCFF003QOJ,file,NTR:0003013,placental basal plate,tissue,polyA plus RNA-seq,,2,yes
203,ENCFF481ZHF,ENCFF876APW,ENCFF876APW,ENCFF481ZHF,file,EFO:0002067,K562,cell line,total RNA-seq,,5,yes
204,ENCFF753TAP,ENCFF507FAA,ENCFF507FAA,ENCFF753TAP,file,UBERON:0002106,spleen,tissue,total RNA-seq,,6,yes
205,ENCFF440ZBY,ENCFF136YVC,ENCFF136YVC,ENCFF440ZBY,file,UBERON:0036149,suprapubic skin,tissue,total RNA-seq,,3,yes
206,ENCFF968ZYP,ENCFF478XYM,ENCFF478XYM,ENCFF968ZYP,file,CL:0000895,"naive thymus-derived CD4-positive, alpha-beta T cell",primary cell,polyA plus RNA-seq,,3,yes
207,ENCFF349JGI,ENCFF944XYT,ENCFF944XYT,ENCFF349JGI,file,EFO:0002067,K562,cell line,total RNA-seq,,5,yes
208,ENCFF490PQX,ENCFF417PPZ,ENCFF417PPZ,ENCFF490PQX,file,CL:2000067,cardiac atrium fibroblast,primary cell,total RNA-seq,,2,yes
209,ENCFF032FHV,ENCFF122XJD,ENCFF122XJD,ENCFF032FHV,file,NTR:0000537,activated T-cell,primary cell,total RNA-seq,,0,no
210,ENCFF203XLE,ENCFF823LKJ,ENCFF823LKJ,ENCFF203XLE,file,UBERON:0000995,uterus,tissue,total RNA-seq,,3,yes
211,ENCFF464XFU,ENCFF385SAC,ENCFF385SAC,ENCFF464XFU,file,EFO:0002067,K562,cell line,total RNA-seq,,5,yes
212,ENCFF361SIG,ENCFF132EEP,ENCFF132EEP,ENCFF361SIG,file,EFO:0002067,K562,cell line,total RNA-seq,,5,yes
213,ENCFF617FDC,ENCFF767MLU,ENCFF767MLU,ENCFF617FDC,file,CL:0002306,epithelial cell of proximal tubule,primary cell,total RNA-seq,,2,yes
214,ENCFF885ONP,ENCFF195SMK,ENCFF195SMK,ENCFF885ONP,file,UBERON:0002369,adrenal gland,tissue,polyA plus RNA-seq,,6,yes
215,ENCFF288UDZ,ENCFF996KKA,ENCFF996KKA,ENCFF288UDZ,file,UBERON:0000945,stomach,tissue,polyA plus RNA-seq,,6,yes
216,ENCFF858VUL,ENCFF642WCG,ENCFF642WCG,ENCFF858VUL,file,EFO:0002067,K562,cell line,total RNA-seq,,5,yes
217,ENCFF113MLN,ENCFF669XAP,ENCFF669XAP,ENCFF113MLN,file,UBERON:0018117,left renal cortex interstitium,tissue,polyA plus RNA-seq,,1,yes
218,ENCFF602HCV,ENCFF962EZE,ENCFF962EZE,ENCFF602HCV,file,EFO:0002713,Panc1,cell line,total RNA-seq,,3,yes
219,ENCFF613FRB,ENCFF310GNU,ENCFF310GNU,ENCFF613FRB,file,UBERON:0002048,lung,tissue,polyA plus RNA-seq,,4,yes
220,ENCFF077ICY,ENCFF849ELK,ENCFF849ELK,ENCFF077ICY,file,CL:0000127,astrocyte,in vitro differentiated cells,total RNA-seq,,2,yes
221,ENCFF936VDJ,ENCFF568EVH,ENCFF568EVH,ENCFF936VDJ,file,UBERON:0001072,posterior vena cava,tissue,total RNA-seq,,2,yes
222,ENCFF537RGH,ENCFF198IBF,ENCFF198IBF,ENCFF537RGH,file,NTR:0000492,Right ventricle myocardium superior,tissue,total RNA-seq,,2,yes
223,ENCFF414AZQ,ENCFF565QRM,ENCFF565QRM,ENCFF414AZQ,file,UBERON:0001114,right lobe of liver,tissue,total RNA-seq,,3,yes
224,ENCFF198SVA,ENCFF117HUT,ENCFF117HUT,ENCFF198SVA,file,EFO:0005721,SK-N-DZ,cell line,total RNA-seq,,2,yes
225,ENCFF433FOV,ENCFF105TXB,ENCFF105TXB,ENCFF433FOV,file,UBERON:0000992,ovary,tissue,total RNA-seq,,6,yes
226,ENCFF702YOB,ENCFF688KBA,ENCFF688KBA,ENCFF702YOB,file,UBERON:0001383,muscle of leg,tissue,polyA plus RNA-seq,,3,yes
227,ENCFF442JZU,ENCFF477AQU,ENCFF477AQU,ENCFF442JZU,file,UBERON:0000996,vagina,tissue,total RNA-seq,,3,yes
228,ENCFF227KPV,ENCFF561SVV,ENCFF561SVV,ENCFF227KPV,file,UBERON:0002369,adrenal gland,tissue,polyA plus RNA-seq,,6,yes
229,ENCFF994ERY,ENCFF769QDV,ENCFF769QDV,ENCFF994ERY,file,UBERON:0000992,ovary,tissue,total RNA-seq,,6,yes
230,ENCFF399AMH,ENCFF908IDY,ENCFF908IDY,ENCFF399AMH,file,EFO:0009318,HFFc6,cell line,total RNA-seq,,2,yes
231,ENCFF054JWH,ENCFF261GFJ,ENCFF261GFJ,ENCFF054JWH,file,CL:0002326,luminal epithelial cell of mammary gland,primary cell,polyA plus RNA-seq,,2,yes
232,ENCFF561ZTT,ENCFF509OMC,ENCFF509OMC,ENCFF561ZTT,file,UBERON:0001072,posterior vena cava,tissue,total RNA-seq,,2,yes
233,ENCFF986KFO,ENCFF246RCD,ENCFF246RCD,ENCFF986KFO,file,UBERON:0002108,small intestine,tissue,polyA plus RNA-seq,,3,yes
234,ENCFF972YML,ENCFF359ATD,ENCFF359ATD,ENCFF972YML,file,UBERON:0002190,subcutaneous adipose tissue,tissue,total RNA-seq,,3,yes
235,ENCFF277YFP,ENCFF535NFF,ENCFF535NFF,ENCFF277YFP,file,CL:0000625,"CD8-positive, alpha-beta T cell",primary cell,total RNA-seq,,3,yes
236,ENCFF626GVO,ENCFF782HFV,ENCFF782HFV,ENCFF626GVO,file,EFO:0002784,GM12878,cell line,total RNA-seq,,5,yes
237,ENCFF900LJN,ENCFF259EXX,ENCFF259EXX,ENCFF900LJN,file,CL:0000900,"naive thymus-derived CD8-positive, alpha-beta T cell",primary cell,polyA plus RNA-seq,,3,yes
238,ENCFF449IHE,ENCFF969VXC,ENCFF969VXC,ENCFF449IHE,file,NTR:0000497,"activated naive CD4-positive, alpha-beta T cell",primary cell,total RNA-seq,,0,no
239,ENCFF656QCS,ENCFF669TRH,ENCFF669TRH,ENCFF656QCS,file,UBERON:0010414,omental fat pad,tissue,total RNA-seq,,3,yes
240,ENCFF137XOQ,ENCFF900MLZ,ENCFF900MLZ,ENCFF137XOQ,file,UBERON:0002370,thymus,tissue,polyA plus RNA-seq,,3,yes
241,ENCFF112TZL,ENCFF664RDQ,ENCFF664RDQ,ENCFF112TZL,file,CL:0000900,"naive thymus-derived CD8-positive, alpha-beta T cell",primary cell,polyA plus RNA-seq,,3,yes
242,ENCFF866SDL,ENCFF881ITI,ENCFF881ITI,ENCFF866SDL,file,UBERON:0018115,left renal pelvis,tissue,polyA plus RNA-seq,,1,yes
243,ENCFF095ZWS,ENCFF219KLR,ENCFF219KLR,ENCFF095ZWS,file,EFO:0002067,K562,cell line,total RNA-seq,,5,yes
244,ENCFF303NBU,ENCFF695GPR,ENCFF695GPR,ENCFF303NBU,file,EFO:0003044,NCI-H460,cell line,total RNA-seq,,4,yes
245,ENCFF415RZK,ENCFF179DDD,ENCFF179DDD,ENCFF415RZK,file,EFO:0002067,K562,cell line,total RNA-seq,,5,yes
246,ENCFF514LIV,ENCFF013IKJ,ENCFF013IKJ,ENCFF514LIV,file,UBERON:0001264,pancreas,tissue,total RNA-seq,,4,yes
247,ENCFF020OPI,ENCFF681MQA,ENCFF681MQA,ENCFF020OPI,file,EFO:0009747,WTC11,cell line,total RNA-seq,,3,yes
248,ENCFF269KFI,ENCFF686YTX,ENCFF686YTX,ENCFF269KFI,file,EFO:0002059,HT1080,cell line,polyA plus RNA-seq,,4,yes
249,ENCFF105LQK,ENCFF995NEF,ENCFF995NEF,ENCFF105LQK,file,CL:0000900,"naive thymus-derived CD8-positive, alpha-beta T cell",primary cell,polyA plus RNA-seq,,3,yes
250,ENCFF327EHB,ENCFF992HAP,ENCFF992HAP,ENCFF327EHB,file,CL:0011019,mesothelial cell of epicardium,in vitro differentiated cells,total RNA-seq,,2,yes
251,ENCFF116EXN,ENCFF154TLD,ENCFF154TLD,ENCFF116EXN,file,UBERON:0001383,muscle of leg,tissue,polyA plus RNA-seq,,3,yes
252,ENCFF550PKG,ENCFF199BDG,ENCFF199BDG,ENCFF550PKG,file,UBERON:0002370,thymus,tissue,polyA plus RNA-seq,,3,yes
253,ENCFF469RIZ,ENCFF060EGL,ENCFF060EGL,ENCFF469RIZ,file,UBERON:0000088,trophoblast,tissue,polyA plus RNA-seq,,2,yes
254,ENCFF528BZB,ENCFF817FWU,ENCFF817FWU,ENCFF528BZB,file,UBERON:0002167,right lung,tissue,polyA plus RNA-seq,,1,yes
255,ENCFF662WMN,ENCFF014YFU,ENCFF014YFU,ENCFF662WMN,file,CL:0000897,"CD4-positive, alpha-beta memory T cell",primary cell,total RNA-seq,,3,yes
256,ENCFF286SDY,ENCFF581ZGH,ENCFF581ZGH,ENCFF286SDY,file,EFO:0001187,HepG2,cell line,total RNA-seq,,5,yes
257,ENCFF581EJT,ENCFF741HPN,ENCFF741HPN,ENCFF581EJT,file,UBERON:0004648,esophagus muscularis mucosa,tissue,total RNA-seq,,3,yes
258,ENCFF862VDV,ENCFF837ZJA,ENCFF837ZJA,ENCFF862VDV,file,UBERON:0004992,mucosa of descending colon,tissue,total RNA-seq,,2,yes
259,ENCFF455BVP,ENCFF542TGZ,ENCFF542TGZ,ENCFF455BVP,file,UBERON:0000947,aorta,tissue,total RNA-seq,,4,yes
260,ENCFF326WJK,ENCFF046XIT,ENCFF046XIT,ENCFF326WJK,file,NTR:0003079,fibroblast of breast,primary cell,polyA plus RNA-seq,,0,no
261,ENCFF815CJE,ENCFF371QSS,ENCFF371QSS,ENCFF815CJE,file,UBERON:0002106,spleen,tissue,total RNA-seq,,6,yes
262,ENCFF736ASV,ENCFF574YPE,ENCFF574YPE,ENCFF736ASV,file,EFO:0002067,K562,cell line,total RNA-seq,,5,yes
263,ENCFF748WKJ,ENCFF826YBE,ENCFF826YBE,ENCFF748WKJ,file,NTR:0003079,fibroblast of breast,primary cell,polyA plus RNA-seq,,0,no
264,ENCFF553GKS,ENCFF424DIT,ENCFF424DIT,ENCFF553GKS,file,UBERON:0009834,dorsolateral prefrontal cortex,tissue,total RNA-seq,,3,yes
265,ENCFF347PMO,ENCFF346QDJ,ENCFF346QDJ,ENCFF347PMO,file,CL:0000650,mesangial cell,primary cell,total RNA-seq,,2,yes
266,ENCFF507VWH,ENCFF117JSP,ENCFF117JSP,ENCFF507VWH,file,EFO:0005720,SK-MEL-5,cell line,polyA plus RNA-seq,,4,yes
267,ENCFF268IFI,ENCFF290PRJ,ENCFF290PRJ,ENCFF268IFI,file,UBERON:0002369,adrenal gland,tissue,total RNA-seq,,6,yes
268,ENCFF297UZI,ENCFF767NPP,ENCFF767NPP,ENCFF297UZI,file,UBERON:0000317,colonic mucosa,tissue,total RNA-seq,,2,yes
269,ENCFF796QUF,ENCFF693TJD,ENCFF693TJD,ENCFF796QUF,file,UBERON:0001224,renal pelvis,tissue,polyA plus RNA-seq,,1,yes
270,ENCFF563CVU,ENCFF117CTU,ENCFF117CTU,ENCFF563CVU,file,EFO:0002067,K562,cell line,total RNA-seq,,5,yes
271,ENCFF112KWD,ENCFF259TIE,ENCFF259TIE,ENCFF112KWD,file,CL:0000900,"naive thymus-derived CD8-positive, alpha-beta T cell",primary cell,polyA plus RNA-seq,,3,yes
272,ENCFF221JFY,ENCFF064TTU,ENCFF064TTU,ENCFF221JFY,file,UBERON:0002113,kidney,tissue,polyA plus RNA-seq,,5,yes
273,ENCFF480GTA,ENCFF772RIQ,ENCFF772RIQ,ENCFF480GTA,file,CL:0000792,"CD4-positive, CD25-positive, alpha-beta regulatory T cell",primary cell,polyA plus RNA-seq,,3,yes
274,ENCFF838THE,ENCFF648RBX,ENCFF648RBX,ENCFF838THE,file,UBERON:0002168,left lung,tissue,polyA plus RNA-seq,,3,yes
275,ENCFF393NNN,ENCFF057IIF,ENCFF057IIF,ENCFF393NNN,file,EFO:0002067,K562,cell line,total RNA-seq,,5,yes
276,ENCFF745FXG,ENCFF470OCI,ENCFF470OCI,ENCFF745FXG,file,CL:0002324,myoepithelial cell of mammary gland,primary cell,polyA plus RNA-seq,,2,yes
277,ENCFF142RGB,ENCFF103EZF,ENCFF103EZF,ENCFF142RGB,file,UBERON:0001114,right lobe of liver,tissue,total RNA-seq,,3,yes
278,ENCFF050ASS,ENCFF128YXB,ENCFF128YXB,ENCFF050ASS,file,UBERON:0001114,right lobe of liver,tissue,total RNA-seq,,3,yes
279,ENCFF161DSK,ENCFF401TVK,ENCFF401TVK,ENCFF161DSK,file,CL:0000900,"naive thymus-derived CD8-positive, alpha-beta T cell",primary cell,polyA plus RNA-seq,,3,yes
280,ENCFF205MGD,ENCFF155PJH,ENCFF155PJH,ENCFF205MGD,file,CL:0000127,astrocyte,primary cell,total RNA-seq,,2,yes
281,ENCFF991IPE,ENCFF625DRX,ENCFF625DRX,ENCFF991IPE,file,UBERON:0001013,adipose tissue,tissue,polyA plus RNA-seq,,2,yes
282,ENCFF402LDH,ENCFF312VKB,ENCFF312VKB,ENCFF402LDH,file,CL:0000192,smooth muscle cell,in vitro differentiated cells,polyA plus RNA-seq,,3,yes
283,ENCFF635OSX,ENCFF837FLM,ENCFF837FLM,ENCFF635OSX,file,UBERON:0002046,thyroid gland,tissue,total RNA-seq,,3,yes
284,ENCFF031BVI,ENCFF641YCY,ENCFF641YCY,ENCFF031BVI,file,UBERON:0002324,muscle of back,tissue,polyA plus RNA-seq,,1,yes
285,ENCFF787LGY,ENCFF008UXK,ENCFF008UXK,ENCFF787LGY,file,NTR:0000504,"activated CD8-positive, alpha-beta memory T cell",primary cell,total RNA-seq,,0,no
286,ENCFF891YDA,ENCFF503NGO,ENCFF503NGO,ENCFF891YDA,file,UBERON:0001987,placenta,tissue,total RNA-seq,,4,yes
287,ENCFF056WDN,ENCFF403DKN,ENCFF403DKN,ENCFF056WDN,file,CL:0011020,neural progenitor cell,in vitro differentiated cells,total RNA-seq,,2,yes
288,ENCFF660EXG,ENCFF908VIH,ENCFF908VIH,ENCFF660EXG,file,EFO:0001187,HepG2,cell line,total RNA-seq,,5,yes
289,ENCFF504BTR,ENCFF381OQK,ENCFF381OQK,ENCFF504BTR,file,UBERON:0003124,chorion,tissue,polyA plus RNA-seq,,2,yes
290,ENCFF989OVC,ENCFF645AYP,ENCFF645AYP,ENCFF989OVC,file,UBERON:0002080,heart right ventricle,tissue,total RNA-seq,,4,yes
291,ENCFF431EBQ,ENCFF196LHX,ENCFF196LHX,ENCFF431EBQ,file,EFO:0005698,Daoy,cell line,total RNA-seq,,2,yes
292,ENCFF192RRP,ENCFF770TOE,ENCFF770TOE,ENCFF192RRP,file,EFO:0005721,SK-N-DZ,cell line,polyA plus RNA-seq,,2,yes
293,ENCFF432TWB,ENCFF615IJV,ENCFF615IJV,ENCFF432TWB,file,NTR:0000427,neurosphere,primary cell,polyA plus RNA-seq,,2,yes
294,ENCFF346BRI,ENCFF666KUJ,ENCFF666KUJ,ENCFF346BRI,file,UBERON:0001211,Peyer's patch,tissue,total RNA-seq,,3,yes
295,ENCFF780MVA,ENCFF239BUM,ENCFF239BUM,ENCFF780MVA,file,UBERON:0002106,spleen,tissue,total RNA-seq,,6,yes
296,ENCFF897OSM,ENCFF744TRY,ENCFF744TRY,ENCFF897OSM,file,CL:1001608,foreskin fibroblast,primary cell,polyA plus RNA-seq,,2,yes
297,ENCFF927OMA,ENCFF583FIC,ENCFF583FIC,ENCFF927OMA,file,EFO:0002067,K562,cell line,total RNA-seq,,5,yes
298,ENCFF220OHE,ENCFF946ZPT,ENCFF946ZPT,ENCFF220OHE,file,CL:0001054,CD14-positive monocyte,primary cell,polyA plus RNA-seq,,3,yes
299,ENCFF959SOP,ENCFF393ZMQ,ENCFF393ZMQ,ENCFF959SOP,file,CL:0000906,"activated CD8-positive, alpha-beta T cell",primary cell,total RNA-seq,,0,no
300,ENCFF544WEX,ENCFF315BLU,ENCFF315BLU,ENCFF544WEX,file,UBERON:0002106,spleen,tissue,polyA plus RNA-seq,,6,yes
301,ENCFF383IKA,ENCFF313KNT,ENCFF313KNT,ENCFF383IKA,file,CL:0000897,"CD4-positive, alpha-beta memory T cell",primary cell,polyA plus RNA-seq,,3,yes
302,ENCFF478OYU,ENCFF474WFJ,ENCFF474WFJ,ENCFF478OYU,file,UBERON:0002078,right cardiac atrium,tissue,total RNA-seq,,4,yes
303,ENCFF927DZC,ENCFF864IDH,ENCFF864IDH,ENCFF927DZC,file,UBERON:0001159,sigmoid colon,tissue,polyA plus RNA-seq,,5,yes
304,ENCFF021RJG,ENCFF506SFB,ENCFF506SFB,ENCFF021RJG,file,CL:0000312,keratinocyte,primary cell,polyA plus RNA-seq,,3,yes
305,ENCFF238TXN,ENCFF533JTF,ENCFF533JTF,ENCFF238TXN,file,UBERON:0000016,endocrine pancreas,tissue,polyA plus RNA-seq,,2,yes
306,ENCFF105UFI,ENCFF281UGH,ENCFF281UGH,ENCFF105UFI,file,UBERON:0001323,tibial nerve,tissue,total RNA-seq,,3,yes
307,ENCFF121DHE,ENCFF637ZBG,ENCFF637ZBG,ENCFF121DHE,file,UBERON:0000955,brain,tissue,polyA plus RNA-seq,,2,yes
308,ENCFF375SZI,ENCFF587USA,ENCFF587USA,ENCFF375SZI,file,UBERON:0009834,dorsolateral prefrontal cortex,tissue,total RNA-seq,,3,yes
309,ENCFF046TTE,ENCFF392DAR,ENCFF392DAR,ENCFF046TTE,file,CL:0000134,mesenchymal stem cell,in vitro differentiated cells,polyA plus RNA-seq,,2,yes
310,ENCFF996QEJ,ENCFF037OMX,ENCFF037OMX,ENCFF996QEJ,file,UBERON:0002369,adrenal gland,tissue,total RNA-seq,,6,yes
311,ENCFF712DYB,ENCFF565FPI,ENCFF565FPI,ENCFF712DYB,file,UBERON:0002048,lung,tissue,polyA plus RNA-seq,,4,yes
312,ENCFF065BDP,ENCFF496QEP,ENCFF496QEP,ENCFF065BDP,file,CL:0000909,"CD8-positive, alpha-beta memory T cell",primary cell,polyA plus RNA-seq,,3,yes
313,ENCFF421CJK,ENCFF547YEW,ENCFF547YEW,ENCFF421CJK,file,CL:0000906,"activated CD8-positive, alpha-beta T cell",primary cell,total RNA-seq,,0,no
314,ENCFF056EWU,ENCFF295JCA,ENCFF295JCA,ENCFF056EWU,file,UBERON:0000059,large intestine,tissue,polyA plus RNA-seq,,1,yes
315,ENCFF219MHK,ENCFF719RAL,ENCFF719RAL,ENCFF219MHK,file,EFO:0002067,K562,cell line,total RNA-seq,,5,yes
316,ENCFF165GEP,ENCFF189MNY,ENCFF189MNY,ENCFF165GEP,file,UBERON:0001987,placenta,tissue,total RNA-seq,,4,yes
317,ENCFF011DHD,ENCFF634JRF,ENCFF634JRF,ENCFF011DHD,file,UBERON:0009834,dorsolateral prefrontal cortex,tissue,total RNA-seq,,3,yes
318,ENCFF192GLO,ENCFF960QLH,ENCFF960QLH,ENCFF192GLO,file,EFO:0005720,SK-MEL-5,cell line,polyA plus RNA-seq,,4,yes
319,ENCFF129TRI,ENCFF185NBE,ENCFF185NBE,ENCFF129TRI,file,CL:0000223,endodermal cell,in vitro differentiated cells,total RNA-seq,,4,yes
320,ENCFF620CSI,ENCFF986WTF,ENCFF986WTF,ENCFF620CSI,file,CL:0002319,neural cell,in vitro differentiated cells,polyA plus RNA-seq,,2,yes
321,ENCFF791RZL,ENCFF030JXK,ENCFF030JXK,ENCFF791RZL,file,UBERON:0009834,dorsolateral prefrontal cortex,tissue,total RNA-seq,,3,yes
322,ENCFF859EDT,ENCFF713REM,ENCFF713REM,ENCFF859EDT,file,CL:0000746,cardiac muscle cell,in vitro differentiated cells,polyA plus RNA-seq,,3,yes
323,ENCFF435CJK,ENCFF151AEP,ENCFF151AEP,ENCFF435CJK,file,CL:0000897,"CD4-positive, alpha-beta memory T cell",primary cell,polyA plus RNA-seq,,3,yes
324,ENCFF367ONF,ENCFF145OAS,ENCFF145OAS,ENCFF367ONF,file,UBERON:0000945,stomach,tissue,total RNA-seq,,6,yes
325,ENCFF114UGO,ENCFF430DVF,ENCFF430DVF,ENCFF114UGO,file,CL:0000897,"CD4-positive, alpha-beta memory T cell",primary cell,total RNA-seq,,3,yes
326,ENCFF450ZKQ,ENCFF047KOP,ENCFF047KOP,ENCFF450ZKQ,file,EFO:0002784,GM12878,cell line,polyA plus RNA-seq,,5,yes
327,ENCFF858LMW,ENCFF557CLI,ENCFF557CLI,ENCFF858LMW,file,EFO:0002067,K562,cell line,total RNA-seq,,5,yes
328,ENCFF140KVK,ENCFF119XJG,ENCFF119XJG,ENCFF140KVK,file,UBERON:0001499,muscle of arm,tissue,polyA plus RNA-seq,,1,yes
329,ENCFF888OOZ,ENCFF624DSV,ENCFF624DSV,ENCFF888OOZ,file,CL:0000084,T-cell,primary cell,total RNA-seq,,4,yes
330,ENCFF297RZM,ENCFF560YUT,ENCFF560YUT,ENCFF297RZM,file,CL:0000788,naive B cell,primary cell,polyA plus RNA-seq,,1,yes
331,ENCFF265LJH,ENCFF597XJZ,ENCFF597XJZ,ENCFF265LJH,file,UBERON:0001987,placenta,tissue,total RNA-seq,,4,yes
332,ENCFF425VKX,ENCFF138GLV,ENCFF138GLV,ENCFF425VKX,file,UBERON:0008952,upper lobe of left lung,tissue,total RNA-seq,,3,yes
333,ENCFF800VST,ENCFF816BKU,ENCFF816BKU,ENCFF800VST,file,CL:2000001,peripheral blood mononuclear cell,primary cell,polyA plus RNA-seq,,2,yes
334,ENCFF325HWX,ENCFF505JCK,ENCFF505JCK,ENCFF325HWX,file,EFO:0005719,Karpas-422,cell line,total RNA-seq,,2,yes
335,ENCFF613JLQ,ENCFF359ITR,ENCFF359ITR,ENCFF613JLQ,file,UBERON:0001499,muscle of arm,tissue,polyA plus RNA-seq,,1,yes
336,ENCFF486YAC,ENCFF629XGV,ENCFF629XGV,ENCFF486YAC,file,EFO:0005712,RPMI7951,cell line,total RNA-seq,,2,yes
337,ENCFF177EPU,ENCFF649MKX,ENCFF649MKX,ENCFF177EPU,file,UBERON:0000992,ovary,tissue,total RNA-seq,,6,yes
338,ENCFF938ZLJ,ENCFF596HNR,ENCFF596HNR,ENCFF938ZLJ,file,UBERON:0004264,lower leg skin,tissue,total RNA-seq,,3,yes
339,ENCFF789BAL,ENCFF990MDC,ENCFF990MDC,ENCFF789BAL,file,UBERON:0018115,left renal pelvis,tissue,polyA plus RNA-seq,,1,yes
340,ENCFF016TZA,ENCFF119SVC,ENCFF119SVC,ENCFF016TZA,file,UBERON:0001114,right lobe of liver,tissue,total RNA-seq,,3,yes
341,ENCFF190TYL,ENCFF206GMC,ENCFF206GMC,ENCFF190TYL,file,EFO:0002067,K562,cell line,total RNA-seq,,5,yes
342,ENCFF191GFJ,ENCFF724LSN,ENCFF724LSN,ENCFF191GFJ,file,UBERON:0005270,renal cortex interstitium,tissue,polyA plus RNA-seq,,1,yes
343,ENCFF588KDY,ENCFF801PRP,ENCFF801PRP,ENCFF588KDY,file,EFO:0001187,HepG2,cell line,polyA plus RNA-seq,,5,yes
344,ENCFF673ESC,ENCFF575YIP,ENCFF575YIP,ENCFF673ESC,file,UBERON:0000088,trophoblast,tissue,polyA plus RNA-seq,,2,yes
345,ENCFF594JMI,ENCFF643UKE,ENCFF643UKE,ENCFF594JMI,file,UBERON:0002106,spleen,tissue,total RNA-seq,,6,yes
346,ENCFF778VQU,ENCFF197PAV,ENCFF197PAV,ENCFF778VQU,file,EFO:0005714,LHCN-M2,cell line,total RNA-seq,,3,yes
347,ENCFF296ZMF,ENCFF080VEH,ENCFF080VEH,ENCFF296ZMF,file,UBERON:0002240,spinal cord,tissue,polyA plus RNA-seq,,5,yes
348,ENCFF605CNM,ENCFF319AAP,ENCFF319AAP,ENCFF605CNM,file,UBERON:0002369,adrenal gland,tissue,polyA plus RNA-seq,,6,yes
349,ENCFF972WIL,ENCFF994HKO,ENCFF994HKO,ENCFF972WIL,file,CL:0000084,T-cell,primary cell,total RNA-seq,,4,yes
350,ENCFF112KBZ,ENCFF702CEO,ENCFF702CEO,ENCFF112KBZ,file,UBERON:0003124,chorion,tissue,polyA plus RNA-seq,,2,yes
351,ENCFF052LZO,ENCFF010PER,ENCFF010PER,ENCFF052LZO,file,CL:0000909,"CD8-positive, alpha-beta memory T cell",primary cell,polyA plus RNA-seq,,3,yes
352,ENCFF013HFB,ENCFF629NUI,ENCFF629NUI,ENCFF013HFB,file,UBERON:0009834,dorsolateral prefrontal cortex,tissue,total RNA-seq,,3,yes
353,ENCFF798TOL,ENCFF893RLE,ENCFF893RLE,ENCFF798TOL,file,EFO:0002067,K562,cell line,total RNA-seq,,5,yes
354,ENCFF549NPG,ENCFF905ARA,ENCFF905ARA,ENCFF549NPG,file,UBERON:0005033,mucosa of gallbladder,tissue,total RNA-seq,,2,yes
355,ENCFF620AGE,ENCFF333KHL,ENCFF333KHL,ENCFF620AGE,file,UBERON:0000473,testis,tissue,total RNA-seq,,6,yes
356,ENCFF778CUB,ENCFF022QBF,ENCFF022QBF,ENCFF778CUB,file,EFO:0007089,HUES64,cell line,polyA plus RNA-seq,,2,yes
357,ENCFF316KBH,ENCFF166OEV,ENCFF166OEV,ENCFF316KBH,file,CL:0001053,IgD-negative memory B cell,primary cell,polyA plus RNA-seq,,1,yes
358,ENCFF932XAV,ENCFF766JPS,ENCFF766JPS,ENCFF932XAV,file,UBERON:0006920,esophagus squamous epithelium,tissue,total RNA-seq,,3,yes
359,ENCFF523DOF,ENCFF679YQA,ENCFF679YQA,ENCFF523DOF,file,UBERON:0018116,right renal pelvis,tissue,polyA plus RNA-seq,,1,yes
360,ENCFF758PQO,ENCFF995AUL,ENCFF995AUL,ENCFF758PQO,file,CL:0000169,type B pancreatic cell,in vitro differentiated cells,total RNA-seq,,2,yes
361,ENCFF736SRJ,ENCFF187QYU,ENCFF187QYU,ENCFF736SRJ,file,UBERON:0006920,esophagus squamous epithelium,tissue,total RNA-seq,,3,yes
362,ENCFF136ANW,ENCFF301XEH,ENCFF301XEH,ENCFF136ANW,file,EFO:0001203,MCF-7,cell line,total RNA-seq,,5,yes
363,ENCFF784MDF,ENCFF253SBE,ENCFF253SBE,ENCFF784MDF,file,UBERON:0001115,left lobe of liver,tissue,total RNA-seq,,2,yes
364,ENCFF467DPQ,ENCFF032EUU,ENCFF032EUU,ENCFF467DPQ,file,CL:2000013,fibroblast of skin of abdomen,primary cell,polyA plus RNA-seq,,1,yes
365,ENCFF253MOQ,ENCFF462KTY,ENCFF462KTY,ENCFF253MOQ,file,CL:2000068,pericardium fibroblast,primary cell,total RNA-seq,,2,yes
366,ENCFF069HHK,ENCFF932VPS,ENCFF932VPS,ENCFF069HHK,file,UBERON:0000059,large intestine,tissue,polyA plus RNA-seq,,1,yes
367,ENCFF841HSM,ENCFF228OVL,ENCFF228OVL,ENCFF841HSM,file,CL:0000788,naive B cell,primary cell,polyA plus RNA-seq,,1,yes
368,ENCFF456CLU,ENCFF144GMK,ENCFF144GMK,ENCFF456CLU,file,UBERON:0001499,muscle of arm,tissue,polyA plus RNA-seq,,1,yes
369,ENCFF509YNY,ENCFF987VHA,ENCFF987VHA,ENCFF509YNY,file,UBERON:0009834,dorsolateral prefrontal cortex,tissue,total RNA-seq,,3,yes
370,ENCFF079BOK,ENCFF759YTG,ENCFF759YTG,ENCFF079BOK,file,UBERON:0009834,dorsolateral prefrontal cortex,tissue,total RNA-seq,,3,yes
371,ENCFF925TEU,ENCFF482YAE,ENCFF482YAE,ENCFF925TEU,file,UBERON:0002370,thymus,tissue,polyA plus RNA-seq,,3,yes
372,ENCFF170KFV,ENCFF119GRF,ENCFF119GRF,ENCFF170KFV,file,UBERON:0000992,ovary,tissue,total RNA-seq,,6,yes
373,ENCFF458TDU,ENCFF856KPS,ENCFF856KPS,ENCFF458TDU,file,EFO:0002067,K562,cell line,total RNA-seq,,5,yes
374,ENCFF899ITD,ENCFF287LRZ,ENCFF287LRZ,ENCFF899ITD,file,CL:2000066,cardiac ventricle fibroblast,primary cell,total RNA-seq,,2,yes
375,ENCFF142ERS,ENCFF610DVT,ENCFF610DVT,ENCFF142ERS,file,CL:0002366,myometrial cell,primary cell,total RNA-seq,,2,yes
376,ENCFF731FVY,ENCFF635XGR,ENCFF635XGR,ENCFF731FVY,file,CL:0002518,kidney epithelial cell,primary cell,total RNA-seq,,2,yes
377,ENCFF769NNF,ENCFF197PEN,ENCFF197PEN,ENCFF769NNF,file,UBERON:0000947,aorta,tissue,total RNA-seq,,4,yes
378,ENCFF268TKE,ENCFF368ZGL,ENCFF368ZGL,ENCFF268TKE,file,CL:0000897,"CD4-positive, alpha-beta memory T cell",primary cell,polyA plus RNA-seq,,3,yes
379,ENCFF545HYK,ENCFF290WID,ENCFF290WID,ENCFF545HYK,file,EFO:0002067,K562,cell line,total RNA-seq,,5,yes
380,ENCFF010XLY,ENCFF527SQU,ENCFF527SQU,ENCFF010XLY,file,EFO:0007950,GM23338,cell line,total RNA-seq,,3,yes
381,ENCFF490IFU,ENCFF205VDK,ENCFF205VDK,ENCFF490IFU,file,CL:0000746,cardiac muscle cell,in vitro differentiated cells,total RNA-seq,,3,yes
382,ENCFF601VFS,ENCFF358XLV,ENCFF358XLV,ENCFF601VFS,file,EFO:0009318,HFFc6,cell line,total RNA-seq,,2,yes
383,ENCFF665ZEN,ENCFF081XYH,ENCFF081XYH,ENCFF665ZEN,file,CL:0000221,ectodermal cell,in vitro differentiated cells,polyA plus RNA-seq,,2,yes
384,ENCFF244QEJ,ENCFF853SNW,ENCFF853SNW,ENCFF244QEJ,file,CL:0001054,CD14-positive monocyte,primary cell,polyA plus RNA-seq,,3,yes
385,ENCFF350QYH,ENCFF136ZVX,ENCFF136ZVX,ENCFF350QYH,file,EFO:0002067,K562,cell line,polyA plus RNA-seq,,5,yes
386,ENCFF721CKE,ENCFF362PNM,ENCFF362PNM,ENCFF721CKE,file,CL:0000896,"activated CD4-positive, alpha-beta T cell",primary cell,total RNA-seq,,0,no
387,ENCFF061GJD,ENCFF167XOI,ENCFF167XOI,ENCFF061GJD,file,UBERON:0002107,liver,tissue,polyA plus RNA-seq,,5,yes
388,ENCFF639TBN,ENCFF248QVA,ENCFF248QVA,ENCFF639TBN,file,UBERON:0002084,heart left ventricle,tissue,total RNA-seq,,4,yes
389,ENCFF351KYE,ENCFF733YEJ,ENCFF733YEJ,ENCFF351KYE,file,UBERON:0009834,dorsolateral prefrontal cortex,tissue,total RNA-seq,,3,yes
390,ENCFF553VZK,ENCFF939BQK,ENCFF939BQK,ENCFF553VZK,file,UBERON:0009834,dorsolateral prefrontal cortex,tissue,total RNA-seq,,3,yes
391,ENCFF236PLH,ENCFF123PSX,ENCFF123PSX,ENCFF236PLH,file,UBERON:0001159,sigmoid colon,tissue,polyA plus RNA-seq,,5,yes
392,ENCFF014BZI,ENCFF367NBV,ENCFF367NBV,ENCFF014BZI,file,UBERON:0018118,right renal cortex interstitium,tissue,polyA plus RNA-seq,,1,yes
393,ENCFF794QMR,ENCFF330EUN,ENCFF330EUN,ENCFF794QMR,file,NTR:0000499,"activated CD4-positive, alpha-beta memory T cell",primary cell,total RNA-seq,,0,no
394,ENCFF636PCD,ENCFF807KQZ,ENCFF807KQZ,ENCFF636PCD,file,UBERON:0001157,transverse colon,tissue,total RNA-seq,,3,yes
395,ENCFF871BDW,ENCFF493OET,ENCFF493OET,ENCFF871BDW,file,UBERON:0008952,upper lobe of left lung,tissue,total RNA-seq,,3,yes
396,ENCFF750AQK,ENCFF309YCI,ENCFF309YCI,ENCFF750AQK,file,UBERON:0001499,muscle of arm,tissue,polyA plus RNA-seq,,1,yes
397,ENCFF366OLW,ENCFF407ZDM,ENCFF407ZDM,ENCFF366OLW,file,CL:2000001,peripheral blood mononuclear cell,primary cell,polyA plus RNA-seq,,2,yes
398,ENCFF586TED,ENCFF251CIC,ENCFF251CIC,ENCFF586TED,file,NTR:0000502,"activated naive CD8-positive, alpha-beta T cell",primary cell,total RNA-seq,,0,no
399,ENCFF801GDG,ENCFF563MLL,ENCFF563MLL,ENCFF801GDG,file,UBERON:0018115,left renal pelvis,tissue,polyA plus RNA-seq,,1,yes
400,ENCFF886GEY,ENCFF808KRP,ENCFF808KRP,ENCFF886GEY,file,UBERON:0002168,left lung,tissue,total RNA-seq,,3,yes
401,ENCFF537ODI,ENCFF515TIF,ENCFF515TIF,ENCFF537ODI,file,CL:0000624,"CD4-positive, alpha-beta T cell",primary cell,total RNA-seq,,3,yes
402,ENCFF639KIS,ENCFF251HQX,ENCFF251HQX,ENCFF639KIS,file,UBERON:0018117,left renal cortex interstitium,tissue,polyA plus RNA-seq,,1,yes
403,ENCFF591MXM,ENCFF092QIW,ENCFF092QIW,ENCFF591MXM,file,CL:0000137,osteocyte,in vitro differentiated cells,total RNA-seq,,2,yes
404,ENCFF626WFF,ENCFF474MDU,ENCFF474MDU,ENCFF626WFF,file,NTR:0000504,"activated CD8-positive, alpha-beta memory T cell",primary cell,total RNA-seq,,0,no
405,ENCFF207PTC,ENCFF743FLM,ENCFF743FLM,ENCFF207PTC,file,CL:0000788,naive B cell,primary cell,polyA plus RNA-seq,,1,yes
406,ENCFF634ZNK,ENCFF737SYB,ENCFF737SYB,ENCFF634ZNK,file,EFO:0002074,PC-3,cell line,total RNA-seq,,2,yes
407,ENCFF517AWK,ENCFF581PRF,ENCFF581PRF,ENCFF517AWK,file,UBERON:0001987,placenta,tissue,total RNA-seq,,4,yes
408,ENCFF307KUI,ENCFF035NBN,ENCFF035NBN,ENCFF307KUI,file,EFO:0009318,HFFc6,cell line,total RNA-seq,,2,yes
409,ENCFF183NKR,ENCFF110RPH,ENCFF110RPH,ENCFF183NKR,file,UBERON:0001499,muscle of arm,tissue,polyA plus RNA-seq,,1,yes
410,ENCFF180UNN,ENCFF188MTB,ENCFF188MTB,ENCFF180UNN,file,EFO:0001196,IMR-90,cell line,total RNA-seq,,4,yes
411,ENCFF388ARQ,ENCFF391XHF,ENCFF391XHF,ENCFF388ARQ,file,UBERON:0001224,renal pelvis,tissue,polyA plus RNA-seq,,1,yes
412,ENCFF682BYZ,ENCFF520NHF,ENCFF520NHF,ENCFF682BYZ,file,UBERON:0008952,upper lobe of left lung,tissue,total RNA-seq,,3,yes
413,ENCFF977WIW,ENCFF121ZPH,ENCFF121ZPH,ENCFF977WIW,file,CL:0000115,endothelial cell,in vitro differentiated cells,total RNA-seq,,2,yes
414,ENCFF684VAN,ENCFF833YCY,ENCFF833YCY,ENCFF684VAN,file,UBERON:0001515,thoracic aorta,tissue,total RNA-seq,,2,yes
415,ENCFF664WLU,ENCFF210MJF,ENCFF210MJF,ENCFF664WLU,file,UBERON:0001264,pancreas,tissue,total RNA-seq,,4,yes
416,ENCFF754DFT,ENCFF103NIX,ENCFF103NIX,ENCFF754DFT,file,CL:0000222,mesodermal cell,in vitro differentiated cells,polyA plus RNA-seq,,2,yes
417,ENCFF071WUF,ENCFF774PKK,ENCFF774PKK,ENCFF071WUF,file,UBERON:0002080,heart right ventricle,tissue,polyA plus RNA-seq,,4,yes
418,ENCFF409JJL,ENCFF261LJW,ENCFF261LJW,ENCFF409JJL,file,CL:0002451,mammary stem cell,primary cell,polyA plus RNA-seq,,2,yes
419,ENCFF308PAX,ENCFF169FHE,ENCFF169FHE,ENCFF308PAX,file,UBERON:0008367,breast epithelium,tissue,total RNA-seq,,3,yes
420,ENCFF566TZW,ENCFF472LKR,ENCFF472LKR,ENCFF566TZW,file,CL:0000792,"CD4-positive, CD25-positive, alpha-beta regulatory T cell",primary cell,polyA plus RNA-seq,,3,yes
421,ENCFF704OQQ,ENCFF671DKT,ENCFF671DKT,ENCFF704OQQ,file,UBERON:0002084,heart left ventricle,tissue,total RNA-seq,,4,yes
422,ENCFF463UYL,ENCFF957KMU,ENCFF957KMU,ENCFF463UYL,file,UBERON:0005270,renal cortex interstitium,tissue,polyA plus RNA-seq,,1,yes
423,ENCFF894UNP,ENCFF237QNH,ENCFF237QNH,ENCFF894UNP,file,NTR:0000502,"activated naive CD8-positive, alpha-beta T cell",primary cell,total RNA-seq,,0,no
424,ENCFF164HRL,ENCFF603PIL,ENCFF603PIL,ENCFF164HRL,file,UBERON:0008367,breast epithelium,tissue,total RNA-seq,,3,yes
425,ENCFF749LPZ,ENCFF841CUM,ENCFF841CUM,ENCFF749LPZ,file,UBERON:0002080,heart right ventricle,tissue,polyA plus RNA-seq,,4,yes
426,ENCFF130XAM,ENCFF121WXQ,ENCFF121WXQ,ENCFF130XAM,file,UBERON:0007106,chorionic villus,tissue,polyA plus RNA-seq,,2,yes
427,ENCFF032LLH,ENCFF030XBO,ENCFF030XBO,ENCFF032LLH,file,CL:0000909,"CD8-positive, alpha-beta memory T cell",primary cell,total RNA-seq,,3,yes
428,ENCFF410AMW,ENCFF224GPU,ENCFF224GPU,ENCFF410AMW,file,UBERON:0002108,small intestine,tissue,polyA plus RNA-seq,,3,yes
429,ENCFF874MDG,ENCFF327YQU,ENCFF327YQU,ENCFF874MDG,file,UBERON:0008953,lower lobe of left lung,tissue,total RNA-seq,,2,yes
430,ENCFF124OIZ,ENCFF214DTC,ENCFF214DTC,ENCFF124OIZ,file,UBERON:0001255,urinary bladder,tissue,polyA plus RNA-seq,,5,yes
431,ENCFF690TCE,ENCFF804LUI,ENCFF804LUI,ENCFF690TCE,file,UBERON:0002106,spleen,tissue,polyA plus RNA-seq,,6,yes
432,ENCFF837QWO,ENCFF542BVY,ENCFF542BVY,ENCFF837QWO,file,UBERON:0001211,Peyer's patch,tissue,total RNA-seq,,3,yes
433,ENCFF332DXT,ENCFF498TQF,ENCFF498TQF,ENCFF332DXT,file,UBERON:0036149,suprapubic skin,tissue,total RNA-seq,,3,yes
434,ENCFF749KBP,ENCFF634WOM,ENCFF634WOM,ENCFF749KBP,file,EFO:0009747,WTC11,cell line,total RNA-seq,,3,yes
435,ENCFF434RYT,ENCFF436OWO,ENCFF436OWO,ENCFF434RYT,file,EFO:0002067,K562,cell line,total RNA-seq,,5,yes
436,ENCFF711RTC,ENCFF283IQC,ENCFF283IQC,ENCFF711RTC,file,CL:1001606,foreskin keratinocyte,primary cell,polyA plus RNA-seq,,4,yes
437,ENCFF915KEU,ENCFF263KEJ,ENCFF263KEJ,ENCFF915KEU,file,UBERON:0006631,right atrium auricular region,tissue,total RNA-seq,,3,yes
438,ENCFF603VKW,ENCFF286TKQ,ENCFF286TKQ,ENCFF603VKW,file,NTR:0000497,"activated naive CD4-positive, alpha-beta T cell",primary cell,total RNA-seq,,0,no
439,ENCFF306WQW,ENCFF318EJE,ENCFF318EJE,ENCFF306WQW,file,UBERON:0004264,lower leg skin,tissue,total RNA-seq,,3,yes
440,ENCFF747VOJ,ENCFF223MUU,ENCFF223MUU,ENCFF747VOJ,file,CL:0000624,"CD4-positive, alpha-beta T cell",primary cell,polyA plus RNA-seq,,3,yes
441,ENCFF973GKK,ENCFF992XOR,ENCFF992XOR,ENCFF973GKK,file,UBERON:0001987,placenta,tissue,total RNA-seq,,4,yes
442,ENCFF930ZEP,ENCFF064BKZ,ENCFF064BKZ,ENCFF930ZEP,file,UBERON:0003124,chorion,tissue,polyA plus RNA-seq,,2,yes
443,ENCFF913IDF,ENCFF735XXE,ENCFF735XXE,ENCFF913IDF,file,CL:0001054,CD14-positive monocyte,primary cell,polyA plus RNA-seq,,3,yes
444,ENCFF423UFR,ENCFF884TVR,ENCFF884TVR,ENCFF423UFR,file,UBERON:0002370,thymus,tissue,polyA plus RNA-seq,,3,yes
445,ENCFF298BEF,ENCFF144BNP,ENCFF144BNP,ENCFF298BEF,file,EFO:0001099,Caco-2,cell line,total RNA-seq,,2,yes
446,ENCFF716MCB,ENCFF163BTT,ENCFF163BTT,ENCFF716MCB,file,UBERON:0002037,cerebellum,tissue,polyA plus RNA-seq,,5,yes
447,ENCFF857JQM,ENCFF561TMR,ENCFF561TMR,ENCFF857JQM,file,UBERON:0000945,stomach,tissue,total RNA-seq,,6,yes
448,ENCFF462RXW,ENCFF911JBW,ENCFF911JBW,ENCFF462RXW,file,CL:0000223,endodermal cell,in vitro differentiated cells,polyA plus RNA-seq,,4,yes
449,ENCFF799LEP,ENCFF291GNY,ENCFF291GNY,ENCFF799LEP,file,CL:0000900,"naive thymus-derived CD8-positive, alpha-beta T cell",primary cell,total RNA-seq,,3,yes
450,ENCFF569RLX,ENCFF213LRI,ENCFF213LRI,ENCFF569RLX,file,UBERON:0006920,esophagus squamous epithelium,tissue,total RNA-seq,,3,yes
451,ENCFF346KED,ENCFF400CHK,ENCFF400CHK,ENCFF346KED,file,UBERON:0001987,placenta,tissue,total RNA-seq,,4,yes
452,ENCFF781JKV,ENCFF685FCX,ENCFF685FCX,ENCFF781JKV,file,UBERON:0036149,suprapubic skin,tissue,total RNA-seq,,3,yes
453,ENCFF149EVF,ENCFF947KGU,ENCFF947KGU,ENCFF149EVF,file,UBERON:0002108,small intestine,tissue,polyA plus RNA-seq,,3,yes
454,ENCFF083LBA,ENCFF715SXQ,ENCFF715SXQ,ENCFF083LBA,file,UBERON:0009834,dorsolateral prefrontal cortex,tissue,total RNA-seq,,3,yes
455,ENCFF104GYY,ENCFF697OAU,ENCFF697OAU,ENCFF104GYY,file,UBERON:0001987,placenta,tissue,total RNA-seq,,4,yes
456,ENCFF988PCJ,ENCFF263ZRO,ENCFF263ZRO,ENCFF988PCJ,file,UBERON:0004550,gastroesophageal sphincter,tissue,total RNA-seq,,3,yes
457,ENCFF007UXU,ENCFF181QTI,ENCFF181QTI,ENCFF007UXU,file,EFO:0005904,H7,cell line,total RNA-seq,,2,yes
458,ENCFF575MUZ,ENCFF470HTA,ENCFF470HTA,ENCFF575MUZ,file,CL:0000909,"CD8-positive, alpha-beta memory T cell",primary cell,polyA plus RNA-seq,,3,yes
459,ENCFF751UKE,ENCFF952UWM,ENCFF952UWM,ENCFF751UKE,file,EFO:0002067,K562,cell line,total RNA-seq,,5,yes
460,ENCFF273EQI,ENCFF535TIX,ENCFF535TIX,ENCFF273EQI,file,UBERON:0002367,prostate gland,tissue,total RNA-seq,,3,yes
461,ENCFF995LYR,ENCFF143EWZ,ENCFF143EWZ,ENCFF995LYR,file,UBERON:0002113,kidney,tissue,polyA plus RNA-seq,,5,yes
462,ENCFF692RMR,ENCFF089GUP,ENCFF089GUP,ENCFF692RMR,file,UBERON:0002168,left lung,tissue,polyA plus RNA-seq,,3,yes
463,ENCFF171AXG,ENCFF849BKN,ENCFF849BKN,ENCFF171AXG,file,UBERON:0008952,upper lobe of left lung,tissue,total RNA-seq,,3,yes
464,ENCFF400TSJ,ENCFF388QFN,ENCFF388QFN,ENCFF400TSJ,file,CL:0000222,mesodermal cell,in vitro differentiated cells,polyA plus RNA-seq,,2,yes
465,ENCFF175STH,ENCFF845DJW,ENCFF845DJW,ENCFF175STH,file,CL:0000625,"CD8-positive, alpha-beta T cell",primary cell,total RNA-seq,,3,yes
466,ENCFF330JFM,ENCFF754ZRA,ENCFF754ZRA,ENCFF330JFM,file,UBERON:0008450,psoas muscle,tissue,polyA plus RNA-seq,,4,yes
467,ENCFF125ERZ,ENCFF560FVE,ENCFF560FVE,ENCFF125ERZ,file,UBERON:0002190,subcutaneous adipose tissue,tissue,total RNA-seq,,3,yes
468,ENCFF144LMJ,ENCFF672AXQ,ENCFF672AXQ,ENCFF144LMJ,file,UBERON:0001114,right lobe of liver,tissue,total RNA-seq,,3,yes
469,ENCFF041WVF,ENCFF280YRS,ENCFF280YRS,ENCFF041WVF,file,EFO:0002103,A375,cell line,total RNA-seq,,2,yes
470,ENCFF282IAK,ENCFF833QMT,ENCFF833QMT,ENCFF282IAK,file,UBERON:0006920,esophagus squamous epithelium,tissue,total RNA-seq,,3,yes
471,ENCFF822FJL,ENCFF089SDX,ENCFF089SDX,ENCFF822FJL,file,UBERON:0002106,spleen,tissue,polyA plus RNA-seq,,6,yes
472,ENCFF840FOM,ENCFF693XEN,ENCFF693XEN,ENCFF840FOM,file,EFO:0005723,GM23248,cell line,polyA plus RNA-seq,,3,yes
473,ENCFF139LFK,ENCFF672RNN,ENCFF672RNN,ENCFF139LFK,file,UBERON:0000317,colonic mucosa,tissue,total RNA-seq,,2,yes
474,ENCFF464YAZ,ENCFF709QRA,ENCFF709QRA,ENCFF464YAZ,file,NTR:0000493,left ventricle myocardium inferior,tissue,total RNA-seq,,2,yes
475,ENCFF960KHZ,ENCFF344YVW,ENCFF344YVW,ENCFF960KHZ,file,EFO:0002067,K562,cell line,total RNA-seq,,5,yes
476,ENCFF707HGU,ENCFF849FLT,ENCFF849FLT,ENCFF707HGU,file,UBERON:0002108,small intestine,tissue,polyA plus RNA-seq,,3,yes
477,ENCFF974GKV,ENCFF901ATL,ENCFF901ATL,ENCFF974GKV,file,UBERON:0001264,pancreas,tissue,total RNA-seq,,4,yes
478,ENCFF871GKI,ENCFF069OIK,ENCFF069OIK,ENCFF871GKI,file,UBERON:0004550,gastroesophageal sphincter,tissue,total RNA-seq,,3,yes
479,ENCFF315VRZ,ENCFF113MGH,ENCFF113MGH,ENCFF315VRZ,file,EFO:0002067,K562,cell line,polyA plus RNA-seq,,5,yes
480,ENCFF368STN,ENCFF007LJG,ENCFF007LJG,ENCFF368STN,file,UBERON:0001774,muscle of trunk,tissue,polyA plus RNA-seq,,1,yes
481,ENCFF687CCF,ENCFF101SYV,ENCFF101SYV,ENCFF687CCF,file,UBERON:0002046,thyroid gland,tissue,total RNA-seq,,3,yes
482,ENCFF741LDL,ENCFF646ZZQ,ENCFF646ZZQ,ENCFF741LDL,file,CL:0000906,"activated CD8-positive, alpha-beta T cell",primary cell,total RNA-seq,,0,no
483,ENCFF869NOC,ENCFF298CPL,ENCFF298CPL,ENCFF869NOC,file,UBERON:0002108,small intestine,tissue,polyA plus RNA-seq,,3,yes
484,ENCFF206UJZ,ENCFF636BRP,ENCFF636BRP,ENCFF206UJZ,file,UBERON:0000305,amnion,tissue,polyA plus RNA-seq,,2,yes
485,ENCFF729KWM,ENCFF790DEA,ENCFF790DEA,ENCFF729KWM,file,EFO:0002059,HT1080,cell line,total RNA-seq,,4,yes
486,ENCFF023CIG,ENCFF709BGZ,ENCFF709BGZ,ENCFF023CIG,file,CL:0001053,IgD-negative memory B cell,primary cell,polyA plus RNA-seq,,1,yes
487,ENCFF473RTG,ENCFF257QQB,ENCFF257QQB,ENCFF473RTG,file,EFO:0003042,H1,cell line,total RNA-seq,,5,yes
488,ENCFF619SBF,ENCFF982JPV,ENCFF982JPV,ENCFF619SBF,file,NTR:0000504,"activated CD8-positive, alpha-beta memory T cell",primary cell,total RNA-seq,,0,no
489,ENCFF318GOT,ENCFF808EKP,ENCFF808EKP,ENCFF318GOT,file,EFO:0001187,HepG2,cell line,polyA plus RNA-seq,,5,yes
490,ENCFF831FJE,ENCFF876MLB,ENCFF876MLB,ENCFF831FJE,file,UBERON:0018116,right renal pelvis,tissue,polyA plus RNA-seq,,1,yes
491,ENCFF112DAY,ENCFF684FER,ENCFF684FER,ENCFF112DAY,file,UBERON:0001211,Peyer's patch,tissue,total RNA-seq,,3,yes
492,ENCFF844XOY,ENCFF089BOJ,ENCFF089BOJ,ENCFF844XOY,file,CL:0000624,"CD4-positive, alpha-beta T cell",primary cell,polyA plus RNA-seq,,3,yes
493,ENCFF862OYJ,ENCFF844CIZ,ENCFF844CIZ,ENCFF862OYJ,file,UBERON:0001383,muscle of leg,tissue,polyA plus RNA-seq,,3,yes
494,ENCFF275GIO,ENCFF713ZMW,ENCFF713ZMW,ENCFF275GIO,file,UBERON:0001499,muscle of arm,tissue,polyA plus RNA-seq,,1,yes
495,ENCFF022TTZ,ENCFF728QLF,ENCFF728QLF,ENCFF022TTZ,file,UBERON:0000945,stomach,tissue,polyA plus RNA-seq,,6,yes
496,ENCFF483ZFP,ENCFF410QZX,ENCFF410QZX,ENCFF483ZFP,file,UBERON:0004264,lower leg skin,tissue,total RNA-seq,,3,yes
497,ENCFF781CJU,ENCFF150UWD,ENCFF150UWD,ENCFF781CJU,file,EFO:0002791,HeLa-S3,cell line,polyA plus RNA-seq,,3,yes
498,ENCFF736WER,ENCFF707WTD,ENCFF707WTD,ENCFF736WER,file,CL:0000906,"activated CD8-positive, alpha-beta T cell",primary cell,total RNA-seq,,0,no
499,ENCFF645UVR,ENCFF146DMX,ENCFF146DMX,ENCFF645UVR,file,UBERON:0018116,right renal pelvis,tissue,polyA plus RNA-seq,,1,yes
500,ENCFF332PZB,ENCFF085JXX,ENCFF085JXX,ENCFF332PZB,file,UBERON:0002167,right lung,tissue,polyA plus RNA-seq,,1,yes
501,ENCFF834DDE,ENCFF866JMO,ENCFF866JMO,ENCFF834DDE,file,UBERON:0000305,amnion,tissue,polyA plus RNA-seq,,2,yes
502,ENCFF460RWK,ENCFF274TDF,ENCFF274TDF,ENCFF460RWK,file,EFO:0002106,A673,cell line,total RNA-seq,,2,yes
503,ENCFF529NEA,ENCFF565XVW,ENCFF565XVW,ENCFF529NEA,file,CL:0000223,endodermal cell,in vitro differentiated cells,total RNA-seq,,4,yes
504,ENCFF132MTE,ENCFF744BTD,ENCFF744BTD,ENCFF132MTE,file,UBERON:0007106,chorionic villus,tissue,polyA plus RNA-seq,,2,yes
505,ENCFF403LSP,ENCFF488KNY,ENCFF488KNY,ENCFF403LSP,file,UBERON:0002167,right lung,tissue,polyA plus RNA-seq,,1,yes
506,ENCFF740YZB,ENCFF917RKL,ENCFF917RKL,ENCFF740YZB,file,EFO:0001187,HepG2,cell line,polyA plus RNA-seq,,5,yes
507,ENCFF232IBG,ENCFF951UGT,ENCFF951UGT,ENCFF232IBG,file,UBERON:0001383,muscle of leg,tissue,polyA plus RNA-seq,,3,yes
508,ENCFF349PBM,ENCFF104NDB,ENCFF104NDB,ENCFF349PBM,file,UBERON:0009834,dorsolateral prefrontal cortex,tissue,total RNA-seq,,3,yes
509,ENCFF223MRJ,ENCFF233HOM,ENCFF233HOM,ENCFF223MRJ,file,UBERON:0008450,psoas muscle,tissue,total RNA-seq,,4,yes
510,ENCFF124RNM,ENCFF047ADC,ENCFF047ADC,ENCFF124RNM,file,EFO:0002067,K562,cell line,total RNA-seq,,5,yes
511,ENCFF689EMS,ENCFF637ANZ,ENCFF637ANZ,ENCFF689EMS,file,EFO:0005722,SJCRH30,cell line,total RNA-seq,,2,yes
512,ENCFF439UJD,ENCFF218MMR,ENCFF218MMR,ENCFF439UJD,file,EFO:0005721,SK-N-DZ,cell line,polyA plus RNA-seq,,2,yes
513,ENCFF494KRC,ENCFF898IHN,ENCFF898IHN,ENCFF494KRC,file,UBERON:0001264,pancreas,tissue,polyA plus RNA-seq,,4,yes
514,ENCFF263KMC,ENCFF212QRL,ENCFF212QRL,ENCFF263KMC,file,UBERON:0000945,stomach,tissue,polyA plus RNA-seq,,6,yes
515,ENCFF951AHR,ENCFF025THJ,ENCFF025THJ,ENCFF951AHR,file,UBERON:0006631,right atrium auricular region,tissue,total RNA-seq,,3,yes
516,ENCFF958PFC,ENCFF231VPQ,ENCFF231VPQ,ENCFF958PFC,file,CL:0000047,neuronal stem cell,in vitro differentiated cells,polyA plus RNA-seq,,2,yes
517,ENCFF786QNE,ENCFF387SJN,ENCFF387SJN,ENCFF786QNE,file,UBERON:0002168,left lung,tissue,polyA plus RNA-seq,,3,yes
518,ENCFF093TCK,ENCFF462KBX,ENCFF462KBX,ENCFF093TCK,file,UBERON:0008450,psoas muscle,tissue,total RNA-seq,,4,yes
519,ENCFF811SRP,ENCFF254PWG,ENCFF254PWG,ENCFF811SRP,file,UBERON:0001499,muscle of arm,tissue,polyA plus RNA-seq,,1,yes
520,ENCFF172JEE,ENCFF470VWE,ENCFF470VWE,ENCFF172JEE,file,UBERON:0002324,muscle of back,tissue,polyA plus RNA-seq,,1,yes
521,ENCFF765XAK,ENCFF788FRD,ENCFF788FRD,ENCFF765XAK,file,UBERON:0001264,pancreas,tissue,total RNA-seq,,4,yes
522,ENCFF572PHO,ENCFF228AHT,ENCFF228AHT,ENCFF572PHO,file,EFO:0002101,A172,cell line,total RNA-seq,,2,yes
523,ENCFF403IZE,ENCFF591XND,ENCFF591XND,ENCFF403IZE,file,EFO:0002150,Caki2,cell line,total RNA-seq,,2,yes
524,ENCFF750OOP,ENCFF201RLE,ENCFF201RLE,ENCFF750OOP,file,CL:0000900,"naive thymus-derived CD8-positive, alpha-beta T cell",primary cell,polyA plus RNA-seq,,3,yes
525,ENCFF293WHV,ENCFF304TWT,ENCFF304TWT,ENCFF293WHV,file,EFO:0003044,NCI-H460,cell line,polyA plus RNA-seq,,4,yes
526,ENCFF083EOC,ENCFF731FYT,ENCFF731FYT,ENCFF083EOC,file,UBERON:0001150,body of pancreas,tissue,total RNA-seq,,3,yes
527,ENCFF556DGW,ENCFF568PWV,ENCFF568PWV,ENCFF556DGW,file,CL:0000897,"CD4-positive, alpha-beta memory T cell",primary cell,polyA plus RNA-seq,,3,yes
528,ENCFF494BJO,ENCFF034RBU,ENCFF034RBU,ENCFF494BJO,file,UBERON:0008952,upper lobe of left lung,tissue,total RNA-seq,,3,yes
529,ENCFF178JTH,ENCFF426JDT,ENCFF426JDT,ENCFF178JTH,file,UBERON:0002168,left lung,tissue,polyA plus RNA-seq,,3,yes
530,ENCFF087TPO,ENCFF086SRN,ENCFF086SRN,ENCFF087TPO,file,CL:0000221,ectodermal cell,in vitro differentiated cells,polyA plus RNA-seq,,2,yes
531,ENCFF254FOW,ENCFF827UHC,ENCFF827UHC,ENCFF254FOW,file,CL:0000896,"activated CD4-positive, alpha-beta T cell",primary cell,total RNA-seq,,0,no
532,ENCFF342CXC,ENCFF199MXA,ENCFF199MXA,ENCFF342CXC,file,EFO:0002067,K562,cell line,polyA plus RNA-seq,,5,yes
533,ENCFF648WGJ,ENCFF407ZDP,ENCFF407ZDP,ENCFF648WGJ,file,EFO:0002067,K562,cell line,polyA plus RNA-seq,,5,yes
534,ENCFF327AIS,ENCFF018NXB,ENCFF018NXB,ENCFF327AIS,file,CL:0000895,"naive thymus-derived CD4-positive, alpha-beta T cell",primary cell,polyA plus RNA-seq,,3,yes
535,ENCFF068AID,ENCFF455CDH,ENCFF455CDH,ENCFF068AID,file,UBERON:0009834,dorsolateral prefrontal cortex,tissue,total RNA-seq,,3,yes
536,ENCFF500TSS,ENCFF297NQG,ENCFF297NQG,ENCFF500TSS,file,UBERON:0002369,adrenal gland,tissue,polyA plus RNA-seq,,6,yes
537,ENCFF986ZVF,ENCFF065NBH,ENCFF065NBH,ENCFF986ZVF,file,EFO:0002067,K562,cell line,total RNA-seq,,5,yes
538,ENCFF470QLH,ENCFF007ZBY,ENCFF007ZBY,ENCFF470QLH,file,UBERON:0011907,gastrocnemius medialis,tissue,total RNA-seq,,3,yes
539,ENCFF963QMF,ENCFF097CWH,ENCFF097CWH,ENCFF963QMF,file,UBERON:0002108,small intestine,tissue,polyA plus RNA-seq,,3,yes
540,ENCFF833WFD,ENCFF585HTZ,ENCFF585HTZ,ENCFF833WFD,file,EFO:0002067,K562,cell line,total RNA-seq,,5,yes
541,ENCFF642CAM,ENCFF458QQU,ENCFF458QQU,ENCFF642CAM,file,UBERON:0002108,small intestine,tissue,polyA plus RNA-seq,,3,yes
542,ENCFF366NYN,ENCFF973BSN,ENCFF973BSN,ENCFF366NYN,file,UBERON:0004648,esophagus muscularis mucosa,tissue,total RNA-seq,,3,yes
543,ENCFF434HUT,ENCFF383RPD,ENCFF383RPD,ENCFF434HUT,file,CL:2000093,bronchus fibroblast of lung,primary cell,total RNA-seq,,2,yes
544,ENCFF273YOG,ENCFF824QUG,ENCFF824QUG,ENCFF273YOG,file,UBERON:0001499,muscle of arm,tissue,polyA plus RNA-seq,,1,yes
545,ENCFF660RNB,ENCFF592XZA,ENCFF592XZA,ENCFF660RNB,file,UBERON:0002108,small intestine,tissue,polyA plus RNA-seq,,3,yes
546,ENCFF434GPZ,ENCFF733JPK,ENCFF733JPK,ENCFF434GPZ,file,UBERON:0002106,spleen,tissue,total RNA-seq,,6,yes
547,ENCFF736BIN,ENCFF808SDN,ENCFF808SDN,ENCFF736BIN,file,UBERON:0002078,right cardiac atrium,tissue,total RNA-seq,,4,yes
548,ENCFF921NQC,ENCFF086IIB,ENCFF086IIB,ENCFF921NQC,file,EFO:0003044,NCI-H460,cell line,polyA plus RNA-seq,,4,yes
549,ENCFF828ZID,ENCFF091AGW,ENCFF091AGW,ENCFF828ZID,file,UBERON:0001264,pancreas,tissue,polyA plus RNA-seq,,4,yes
550,ENCFF033KAE,ENCFF983RQU,ENCFF983RQU,ENCFF033KAE,file,CL:0000084,T-cell,primary cell,total RNA-seq,,4,yes
551,ENCFF932PGT,ENCFF296HLN,ENCFF296HLN,ENCFF932PGT,file,UBERON:0001322,sciatic nerve,tissue,total RNA-seq,,2,yes
552,ENCFF416UGY,ENCFF482BDQ,ENCFF482BDQ,ENCFF416UGY,file,UBERON:0009834,dorsolateral prefrontal cortex,tissue,total RNA-seq,,3,yes
553,ENCFF391HHX,ENCFF814YUZ,ENCFF814YUZ,ENCFF391HHX,file,CL:2000045,foreskin melanocyte,primary cell,polyA plus RNA-seq,,2,yes
554,ENCFF393JBM,ENCFF045ZHZ,ENCFF045ZHZ,ENCFF393JBM,file,UBERON:0000948,heart,tissue,polyA plus RNA-seq,,5,yes
555,ENCFF979GXG,ENCFF275DKR,ENCFF275DKR,ENCFF979GXG,file,EFO:0009318,HFFc6,cell line,total RNA-seq,,2,yes
556,ENCFF754RSP,ENCFF365LTY,ENCFF365LTY,ENCFF754RSP,file,CL:0011022,fibroblast of skin of back,primary cell,polyA plus RNA-seq,,1,yes
557,ENCFF028IUE,ENCFF544ZDA,ENCFF544ZDA,ENCFF028IUE,file,EFO:0002067,K562,cell line,polyA plus RNA-seq,,5,yes
558,ENCFF993TGD,ENCFF848ZVQ,ENCFF848ZVQ,ENCFF993TGD,file,CL:0001054,CD14-positive monocyte,primary cell,polyA plus RNA-seq,,3,yes
559,ENCFF740XHN,ENCFF368FFC,ENCFF368FFC,ENCFF740XHN,file,EFO:0003042,H1,cell line,polyA plus RNA-seq,,5,yes
560,ENCFF173SBL,ENCFF889JRS,ENCFF889JRS,ENCFF173SBL,file,UBERON:0010414,omental fat pad,tissue,total RNA-seq,,3,yes
561,ENCFF307MUN,ENCFF857GII,ENCFF857GII,ENCFF307MUN,file,UBERON:0009834,dorsolateral prefrontal cortex,tissue,total RNA-seq,,3,yes
562,ENCFF874CFD,ENCFF702XYL,ENCFF702XYL,ENCFF874CFD,file,EFO:0002074,PC-3,cell line,total RNA-seq,,2,yes
563,ENCFF869NRO,ENCFF304ZAM,ENCFF304ZAM,ENCFF869NRO,file,UBERON:0001323,tibial nerve,tissue,total RNA-seq,,3,yes
564,ENCFF570HXT,ENCFF196UHI,ENCFF196UHI,ENCFF570HXT,file,UBERON:0001987,placenta,tissue,total RNA-seq,,4,yes
565,ENCFF520VKI,ENCFF519CVR,ENCFF519CVR,ENCFF520VKI,file,UBERON:0002324,muscle of back,tissue,polyA plus RNA-seq,,1,yes
566,ENCFF424STR,ENCFF185FBE,ENCFF185FBE,ENCFF424STR,file,UBERON:0002079,left cardiac atrium,tissue,total RNA-seq,,2,yes
567,ENCFF348EEJ,ENCFF125TVD,ENCFF125TVD,ENCFF348EEJ,file,EFO:0002179,G401,cell line,total RNA-seq,,2,yes
568,ENCFF909YYJ,ENCFF844TIV,ENCFF844TIV,ENCFF909YYJ,file,UBERON:0001157,transverse colon,tissue,total RNA-seq,,3,yes
569,ENCFF039WAK,ENCFF443EQZ,ENCFF443EQZ,ENCFF039WAK,file,CL:0002618,endothelial cell of umbilical vein,primary cell,polyA plus RNA-seq,,5,yes
570,ENCFF452CER,ENCFF893OBW,ENCFF893OBW,ENCFF452CER,file,CL:0011022,fibroblast of skin of back,primary cell,polyA plus RNA-seq,,1,yes
571,ENCFF754HOS,ENCFF168WRO,ENCFF168WRO,ENCFF754HOS,file,UBERON:0002106,spleen,tissue,polyA plus RNA-seq,,6,yes
572,ENCFF909UQE,ENCFF807FQZ,ENCFF807FQZ,ENCFF909UQE,file,CL:0000134,mesenchymal stem cell,in vitro differentiated cells,polyA plus RNA-seq,,2,yes
573,ENCFF978LMC,ENCFF497DVM,ENCFF497DVM,ENCFF978LMC,file,CL:0000792,"CD4-positive, CD25-positive, alpha-beta regulatory T cell",primary cell,polyA plus RNA-seq,,3,yes
574,ENCFF869JAO,ENCFF492KPL,ENCFF492KPL,ENCFF869JAO,file,EFO:0005720,SK-MEL-5,cell line,total RNA-seq,,4,yes
575,ENCFF256NJU,ENCFF190ZWO,ENCFF190ZWO,ENCFF256NJU,file,EFO:0003042,H1,cell line,polyA plus RNA-seq,,5,yes
576,ENCFF524SRR,ENCFF784RHW,ENCFF784RHW,ENCFF524SRR,file,UBERON:0001150,body of pancreas,tissue,total RNA-seq,,3,yes
577,ENCFF392JWL,ENCFF402SEK,ENCFF402SEK,ENCFF392JWL,file,UBERON:0002190,subcutaneous adipose tissue,tissue,total RNA-seq,,3,yes
578,ENCFF135TQB,ENCFF851BGA,ENCFF851BGA,ENCFF135TQB,file,CL:1001606,foreskin keratinocyte,primary cell,polyA plus RNA-seq,,4,yes
579,ENCFF454HPK,ENCFF940DUI,ENCFF940DUI,ENCFF454HPK,file,EFO:0002067,K562,cell line,total RNA-seq,,5,yes
580,ENCFF188LLF,ENCFF325GTZ,ENCFF325GTZ,ENCFF188LLF,file,CL:0000823,immature natural killer cell,primary cell,polyA plus RNA-seq,,1,yes
581,ENCFF863PGO,ENCFF248FOA,ENCFF248FOA,ENCFF863PGO,file,CL:0000897,"CD4-positive, alpha-beta memory T cell",primary cell,polyA plus RNA-seq,,3,yes
582,ENCFF688QOM,ENCFF985BPB,ENCFF985BPB,ENCFF688QOM,file,UBERON:0004992,mucosa of descending colon,tissue,total RNA-seq,,2,yes
583,ENCFF450ZEW,ENCFF643ZAD,ENCFF643ZAD,ENCFF450ZEW,file,UBERON:0002078,right cardiac atrium,tissue,polyA plus RNA-seq,,4,yes
584,ENCFF156SVV,ENCFF565FOF,ENCFF565FOF,ENCFF156SVV,file,UBERON:0001499,muscle of arm,tissue,polyA plus RNA-seq,,1,yes
585,ENCFF477ENL,ENCFF532MCC,ENCFF532MCC,ENCFF477ENL,file,CL:0001053,IgD-negative memory B cell,primary cell,polyA plus RNA-seq,,1,yes
586,ENCFF118PSU,ENCFF340TAG,ENCFF340TAG,ENCFF118PSU,file,UBERON:0011907,gastrocnemius medialis,tissue,total RNA-seq,,3,yes
587,ENCFF322DJR,ENCFF064KKA,ENCFF064KKA,ENCFF322DJR,file,UBERON:0002369,adrenal gland,tissue,polyA plus RNA-seq,,6,yes
588,ENCFF015XFX,ENCFF544MJM,ENCFF544MJM,ENCFF015XFX,file,CL:2000092,hair follicular keratinocyte,primary cell,total RNA-seq,,2,yes
589,ENCFF050LMR,ENCFF838WFU,ENCFF838WFU,ENCFF050LMR,file,CL:2000013,fibroblast of skin of abdomen,primary cell,polyA plus RNA-seq,,1,yes
590,ENCFF297LUV,ENCFF267DQT,ENCFF267DQT,ENCFF297LUV,file,UBERON:0001013,adipose tissue,tissue,polyA plus RNA-seq,,2,yes
591,ENCFF295QVP,ENCFF166WWA,ENCFF166WWA,ENCFF295QVP,file,UBERON:0002046,thyroid gland,tissue,total RNA-seq,,3,yes
592,ENCFF588IFD,ENCFF662LZH,ENCFF662LZH,ENCFF588IFD,file,UBERON:0002369,adrenal gland,tissue,polyA plus RNA-seq,,6,yes
593,ENCFF619BDM,ENCFF082CYK,ENCFF082CYK,ENCFF619BDM,file,EFO:0002067,K562,cell line,total RNA-seq,,5,yes
594,ENCFF917GNV,ENCFF334KVA,ENCFF334KVA,ENCFF917GNV,file,CL:0000900,"naive thymus-derived CD8-positive, alpha-beta T cell",primary cell,total RNA-seq,,3,yes
595,ENCFF845KUN,ENCFF205MJV,ENCFF205MJV,ENCFF845KUN,file,UBERON:0002084,heart left ventricle,tissue,polyA plus RNA-seq,,4,yes
596,ENCFF160LHN,ENCFF134ALH,ENCFF134ALH,ENCFF160LHN,file,UBERON:0000473,testis,tissue,polyA plus RNA-seq,,6,yes
597,ENCFF081EIW,ENCFF652PJM,ENCFF652PJM,ENCFF081EIW,file,EFO:0002067,K562,cell line,total RNA-seq,,5,yes
598,ENCFF702UDE,ENCFF927ANS,ENCFF927ANS,ENCFF702UDE,file,UBERON:0009834,dorsolateral prefrontal cortex,tissue,total RNA-seq,,3,yes
599,ENCFF331ZBL,ENCFF632MAZ,ENCFF632MAZ,ENCFF331ZBL,file,NTR:0000499,"activated CD4-positive, alpha-beta memory T cell",primary cell,total RNA-seq,,0,no
600,ENCFF600THC,ENCFF940PJY,ENCFF940PJY,ENCFF600THC,file,EFO:0005697,M059J,cell line,total RNA-seq,,2,yes
601,ENCFF024KOW,ENCFF221JZR,ENCFF221JZR,ENCFF024KOW,file,EFO:0002067,K562,cell line,total RNA-seq,,5,yes
602,ENCFF963NNL,ENCFF730BTN,ENCFF730BTN,ENCFF963NNL,file,CL:2000045,foreskin melanocyte,primary cell,polyA plus RNA-seq,,2,yes
603,ENCFF766TYC,ENCFF087ORU,ENCFF087ORU,ENCFF766TYC,file,EFO:0002824,HCT116,cell line,total RNA-seq,,3,yes
604,ENCFF461FQU,ENCFF101ASV,ENCFF101ASV,ENCFF461FQU,file,NTR:0000856,mesendoderm,in vitro differentiated cells,polyA plus RNA-seq,,2,yes
605,ENCFF394QNK,ENCFF610OAY,ENCFF610OAY,ENCFF394QNK,file,UBERON:0002106,spleen,tissue,polyA plus RNA-seq,,6,yes
606,ENCFF709FXM,ENCFF930CLZ,ENCFF930CLZ,ENCFF709FXM,file,CL:0000823,immature natural killer cell,primary cell,polyA plus RNA-seq,,1,yes
607,ENCFF651TEC,ENCFF854EBH,ENCFF854EBH,ENCFF651TEC,file,UBERON:0002367,prostate gland,tissue,total RNA-seq,,3,yes
608,ENCFF903TQS,ENCFF633OPC,ENCFF633OPC,ENCFF903TQS,file,UBERON:0000088,trophoblast,tissue,polyA plus RNA-seq,,2,yes
609,ENCFF212BAZ,ENCFF759QTQ,ENCFF759QTQ,ENCFF212BAZ,file,UBERON:0000945,stomach,tissue,polyA plus RNA-seq,,6,yes
610,ENCFF650GXU,ENCFF629GCT,ENCFF629GCT,ENCFF650GXU,file,UBERON:0004538,left kidney,tissue,polyA plus RNA-seq,,1,yes
611,ENCFF758MCH,ENCFF777ZZR,ENCFF777ZZR,ENCFF758MCH,file,NTR:0003013,placental basal plate,tissue,polyA plus RNA-seq,,2,yes
612,ENCFF503KWI,ENCFF911IWQ,ENCFF911IWQ,ENCFF503KWI,file,UBERON:0002190,subcutaneous adipose tissue,tissue,total RNA-seq,,3,yes
613,ENCFF832TVV,ENCFF771JBV,ENCFF771JBV,ENCFF832TVV,file,UBERON:0003662,forelimb muscle,tissue,polyA plus RNA-seq,,1,yes
614,ENCFF308FKQ,ENCFF920HIF,ENCFF920HIF,ENCFF308FKQ,file,EFO:0003045,H9,cell line,total RNA-seq,,2,yes
615,ENCFF729LDK,ENCFF811FXS,ENCFF811FXS,ENCFF729LDK,file,EFO:0003042,H1,cell line,total RNA-seq,,5,yes
616,ENCFF812ADO,ENCFF970CQA,ENCFF970CQA,ENCFF812ADO,file,CL:0001053,IgD-negative memory B cell,primary cell,polyA plus RNA-seq,,1,yes
617,ENCFF381SDS,ENCFF112IXW,ENCFF112IXW,ENCFF381SDS,file,UBERON:0002107,liver,tissue,polyA plus RNA-seq,,5,yes
618,ENCFF496RMH,ENCFF155PWD,ENCFF155PWD,ENCFF496RMH,file,UBERON:1000010,mole,tissue,polyA plus RNA-seq,,2,yes
619,ENCFF431JUO,ENCFF697OJB,ENCFF697OJB,ENCFF431JUO,file,UBERON:0001013,adipose tissue,tissue,polyA plus RNA-seq,,2,yes
620,ENCFF751CUI,ENCFF350OVE,ENCFF350OVE,ENCFF751CUI,file,UBERON:0008953,lower lobe of left lung,tissue,total RNA-seq,,2,yes
621,ENCFF464VYE,ENCFF481AMD,ENCFF481AMD,ENCFF464VYE,file,UBERON:0002108,small intestine,tissue,polyA plus RNA-seq,,3,yes
622,ENCFF883VNR,ENCFF597SVD,ENCFF597SVD,ENCFF883VNR,file,UBERON:0001496,ascending aorta,tissue,total RNA-seq,,3,yes
623,ENCFF361XCF,ENCFF504JQU,ENCFF504JQU,ENCFF361XCF,file,UBERON:0000945,stomach,tissue,polyA plus RNA-seq,,6,yes
624,ENCFF016ISI,ENCFF751PQP,ENCFF751PQP,ENCFF016ISI,file,UBERON:0000992,ovary,tissue,polyA plus RNA-seq,,6,yes
625,ENCFF429AJA,ENCFF753LZJ,ENCFF753LZJ,ENCFF429AJA,file,UBERON:0000992,ovary,tissue,polyA plus RNA-seq,,6,yes
626,ENCFF051CMQ,ENCFF900XSJ,ENCFF900XSJ,ENCFF051CMQ,file,UBERON:0010414,omental fat pad,tissue,total RNA-seq,,3,yes
627,ENCFF597WFU,ENCFF590WBY,ENCFF590WBY,ENCFF597WFU,file,UBERON:0002324,muscle of back,tissue,polyA plus RNA-seq,,1,yes
628,ENCFF325WCG,ENCFF457QEG,ENCFF457QEG,ENCFF325WCG,file,UBERON:0002168,left lung,tissue,polyA plus RNA-seq,,3,yes
629,ENCFF572ROX,ENCFF817LFV,ENCFF817LFV,ENCFF572ROX,file,EFO:0002067,K562,cell line,total RNA-seq,,5,yes
630,ENCFF929WCF,ENCFF381OAF,ENCFF381OAF,ENCFF929WCF,file,EFO:0009318,HFFc6,cell line,total RNA-seq,,2,yes
631,ENCFF999KLY,ENCFF629VCP,ENCFF629VCP,ENCFF999KLY,file,EFO:0007089,HUES64,cell line,polyA plus RNA-seq,,2,yes
632,ENCFF477IRF,ENCFF274KQB,ENCFF274KQB,ENCFF477IRF,file,EFO:0002067,K562,cell line,total RNA-seq,,5,yes
633,ENCFF399SSG,ENCFF558ZAJ,ENCFF558ZAJ,ENCFF399SSG,file,UBERON:0002369,adrenal gland,tissue,polyA plus RNA-seq,,6,yes
634,ENCFF342IWO,ENCFF553LFH,ENCFF553LFH,ENCFF342IWO,file,UBERON:0004550,gastroesophageal sphincter,tissue,total RNA-seq,,3,yes
635,ENCFF075TVU,ENCFF056UVT,ENCFF056UVT,ENCFF075TVU,file,UBERON:0003124,chorion,tissue,polyA plus RNA-seq,,2,yes
636,ENCFF876NLM,ENCFF206OGU,ENCFF206OGU,ENCFF876NLM,file,UBERON:0001013,adipose tissue,tissue,polyA plus RNA-seq,,2,yes
637,ENCFF816UQV,ENCFF682NDW,ENCFF682NDW,ENCFF816UQV,file,EFO:0002847,PC-9,cell line,total RNA-seq,,2,yes
638,ENCFF754VNA,ENCFF689BPI,ENCFF689BPI,ENCFF754VNA,file,EFO:0007950,GM23338,cell line,polyA plus RNA-seq,,3,yes
639,ENCFF947KLU,ENCFF008POE,ENCFF008POE,ENCFF947KLU,file,UBERON:0004648,esophagus muscularis mucosa,tissue,total RNA-seq,,3,yes
640,ENCFF223PWH,ENCFF056FRZ,ENCFF056FRZ,ENCFF223PWH,file,UBERON:0000945,stomach,tissue,total RNA-seq,,6,yes
641,ENCFF422QXZ,ENCFF349IKE,ENCFF349IKE,ENCFF422QXZ,file,UBERON:0002369,adrenal gland,tissue,total RNA-seq,,6,yes
642,ENCFF533ZSU,ENCFF012MMA,ENCFF012MMA,ENCFF533ZSU,file,CL:0000895,"naive thymus-derived CD4-positive, alpha-beta T cell",primary cell,polyA plus RNA-seq,,3,yes
643,ENCFF824XSK,ENCFF193HUI,ENCFF193HUI,ENCFF824XSK,file,UBERON:0000473,testis,tissue,polyA plus RNA-seq,,6,yes
644,ENCFF503ORS,ENCFF988LZV,ENCFF988LZV,ENCFF503ORS,file,EFO:0002067,K562,cell line,total RNA-seq,,5,yes
645,ENCFF263CRG,ENCFF541ZMB,ENCFF541ZMB,ENCFF263CRG,file,UBERON:0008971,left colon,tissue,total RNA-seq,,2,yes
646,ENCFF507PUQ,ENCFF099RCL,ENCFF099RCL,ENCFF507PUQ,file,UBERON:0018117,left renal cortex interstitium,tissue,polyA plus RNA-seq,,1,yes
647,ENCFF069HBW,ENCFF024MEB,ENCFF024MEB,ENCFF069HBW,file,CL:0011012,neural crest cell,in vitro differentiated cells,total RNA-seq,,2,yes
648,ENCFF034BJH,ENCFF498CLL,ENCFF498CLL,ENCFF034BJH,file,CL:0000792,"CD4-positive, CD25-positive, alpha-beta regulatory T cell",primary cell,polyA plus RNA-seq,,3,yes
649,ENCFF373DVQ,ENCFF382VRE,ENCFF382VRE,ENCFF373DVQ,file,CL:0000351,trophoblast cell,in vitro differentiated cells,polyA plus RNA-seq,,2,yes
650,ENCFF216XVM,ENCFF386YGS,ENCFF386YGS,ENCFF216XVM,file,UBERON:0000947,aorta,tissue,polyA plus RNA-seq,,4,yes
651,ENCFF236XOK,ENCFF133LYJ,ENCFF133LYJ,ENCFF236XOK,file,UBERON:0002369,adrenal gland,tissue,total RNA-seq,,6,yes
652,ENCFF823ABI,ENCFF343JCX,ENCFF343JCX,ENCFF823ABI,file,CL:0000909,"CD8-positive, alpha-beta memory T cell",primary cell,polyA plus RNA-seq,,3,yes
653,ENCFF503ZRB,ENCFF366WMR,ENCFF366WMR,ENCFF503ZRB,file,CL:0000823,immature natural killer cell,primary cell,polyA plus RNA-seq,,1,yes
654,ENCFF015GRH,ENCFF851XAJ,ENCFF851XAJ,ENCFF015GRH,file,UBERON:0002084,heart left ventricle,tissue,polyA plus RNA-seq,,4,yes
655,ENCFF996NCW,ENCFF270YAA,ENCFF270YAA,ENCFF996NCW,file,UBERON:0008971,left colon,tissue,total RNA-seq,,2,yes
656,ENCFF653DJK,ENCFF958WEW,ENCFF958WEW,ENCFF653DJK,file,CL:0000138,chondrocyte,in vitro differentiated cells,total RNA-seq,,2,yes
657,ENCFF336XCO,ENCFF295UWT,ENCFF295UWT,ENCFF336XCO,file,UBERON:0000945,stomach,tissue,polyA plus RNA-seq,,6,yes
658,ENCFF437BXM,ENCFF502RUV,ENCFF502RUV,ENCFF437BXM,file,UBERON:0002370,thymus,tissue,polyA plus RNA-seq,,3,yes
659,ENCFF517DMU,ENCFF259EZH,ENCFF259EZH,ENCFF517DMU,file,UBERON:0000059,large intestine,tissue,polyA plus RNA-seq,,1,yes
660,ENCFF499ZFI,ENCFF462CKY,ENCFF462CKY,ENCFF499ZFI,file,NTR:0000499,"activated CD4-positive, alpha-beta memory T cell",primary cell,total RNA-seq,,0,no
661,ENCFF778QGB,ENCFF813JFQ,ENCFF813JFQ,ENCFF778QGB,file,UBERON:0000088,trophoblast,tissue,polyA plus RNA-seq,,2,yes
662,ENCFF514FND,ENCFF333ENA,ENCFF333ENA,ENCFF514FND,file,UBERON:0000945,stomach,tissue,polyA plus RNA-seq,,6,yes
663,ENCFF022GUW,ENCFF924CJI,ENCFF924CJI,ENCFF022GUW,file,CL:0000788,naive B cell,primary cell,polyA plus RNA-seq,,1,yes
664,ENCFF114LDR,ENCFF734UPN,ENCFF734UPN,ENCFF114LDR,file,UBERON:0000305,amnion,tissue,polyA plus RNA-seq,,2,yes
665,ENCFF030ORH,ENCFF050ROK,ENCFF050ROK,ENCFF030ORH,file,UBERON:0001499,muscle of arm,tissue,polyA plus RNA-seq,,1,yes
666,ENCFF932MJL,ENCFF312ZLI,ENCFF312ZLI,ENCFF932MJL,file,EFO:0002067,K562,cell line,total RNA-seq,,5,yes
667,ENCFF795UGM,ENCFF794ZUR,ENCFF794ZUR,ENCFF795UGM,file,NTR:0003013,placental basal plate,tissue,polyA plus RNA-seq,,2,yes
668,ENCFF899AKM,ENCFF145JTX,ENCFF145JTX,ENCFF899AKM,file,UBERON:0009834,dorsolateral prefrontal cortex,tissue,total RNA-seq,,3,yes
669,ENCFF589ZCF,ENCFF532KPO,ENCFF532KPO,ENCFF589ZCF,file,UBERON:0001323,tibial nerve,tissue,total RNA-seq,,3,yes
670,ENCFF674NHA,ENCFF321EHO,ENCFF321EHO,ENCFF674NHA,file,EFO:0005723,GM23248,cell line,total RNA-seq,,3,yes
671,ENCFF027FUC,ENCFF722TDX,ENCFF722TDX,ENCFF027FUC,file,EFO:0001196,IMR-90,cell line,total RNA-seq,,4,yes
672,ENCFF895OOC,ENCFF542OVF,ENCFF542OVF,ENCFF895OOC,file,UBERON:0001157,transverse colon,tissue,total RNA-seq,,3,yes
673,ENCFF402HRB,ENCFF718DUW,ENCFF718DUW,ENCFF402HRB,file,UBERON:0002369,adrenal gland,tissue,total RNA-seq,,6,yes
674,ENCFF990XSZ,ENCFF980FZG,ENCFF980FZG,ENCFF990XSZ,file,UBERON:0001211,Peyer's patch,tissue,total RNA-seq,,3,yes
675,ENCFF729UTH,ENCFF875RMF,ENCFF875RMF,ENCFF729UTH,file,CL:0000788,naive B cell,primary cell,polyA plus RNA-seq,,1,yes
676,ENCFF945GRJ,ENCFF483IQJ,ENCFF483IQJ,ENCFF945GRJ,file,UBERON:0002324,muscle of back,tissue,polyA plus RNA-seq,,1,yes
677,ENCFF572UZE,ENCFF466NAU,ENCFF466NAU,ENCFF572UZE,file,EFO:0002067,K562,cell line,total RNA-seq,,5,yes
678,ENCFF818YGY,ENCFF347OLB,ENCFF347OLB,ENCFF818YGY,file,EFO:0002067,K562,cell line,total RNA-seq,,5,yes
679,ENCFF171EQY,ENCFF372DGR,ENCFF372DGR,ENCFF171EQY,file,UBERON:0001159,sigmoid colon,tissue,total RNA-seq,,5,yes
680,ENCFF161XMM,ENCFF495AAX,ENCFF495AAX,ENCFF161XMM,file,EFO:0001187,HepG2,cell line,total RNA-seq,,5,yes
681,ENCFF290MLG,ENCFF458ASG,ENCFF458ASG,ENCFF290MLG,file,EFO:0001200,MCF 10A,cell line,total RNA-seq,,2,yes
682,ENCFF015QYZ,ENCFF818BRP,ENCFF818BRP,ENCFF015QYZ,file,CL:2000071,mammary microvascular endothelial cell,primary cell,total RNA-seq,,2,yes
683,ENCFF533BDU,ENCFF573JBK,ENCFF573JBK,ENCFF533BDU,file,UBERON:0002168,left lung,tissue,total RNA-seq,,3,yes
684,ENCFF118YUM,ENCFF740HBZ,ENCFF740HBZ,ENCFF118YUM,file,UBERON:0002170,upper lobe of right lung,tissue,total RNA-seq,,2,yes
685,ENCFF068EDD,ENCFF903PTH,ENCFF903PTH,ENCFF068EDD,file,CL:0000792,"CD4-positive, CD25-positive, alpha-beta regulatory T cell",primary cell,polyA plus RNA-seq,,3,yes
686,ENCFF709WUU,ENCFF711RSC,ENCFF711RSC,ENCFF709WUU,file,UBERON:0008450,psoas muscle,tissue,polyA plus RNA-seq,,4,yes
687,ENCFF142EIF,ENCFF840DDQ,ENCFF840DDQ,ENCFF142EIF,file,NTR:0000504,"activated CD8-positive, alpha-beta memory T cell",primary cell,total RNA-seq,,0,no
688,ENCFF608CTI,ENCFF403PZE,ENCFF403PZE,ENCFF608CTI,file,UBERON:0002099,cardiac septum,tissue,total RNA-seq,,2,yes
689,ENCFF471RGW,ENCFF045JED,ENCFF045JED,ENCFF471RGW,file,NTR:0000502,"activated naive CD8-positive, alpha-beta T cell",primary cell,total RNA-seq,,0,no
690,ENCFF800HIP,ENCFF509KPQ,ENCFF509KPQ,ENCFF800HIP,file,EFO:0002784,GM12878,cell line,total RNA-seq,,5,yes
691,ENCFF711AJY,ENCFF745TWT,ENCFF745TWT,ENCFF711AJY,file,UBERON:0018118,right renal cortex interstitium,tissue,polyA plus RNA-seq,,1,yes
692,ENCFF268FYN,ENCFF595CZA,ENCFF595CZA,ENCFF268FYN,file,CL:0002368,airway epithelial cell,primary cell,total RNA-seq,,2,yes
693,ENCFF989WGG,ENCFF929RPC,ENCFF929RPC,ENCFF989WGG,file,UBERON:0001159,sigmoid colon,tissue,polyA plus RNA-seq,,5,yes
694,ENCFF201DYZ,ENCFF577ZXA,ENCFF577ZXA,ENCFF201DYZ,file,UBERON:0002171,lower lobe of right lung,tissue,total RNA-seq,,2,yes
695,ENCFF577LGC,ENCFF118XUB,ENCFF118XUB,ENCFF577LGC,file,UBERON:0001159,sigmoid colon,tissue,total RNA-seq,,5,yes
696,ENCFF766RZP,ENCFF589DYO,ENCFF589DYO,ENCFF766RZP,file,CL:0002372,myotube,in vitro differentiated cells,total RNA-seq,,2,yes
697,ENCFF947ZLB,ENCFF333QAU,ENCFF333QAU,ENCFF947ZLB,file,CL:0001059,"common myeloid progenitor, CD34-positive",primary cell,polyA plus RNA-seq,,1,yes
698,ENCFF347RJG,ENCFF553FQR,ENCFF553FQR,ENCFF347RJG,file,UBERON:0002084,heart left ventricle,tissue,total RNA-seq,,4,yes
699,ENCFF835HKJ,ENCFF512AIP,ENCFF512AIP,ENCFF835HKJ,file,UBERON:0001515,thoracic aorta,tissue,total RNA-seq,,2,yes
700,ENCFF589IWR,ENCFF668DGV,ENCFF668DGV,ENCFF589IWR,file,UBERON:0015143,mesenteric fat pad,tissue,total RNA-seq,,2,yes
701,ENCFF774EMQ,ENCFF237XXC,ENCFF237XXC,ENCFF774EMQ,file,UBERON:0008952,upper lobe of left lung,tissue,total RNA-seq,,3,yes
702,ENCFF364ACD,ENCFF368TTD,ENCFF368TTD,ENCFF364ACD,file,UBERON:0000992,ovary,tissue,total RNA-seq,,6,yes
703,ENCFF031DLO,ENCFF863HRX,ENCFF863HRX,ENCFF031DLO,file,EFO:0009318,HFFc6,cell line,total RNA-seq,,2,yes
704,ENCFF859XYK,ENCFF999ARF,ENCFF999ARF,ENCFF859XYK,file,UBERON:0008450,psoas muscle,tissue,polyA plus RNA-seq,,4,yes
705,ENCFF057NDA,ENCFF463TDW,ENCFF463TDW,ENCFF057NDA,file,EFO:0002784,GM12878,cell line,polyA plus RNA-seq,,5,yes
706,ENCFF307EFI,ENCFF685VLN,ENCFF685VLN,ENCFF307EFI,file,EFO:0002067,K562,cell line,total RNA-seq,,5,yes
707,ENCFF368KFI,ENCFF203UBD,ENCFF203UBD,ENCFF368KFI,file,NTR:0000537,activated T-cell,primary cell,total RNA-seq,,0,no
708,ENCFF537SFY,ENCFF918AOG,ENCFF918AOG,ENCFF537SFY,file,CL:0000909,"CD8-positive, alpha-beta memory T cell",primary cell,polyA plus RNA-seq,,3,yes
709,ENCFF174WLB,ENCFF255CRM,ENCFF255CRM,ENCFF174WLB,file,CL:0000221,ectodermal cell,in vitro differentiated cells,polyA plus RNA-seq,,2,yes
710,ENCFF859KDV,ENCFF734OLC,ENCFF734OLC,ENCFF859KDV,file,CL:1001608,foreskin fibroblast,primary cell,polyA plus RNA-seq,,2,yes
711,ENCFF202OLF,ENCFF563AJC,ENCFF563AJC,ENCFF202OLF,file,UBERON:0011907,gastrocnemius medialis,tissue,total RNA-seq,,3,yes
712,ENCFF413URT,ENCFF756IDW,ENCFF756IDW,ENCFF413URT,file,UBERON:0002078,right cardiac atrium,tissue,total RNA-seq,,4,yes
713,ENCFF357GHN,ENCFF818TKM,ENCFF818TKM,ENCFF357GHN,file,UBERON:0000945,stomach,tissue,total RNA-seq,,6,yes
714,ENCFF981VRR,ENCFF918QTH,ENCFF918QTH,ENCFF981VRR,file,NTR:0000499,"activated CD4-positive, alpha-beta memory T cell",primary cell,total RNA-seq,,0,no
715,ENCFF074LKL,ENCFF444MUM,ENCFF444MUM,ENCFF074LKL,file,UBERON:0000059,large intestine,tissue,polyA plus RNA-seq,,1,yes
716,ENCFF888ASC,ENCFF593EJA,ENCFF593EJA,ENCFF888ASC,file,UBERON:0001159,sigmoid colon,tissue,total RNA-seq,,5,yes
717,ENCFF502SIL,ENCFF108RDF,ENCFF108RDF,ENCFF502SIL,file,UBERON:0001323,tibial nerve,tissue,total RNA-seq,,3,yes
718,ENCFF627KXO,ENCFF238NVT,ENCFF238NVT,ENCFF627KXO,file,CL:0000182,hepatocyte,in vitro differentiated cells,polyA plus RNA-seq,,3,yes
719,ENCFF016NWL,ENCFF946QQD,ENCFF946QQD,ENCFF016NWL,file,UBERON:0000059,large intestine,tissue,polyA plus RNA-seq,,1,yes
720,ENCFF607HBH,ENCFF490SYS,ENCFF490SYS,ENCFF607HBH,file,UBERON:0001383,muscle of leg,tissue,polyA plus RNA-seq,,3,yes
721,ENCFF593OHC,ENCFF837YDW,ENCFF837YDW,ENCFF593OHC,file,EFO:0002067,K562,cell line,total RNA-seq,,5,yes
722,ENCFF548QRY,ENCFF300QBN,ENCFF300QBN,ENCFF548QRY,file,CL:0002327,mammary epithelial cell,primary cell,polyA plus RNA-seq,,4,yes
723,ENCFF493JUC,ENCFF104DTS,ENCFF104DTS,ENCFF493JUC,file,CL:0000625,"CD8-positive, alpha-beta T cell",primary cell,polyA plus RNA-seq,,3,yes
724,ENCFF087TLW,ENCFF551UCO,ENCFF551UCO,ENCFF087TLW,file,UBERON:0002168,left lung,tissue,polyA plus RNA-seq,,3,yes
725,ENCFF376ALQ,ENCFF853VJV,ENCFF853VJV,ENCFF376ALQ,file,EFO:0001187,HepG2,cell line,total RNA-seq,,5,yes
726,ENCFF012XRF,ENCFF726WTR,ENCFF726WTR,ENCFF012XRF,file,UBERON:0036149,suprapubic skin,tissue,total RNA-seq,,3,yes
727,ENCFF583MKM,ENCFF458XQS,ENCFF458XQS,ENCFF583MKM,file,UBERON:0000948,heart,tissue,polyA plus RNA-seq,,5,yes
728,ENCFF635SRJ,ENCFF193HXZ,ENCFF193HXZ,ENCFF635SRJ,file,UBERON:0009834,dorsolateral prefrontal cortex,tissue,total RNA-seq,,3,yes
729,ENCFF598QLB,ENCFF289VET,ENCFF289VET,ENCFF598QLB,file,EFO:0002067,K562,cell line,total RNA-seq,,5,yes
730,ENCFF545SNN,ENCFF858QRQ,ENCFF858QRQ,ENCFF545SNN,file,UBERON:0002078,right cardiac atrium,tissue,total RNA-seq,,4,yes
731,ENCFF458YKY,ENCFF096CZT,ENCFF096CZT,ENCFF458YKY,file,CL:0000221,ectodermal cell,in vitro differentiated cells,polyA plus RNA-seq,,2,yes
732,ENCFF808UYE,ENCFF701JUX,ENCFF701JUX,ENCFF808UYE,file,UBERON:0009834,dorsolateral prefrontal cortex,tissue,total RNA-seq,,3,yes
733,ENCFF210MFP,ENCFF571AFR,ENCFF571AFR,ENCFF210MFP,file,NTR:0000494,left ventricle myocardium superior,tissue,total RNA-seq,,2,yes
734,ENCFF659DTI,ENCFF163AGZ,ENCFF163AGZ,ENCFF659DTI,file,CL:0000679,glutamatergic neuron,in vitro differentiated cells,total RNA-seq,,2,yes
735,ENCFF325DUK,ENCFF318MTJ,ENCFF318MTJ,ENCFF325DUK,file,EFO:0002330,SJSA1,cell line,total RNA-seq,,2,yes
736,ENCFF471MIL,ENCFF432UNL,ENCFF432UNL,ENCFF471MIL,file,EFO:0002067,K562,cell line,total RNA-seq,,5,yes
737,ENCFF921KHI,ENCFF717QBH,ENCFF717QBH,ENCFF921KHI,file,UBERON:0018118,right renal cortex interstitium,tissue,polyA plus RNA-seq,,1,yes
738,ENCFF992CSK,ENCFF278EZT,ENCFF278EZT,ENCFF992CSK,file,EFO:0002067,K562,cell line,total RNA-seq,,5,yes
739,ENCFF036PUS,ENCFF990JTR,ENCFF990JTR,ENCFF036PUS,file,EFO:0001187,HepG2,cell line,total RNA-seq,,5,yes
740,ENCFF053HTJ,ENCFF279MVV,ENCFF279MVV,ENCFF053HTJ,file,EFO:0002784,GM12878,cell line,polyA plus RNA-seq,,5,yes
741,ENCFF970LTI,ENCFF343WYY,ENCFF343WYY,ENCFF970LTI,file,UBERON:0002324,muscle of back,tissue,polyA plus RNA-seq,,1,yes
742,ENCFF123KIW,ENCFF649RYB,ENCFF649RYB,ENCFF123KIW,file,UBERON:0002113,kidney,tissue,total RNA-seq,,5,yes
743,ENCFF807EUQ,ENCFF982WYX,ENCFF982WYX,ENCFF807EUQ,file,CL:0000187,myocyte,in vitro differentiated cells,total RNA-seq,,3,yes
744,ENCFF379NOY,ENCFF031QGE,ENCFF031QGE,ENCFF379NOY,file,EFO:0003042,H1,cell line,total RNA-seq,,5,yes
745,ENCFF839YOI,ENCFF168RPD,ENCFF168RPD,ENCFF839YOI,file,UBERON:0002113,kidney,tissue,polyA plus RNA-seq,,5,yes
746,ENCFF264PUE,ENCFF873UUS,ENCFF873UUS,ENCFF264PUE,file,EFO:0002819,Calu3,cell line,total RNA-seq,,2,yes
747,ENCFF403CJU,ENCFF734VZN,ENCFF734VZN,ENCFF403CJU,file,CL:0010003,epithelial cell of alveolus of lung,primary cell,total RNA-seq,,2,yes
748,ENCFF794ZMP,ENCFF801IUE,ENCFF801IUE,ENCFF794ZMP,file,CL:0000896,"activated CD4-positive, alpha-beta T cell",primary cell,total RNA-seq,,0,no
749,ENCFF705GQQ,ENCFF473FLK,ENCFF473FLK,ENCFF705GQQ,file,UBERON:0002240,spinal cord,tissue,polyA plus RNA-seq,,5,yes
750,ENCFF007QAS,ENCFF297UUV,ENCFF297UUV,ENCFF007QAS,file,UBERON:0001987,placenta,tissue,total RNA-seq,,4,yes
751,ENCFF003KHL,ENCFF860TYK,ENCFF860TYK,ENCFF003KHL,file,UBERON:0005270,renal cortex interstitium,tissue,polyA plus RNA-seq,,1,yes
752,ENCFF485UZF,ENCFF544TFG,ENCFF544TFG,ENCFF485UZF,file,NTR:0000537,activated T-cell,primary cell,total RNA-seq,,0,no
753,ENCFF426WCQ,ENCFF353PFR,ENCFF353PFR,ENCFF426WCQ,file,UBERON:0002084,heart left ventricle,tissue,total RNA-seq,,4,yes
754,ENCFF630BFB,ENCFF496TSR,ENCFF496TSR,ENCFF630BFB,file,EFO:0002067,K562,cell line,total RNA-seq,,5,yes
755,ENCFF413SRE,ENCFF726SGF,ENCFF726SGF,ENCFF413SRE,file,CL:0000121,Purkinje cell,primary cell,polyA plus RNA-seq,,1,yes
756,ENCFF171ROO,ENCFF359MDK,ENCFF359MDK,ENCFF171ROO,file,UBERON:0002106,spleen,tissue,total RNA-seq,,6,yes
757,ENCFF109HYO,ENCFF430NYX,ENCFF430NYX,ENCFF109HYO,file,UBERON:0001987,placenta,tissue,total RNA-seq,,4,yes
758,ENCFF639PCM,ENCFF318UAJ,ENCFF318UAJ,ENCFF639PCM,file,UBERON:0001774,muscle of trunk,tissue,total RNA-seq,,1,yes
759,ENCFF336DIW,ENCFF880GSS,ENCFF880GSS,ENCFF336DIW,file,UBERON:0002113,kidney,tissue,polyA plus RNA-seq,,5,yes
760,ENCFF058RCR,ENCFF358IQV,ENCFF358IQV,ENCFF058RCR,file,CL:0000182,hepatocyte,in vitro differentiated cells,total RNA-seq,,3,yes
761,ENCFF724FPA,ENCFF426XDX,ENCFF426XDX,ENCFF724FPA,file,UBERON:0002106,spleen,tissue,polyA plus RNA-seq,,6,yes
762,ENCFF929VCO,ENCFF107LSA,ENCFF107LSA,ENCFF929VCO,file,CL:0000895,"naive thymus-derived CD4-positive, alpha-beta T cell",primary cell,total RNA-seq,,3,yes
763,ENCFF327HID,ENCFF043VUO,ENCFF043VUO,ENCFF327HID,file,UBERON:0002080,heart right ventricle,tissue,total RNA-seq,,4,yes
764,ENCFF608PXO,ENCFF124RPC,ENCFF124RPC,ENCFF608PXO,file,UBERON:0002048,lung,tissue,polyA plus RNA-seq,,4,yes
765,ENCFF146RKB,ENCFF403HKJ,ENCFF403HKJ,ENCFF146RKB,file,CL:2000091,endometrial microvascular endothelial cells,primary cell,total RNA-seq,,0,no
766,ENCFF068XDC,ENCFF965MBA,ENCFF965MBA,ENCFF068XDC,file,EFO:0002184,H4,cell line,total RNA-seq,,2,yes
767,ENCFF385HGM,ENCFF123BBC,ENCFF123BBC,ENCFF385HGM,file,CL:0000127,astrocyte,primary cell,polyA plus RNA-seq,,2,yes
768,ENCFF300UEL,ENCFF891ALA,ENCFF891ALA,ENCFF300UEL,file,UBERON:0000945,stomach,tissue,polyA plus RNA-seq,,6,yes
769,ENCFF149ZCL,ENCFF974VUT,ENCFF974VUT,ENCFF149ZCL,file,UBERON:0002084,heart left ventricle,tissue,total RNA-seq,,4,yes
770,ENCFF305GBQ,ENCFF150XAC,ENCFF150XAC,ENCFF305GBQ,file,CL:0000896,"activated CD4-positive, alpha-beta T cell",primary cell,total RNA-seq,,0,no
771,ENCFF754GOU,ENCFF046NXJ,ENCFF046NXJ,ENCFF754GOU,file,UBERON:0018116,right renal pelvis,tissue,polyA plus RNA-seq,,1,yes
772,ENCFF282HGY,ENCFF688MII,ENCFF688MII,ENCFF282HGY,file,UBERON:0001224,renal pelvis,tissue,polyA plus RNA-seq,,1,yes
773,ENCFF593UAU,ENCFF604EYK,ENCFF604EYK,ENCFF593UAU,file,UBERON:0000059,large intestine,tissue,polyA plus RNA-seq,,1,yes
774,ENCFF938SSN,ENCFF831HGM,ENCFF831HGM,ENCFF938SSN,file,EFO:0001187,HepG2,cell line,polyA plus RNA-seq,,5,yes
775,ENCFF867XTN,ENCFF484JKA,ENCFF484JKA,ENCFF867XTN,file,CL:0000788,naive B cell,primary cell,polyA plus RNA-seq,,1,yes
776,ENCFF556PRT,ENCFF850SIL,ENCFF850SIL,ENCFF556PRT,file,EFO:0007950,GM23338,cell line,total RNA-seq,,3,yes
777,ENCFF647OOT,ENCFF956EIE,ENCFF956EIE,ENCFF647OOT,file,CL:0000792,"CD4-positive, CD25-positive, alpha-beta regulatory T cell",primary cell,polyA plus RNA-seq,,3,yes
778,ENCFF734HKW,ENCFF413WXI,ENCFF413WXI,ENCFF734HKW,file,UBERON:0001987,placenta,tissue,total RNA-seq,,4,yes
779,ENCFF865RLR,ENCFF315ODV,ENCFF315ODV,ENCFF865RLR,file,CL:0000625,"CD8-positive, alpha-beta T cell",primary cell,polyA plus RNA-seq,,3,yes
780,ENCFF844BKK,ENCFF526ILL,ENCFF526ILL,ENCFF844BKK,file,NTR:0000497,"activated naive CD4-positive, alpha-beta T cell",primary cell,total RNA-seq,,0,no
781,ENCFF878VKZ,ENCFF346AHI,ENCFF346AHI,ENCFF878VKZ,file,EFO:0002067,K562,cell line,total RNA-seq,,5,yes
782,ENCFF540JTZ,ENCFF568QQJ,ENCFF568QQJ,ENCFF540JTZ,file,UBERON:0009834,dorsolateral prefrontal cortex,tissue,total RNA-seq,,3,yes
783,ENCFF364SJR,ENCFF333PSK,ENCFF333PSK,ENCFF364SJR,file,EFO:0002067,K562,cell line,total RNA-seq,,5,yes
784,ENCFF209KLC,ENCFF480XQC,ENCFF480XQC,ENCFF209KLC,file,UBERON:0000945,stomach,tissue,polyA plus RNA-seq,,6,yes
785,ENCFF260TWU,ENCFF496YJK,ENCFF496YJK,ENCFF260TWU,file,UBERON:0002369,adrenal gland,tissue,total RNA-seq,,6,yes
786,ENCFF146AHC,ENCFF095UOA,ENCFF095UOA,ENCFF146AHC,file,CL:0000895,"naive thymus-derived CD4-positive, alpha-beta T cell",primary cell,total RNA-seq,,3,yes
787,ENCFF923JKS,ENCFF366NWQ,ENCFF366NWQ,ENCFF923JKS,file,EFO:0002067,K562,cell line,total RNA-seq,,5,yes
788,ENCFF149IIB,ENCFF995SOX,ENCFF995SOX,ENCFF149IIB,file,NTR:0000502,"activated naive CD8-positive, alpha-beta T cell",primary cell,total RNA-seq,,0,no
789,ENCFF634BHM,ENCFF238RLU,ENCFF238RLU,ENCFF634BHM,file,EFO:0003042,H1,cell line,polyA plus RNA-seq,,5,yes
790,ENCFF085STG,ENCFF882KEH,ENCFF882KEH,ENCFF085STG,file,CL:0000823,immature natural killer cell,primary cell,polyA plus RNA-seq,,1,yes
791,ENCFF048JQQ,ENCFF314QAJ,ENCFF314QAJ,ENCFF048JQQ,file,UBERON:0007106,chorionic villus,tissue,polyA plus RNA-seq,,2,yes
792,ENCFF728GIC,ENCFF497QCQ,ENCFF497QCQ,ENCFF728GIC,file,UBERON:0011907,gastrocnemius medialis,tissue,total RNA-seq,,3,yes
793,ENCFF135UJT,ENCFF623LHV,ENCFF623LHV,ENCFF135UJT,file,CL:0001054,CD14-positive monocyte,primary cell,polyA plus RNA-seq,,3,yes
794,ENCFF131NXJ,ENCFF825QDH,ENCFF825QDH,ENCFF131NXJ,file,CL:0000103,bipolar neuron,in vitro differentiated cells,total RNA-seq,,0,no
795,ENCFF412NFZ,ENCFF874FQG,ENCFF874FQG,ENCFF412NFZ,file,CL:0000897,"CD4-positive, alpha-beta memory T cell",primary cell,polyA plus RNA-seq,,3,yes
796,ENCFF928EJA,ENCFF045DIU,ENCFF045DIU,ENCFF928EJA,file,EFO:0001193,HT-29,cell line,total RNA-seq,,2,yes
797,ENCFF010UKB,ENCFF974CXF,ENCFF974CXF,ENCFF010UKB,file,EFO:0002234,MG63,cell line,total RNA-seq,,2,yes
798,ENCFF197IPB,ENCFF937GHU,ENCFF937GHU,ENCFF197IPB,file,CL:0000823,immature natural killer cell,primary cell,polyA plus RNA-seq,,1,yes
799,ENCFF068ZME,ENCFF050OBT,ENCFF050OBT,ENCFF068ZME,file,CL:0001053,IgD-negative memory B cell,primary cell,polyA plus RNA-seq,,1,yes
800,ENCFF544VDM,ENCFF373WQE,ENCFF373WQE,ENCFF544VDM,file,NTR:0000856,mesendoderm,in vitro differentiated cells,polyA plus RNA-seq,,2,yes
801,ENCFF572SPV,ENCFF599BTC,ENCFF599BTC,ENCFF572SPV,file,CL:0000047,neuronal stem cell,in vitro differentiated cells,polyA plus RNA-seq,,2,yes
802,ENCFF254JJT,ENCFF301WLH,ENCFF301WLH,ENCFF254JJT,file,CL:4006001,fibroblast of skin of scalp,primary cell,polyA plus RNA-seq,,0,no
803,ENCFF302OVH,ENCFF696GRP,ENCFF696GRP,ENCFF302OVH,file,EFO:0001187,HepG2,cell line,polyA plus RNA-seq,,5,yes
804,ENCFF196UDY,ENCFF684CHN,ENCFF684CHN,ENCFF196UDY,file,CL:0000909,"CD8-positive, alpha-beta memory T cell",primary cell,total RNA-seq,,3,yes
805,ENCFF562IGK,ENCFF057TXE,ENCFF057TXE,ENCFF562IGK,file,UBERON:0004264,lower leg skin,tissue,total RNA-seq,,3,yes
806,ENCFF513XTK,ENCFF004DOF,ENCFF004DOF,ENCFF513XTK,file,CL:0001054,CD14-positive monocyte,primary cell,polyA plus RNA-seq,,3,yes
807,ENCFF823TJX,ENCFF573WTP,ENCFF573WTP,ENCFF823TJX,file,UBERON:0002079,left cardiac atrium,tissue,total RNA-seq,,2,yes
808,ENCFF948VKA,ENCFF118SVL,ENCFF118SVL,ENCFF948VKA,file,CL:0002618,endothelial cell of umbilical vein,primary cell,total RNA-seq,,5,yes
809,ENCFF860LWY,ENCFF915WBG,ENCFF915WBG,ENCFF860LWY,file,UBERON:0001043,esophagus,tissue,polyA plus RNA-seq,,2,yes
810,ENCFF273RBB,ENCFF137BCU,ENCFF137BCU,ENCFF273RBB,file,UBERON:0000947,aorta,tissue,polyA plus RNA-seq,,4,yes
811,ENCFF835PJC,ENCFF630CTN,ENCFF630CTN,ENCFF835PJC,file,UBERON:0002324,muscle of back,tissue,polyA plus RNA-seq,,1,yes
812,ENCFF932OLF,ENCFF098OUC,ENCFF098OUC,ENCFF932OLF,file,NTR:0000497,"activated naive CD4-positive, alpha-beta T cell",primary cell,total RNA-seq,,0,no
813,ENCFF954DUN,ENCFF895JFS,ENCFF895JFS,ENCFF954DUN,file,UBERON:0002080,heart right ventricle,tissue,total RNA-seq,,4,yes
814,ENCFF993FIL,ENCFF487HBP,ENCFF487HBP,ENCFF993FIL,file,NTR:0003013,placental basal plate,tissue,polyA plus RNA-seq,,2,yes
815,ENCFF652AXF,ENCFF304GQR,ENCFF304GQR,ENCFF652AXF,file,UBERON:0001159,sigmoid colon,tissue,polyA plus RNA-seq,,5,yes
