row_index,id,original_id,targets_identifier_base,query_accession,query_type,ontology_curie,biosample_name,biosample_classification,assay,errors
1,ENCFF649QID,,,ENCFF649QID,file,EFO:0002816,C3H10T1/2,cell line,polyA plus RNA-seq,
2,ENCFF333OSU,,,ENCFF333OSU,file,EFO:0001098,C2C12,cell line,polyA plus RNA-seq,
3,ENCFF248HSB,,,ENCFF248HSB,file,EFO:0002816,C3H10T1/2,cell line,polyA plus RNA-seq,
4,ENCFF208FJA,,,ENCFF208FJA,file,CL:0000187,myocyte,in vitro differentiated cells,polyA plus RNA-seq,
5,ENCFF465NLB,,,ENCFF465NLB,file,EFO:0005233,CH12.LX,cell line,total RNA-seq,
6,ENCFF398DLX,,,ENCFF398DLX,file,UBERON:0000948,heart,tissue,polyA plus RNA-seq,
7,ENCFF813BEO,,,ENCFF813BEO,file,UBERON:0002107,liver,tissue,polyA plus RNA-seq,
8,ENCFF011XNK,,,ENCFF011XNK,file,UBERON:0002048,lung,tissue,polyA plus RNA-seq,
9,ENCFF226UNW,,,ENCFF226UNW,file,UBERON:0002106,spleen,tissue,polyA plus RNA-seq,
10,ENCFF160YFD,,,ENCFF160YFD,file,UBERON:0002370,thymus,tissue,polyA plus RNA-seq,
11,ENCFF737EKM,,,ENCFF737EKM,file,UBERON:0000473,testis,tissue,polyA plus RNA-seq,
12,ENCFF148NWW,,,ENCFF148NWW,file,UBERON:0002369,adrenal gland,tissue,polyA plus RNA-seq,
13,ENCFF070EOB,,,ENCFF070EOB,file,UBERON:0002114,duodenum,tissue,polyA plus RNA-seq,
14,ENCFF536TZT,,,ENCFF536TZT,file,UBERON:0003428,gonadal fat pad,tissue,polyA plus RNA-seq,
15,ENCFF374JUW,,,ENCFF374JUW,file,UBERON:0000059,large intestine,tissue,polyA plus RNA-seq,
16,ENCFF102NZC,,,ENCFF102NZC,file,UBERON:0001911,mammary gland,tissue,polyA plus RNA-seq,
17,ENCFF499EED,,,ENCFF499EED,file,UBERON:0000992,ovary,tissue,polyA plus RNA-seq,
18,ENCFF458UBO,,,ENCFF458UBO,file,UBERON:0002108,small intestine,tissue,polyA plus RNA-seq,
19,ENCFF157LZL,,,ENCFF157LZL,file,UBERON:0002190,subcutaneous adipose tissue,tissue,polyA plus RNA-seq,
20,ENCFF200UVS,,,ENCFF200UVS,file,UBERON:0001017,central nervous system,tissue,polyA plus RNA-seq,
21,ENCFF819GNG,,,ENCFF819GNG,file,UBERON:0002107,liver,tissue,polyA plus RNA-seq,
22,ENCFF657JSS,,,ENCFF657JSS,file,UBERON:0002107,liver,tissue,polyA plus RNA-seq,
23,ENCFF562NCC,,,ENCFF562NCC,file,UBERON:0000955,brain,tissue,polyA plus RNA-seq,
24,ENCFF147QET,,,ENCFF147QET,file,UBERON:0001017,central nervous system,tissue,polyA plus RNA-seq,
25,ENCFF128EIE,,,ENCFF128EIE,file,UBERON:0001017,central nervous system,tissue,polyA plus RNA-seq,
26,ENCFF413PHM,,,ENCFF413PHM,file,UBERON:0002037,cerebellum,tissue,polyA plus RNA-seq,
27,ENCFF653RIM,,,ENCFF653RIM,file,UBERON:0002101,limb,tissue,polyA plus RNA-seq,
28,ENCFF975MMK,,,ENCFF975MMK,file,UBERON:0002107,liver,tissue,polyA plus RNA-seq,
29,ENCFF374ZNE,,,ENCFF374ZNE,file,UBERON:0001987,placenta,tissue,polyA plus RNA-seq,
30,ENCFF318LQN,,,ENCFF318LQN,file,UBERON:0005343,cortical plate,tissue,polyA plus RNA-seq,
31,ENCFF072FBP,,,ENCFF072FBP,file,UBERON:0001870,frontal cortex,tissue,polyA plus RNA-seq,
32,ENCFF343FPR,,,ENCFF343FPR,file,EFO:0005233,CH12.LX,cell line,polyA plus RNA-seq,
33,ENCFF341YQI,,,ENCFF341YQI,file,CL:0000765,erythroblast,primary cell,polyA plus RNA-seq,
34,ENCFF981RRV,,,ENCFF981RRV,file,NTR:0000714,leukemia stem cell,primary cell,polyA plus RNA-seq,
35,ENCFF804IHU,,,ENCFF804IHU,file,CL:0000837,hematopoietic multipotent progenitor cell,in vitro differentiated cells,polyA plus RNA-seq,
36,ENCFF088ENG,,,ENCFF088ENG,file,EFO:0002034,G1E,cell line,polyA plus RNA-seq,
37,ENCFF449UIB,,,ENCFF449UIB,file,EFO:0002055,G1E-ER4,cell line,polyA plus RNA-seq,
38,ENCFF610IML,,,ENCFF610IML,file,EFO:0002055,G1E-ER4,cell line,polyA plus RNA-seq,
39,ENCFF277LVK,,,ENCFF277LVK,file,EFO:0002055,G1E-ER4,cell line,polyA plus RNA-seq,
40,ENCFF566QKL,,,ENCFF566QKL,file,EFO:0002055,G1E-ER4,cell line,polyA plus RNA-seq,
41,ENCFF396MRH,,,ENCFF396MRH,file,EFO:0002055,G1E-ER4,cell line,polyA plus RNA-seq,
42,ENCFF977JQX,,,ENCFF977JQX,file,EFO:0002055,G1E-ER4,cell line,polyA plus RNA-seq,
43,ENCFF393MOV,,,ENCFF393MOV,file,CL:0000556,megakaryocyte,primary cell,polyA plus RNA-seq,
44,ENCFF446VXU,,,ENCFF446VXU,file,EFO:0003971,MEL,cell line,polyA plus RNA-seq,
45,ENCFF018JOM,,,ENCFF018JOM,file,EFO:0003971,MEL,cell line,polyA plus RNA-seq,
46,ENCFF452SKY,,,ENCFF452SKY,file,CL:0000050,megakaryocyte-erythroid progenitor cell,primary cell,polyA plus RNA-seq,
47,ENCFF465SZB,,,ENCFF465SZB,file,EFO:0002034,G1E,cell line,polyA plus RNA-seq,
48,ENCFF951KYQ,,,ENCFF951KYQ,file,EFO:0002055,G1E-ER4,cell line,polyA plus RNA-seq,
49,ENCFF723BLL,,,ENCFF723BLL,file,EFO:0007075,ES-E14,cell line,total RNA-seq,
50,ENCFF203XTH,,,ENCFF203XTH,file,EFO:0005233,CH12.LX,cell line,total RNA-seq,
51,ENCFF082TDF,,,ENCFF082TDF,file,EFO:0003971,MEL,cell line,total RNA-seq,
52,ENCFF481CYN,,,ENCFF481CYN,file,EFO:0003971,MEL,cell line,total RNA-seq,
53,ENCFF621WSA,,,ENCFF621WSA,file,UBERON:0001049,neural tube,tissue,polyA plus RNA-seq,
54,ENCFF941NIM,,,ENCFF941NIM,file,UBERON:0002369,adrenal gland,tissue,total RNA-seq,
55,ENCFF414FET,,,ENCFF414FET,file,UBERON:0002028,hindbrain,tissue,polyA plus RNA-seq,
56,ENCFF939SSR,,,ENCFF939SSR,file,UBERON:0000948,heart,tissue,polyA plus RNA-seq,
57,ENCFF175MIE,,,ENCFF175MIE,file,CL:0000556,megakaryocyte,primary cell,total RNA-seq,
58,ENCFF158VAH,,,ENCFF158VAH,file,CL:0000553,megakaryocyte progenitor cell,primary cell,total RNA-seq,
59,ENCFF802XAM,,,ENCFF802XAM,file,EFO:0005481,Patski,cell line,polyA plus RNA-seq,
60,ENCFF433CQU,,,ENCFF433CQU,file,UBERON:0000948,heart,tissue,total RNA-seq,
61,ENCFF196XDY,,,ENCFF196XDY,file,UBERON:0002048,lung,tissue,polyA plus RNA-seq,
62,ENCFF719HZQ,,,ENCFF719HZQ,file,UBERON:0000948,heart,tissue,polyA plus RNA-seq,
63,ENCFF501IOH,,,ENCFF501IOH,file,UBERON:0002113,kidney,tissue,polyA plus RNA-seq,
64,ENCFF646DKD,,,ENCFF646DKD,file,CL:0000576,monocyte,primary cell,total RNA-seq,
65,ENCFF837HZG,,,ENCFF837HZG,file,CL:0000775,neutrophil,primary cell,total RNA-seq,
66,ENCFF982DHB,,,ENCFF982DHB,file,UBERON:0001890,forebrain,tissue,polyA plus RNA-seq,
67,ENCFF058KQX,,,ENCFF058KQX,file,UBERON:0000948,heart,tissue,total RNA-seq,
68,ENCFF995CGM,,,ENCFF995CGM,file,CL:0000037,hematopoietic stem cell,primary cell,total RNA-seq,
69,ENCFF517JON,,,ENCFF517JON,file,UBERON:0001388,gastrocnemius,tissue,total RNA-seq,
70,ENCFF556TDA,,,ENCFF556TDA,file,UBERON:0001388,gastrocnemius,tissue,total RNA-seq,
71,ENCFF266NLF,,,ENCFF266NLF,file,UBERON:0000948,heart,tissue,total RNA-seq,
72,ENCFF252ZGC,,,ENCFF252ZGC,file,UBERON:0001388,gastrocnemius,tissue,total RNA-seq,
73,ENCFF172VMD,,,ENCFF172VMD,file,UBERON:0002107,liver,tissue,polyA plus RNA-seq,
74,ENCFF740WZT,,,ENCFF740WZT,file,UBERON:0001388,gastrocnemius,tissue,total RNA-seq,
75,ENCFF344DUK,,,ENCFF344DUK,file,UBERON:0001049,neural tube,tissue,polyA plus RNA-seq,
76,ENCFF958VDY,,,ENCFF958VDY,file,CL:0000050,megakaryocyte-erythroid progenitor cell,primary cell,total RNA-seq,
77,ENCFF259TYF,,,ENCFF259TYF,file,UBERON:0002305,layer of hippocampus,tissue,total RNA-seq,
78,ENCFF809NMT,,,ENCFF809NMT,file,UBERON:0002369,adrenal gland,tissue,total RNA-seq,
79,ENCFF904LTP,,,ENCFF904LTP,file,UBERON:0001388,gastrocnemius,tissue,total RNA-seq,
80,ENCFF137ITG,,,ENCFF137ITG,file,CL:0000049,common myeloid progenitor,primary cell,total RNA-seq,
81,ENCFF591CHX,,,ENCFF591CHX,file,NTR:0000646,left cerebral cortex,tissue,polyA plus RNA-seq,
82,ENCFF886PZI,,,ENCFF886PZI,file,UBERON:0000948,heart,tissue,polyA plus RNA-seq,
83,ENCFF603CNN,,,ENCFF603CNN,file,UBERON:0002369,adrenal gland,tissue,total RNA-seq,
84,ENCFF362XNO,,,ENCFF362XNO,file,UBERON:0001890,forebrain,tissue,polyA plus RNA-seq,
85,ENCFF059JNC,,,ENCFF059JNC,file,UBERON:0000948,heart,tissue,polyA plus RNA-seq,
86,ENCFF768RMV,,,ENCFF768RMV,file,UBERON:0002108,small intestine,tissue,polyA plus RNA-seq,
87,ENCFF142YNH,,,ENCFF142YNH,file,UBERON:0002113,kidney,tissue,polyA plus RNA-seq,
88,ENCFF657AXS,,,ENCFF657AXS,file,UBERON:0000945,stomach,tissue,polyA plus RNA-seq,
89,ENCFF794URH,,,ENCFF794URH,file,EFO:0002055,G1E-ER4,cell line,total RNA-seq,
90,ENCFF500BMU,,,ENCFF500BMU,file,UBERON:0001890,forebrain,tissue,polyA plus RNA-seq,
91,ENCFF576RKY,,,ENCFF576RKY,file,UBERON:0002369,adrenal gland,tissue,total RNA-seq,
92,ENCFF913LOM,,,ENCFF913LOM,file,UBERON:0000948,heart,tissue,total RNA-seq,
93,ENCFF410RXW,,,ENCFF410RXW,file,UBERON:0002107,liver,tissue,polyA plus RNA-seq,
94,ENCFF604FAD,,,ENCFF604FAD,file,UBERON:0002101,limb,tissue,polyA plus RNA-seq,
95,ENCFF501MKJ,,,ENCFF501MKJ,file,NTR:0000646,left cerebral cortex,tissue,total RNA-seq,
96,ENCFF505YKR,,,ENCFF505YKR,file,CL:0000037,hematopoietic stem cell,primary cell,total RNA-seq,
97,ENCFF603KFA,,,ENCFF603KFA,file,UBERON:0001388,gastrocnemius,tissue,total RNA-seq,
98,ENCFF620TBP,,,ENCFF620TBP,file,CL:0000765,erythroblast,primary cell,total RNA-seq,
99,ENCFF202MZQ,,,ENCFF202MZQ,file,NTR:0000646,left cerebral cortex,tissue,total RNA-seq,
100,ENCFF398QVK,,,ENCFF398QVK,file,UBERON:0001891,midbrain,tissue,total RNA-seq,
101,ENCFF077YNA,,,ENCFF077YNA,file,UBERON:0000473,testis,tissue,polyA plus RNA-seq,
102,ENCFF605HBO,,,ENCFF605HBO,file,UBERON:0002369,adrenal gland,tissue,total RNA-seq,
103,ENCFF500LGH,,,ENCFF500LGH,file,CL:0000557,granulocyte monocyte progenitor cell,primary cell,total RNA-seq,
104,ENCFF822CVI,,,ENCFF822CVI,file,UBERON:0002305,layer of hippocampus,tissue,total RNA-seq,
105,ENCFF764VNF,,,ENCFF764VNF,file,UBERON:0002107,liver,tissue,polyA plus RNA-seq,
106,ENCFF280GYQ,,,ENCFF280GYQ,file,UBERON:0000948,heart,tissue,polyA plus RNA-seq,
107,ENCFF108KAM,,,ENCFF108KAM,file,UBERON:0002028,hindbrain,tissue,polyA plus RNA-seq,
108,ENCFF394XTN,,,ENCFF394XTN,file,UBERON:0002369,adrenal gland,tissue,total RNA-seq,
109,ENCFF146UAB,,,ENCFF146UAB,file,UBERON:0001013,adipose tissue,tissue,polyA plus RNA-seq,
110,ENCFF928ZEZ,,,ENCFF928ZEZ,file,UBERON:0000945,stomach,tissue,polyA plus RNA-seq,
111,ENCFF016QYQ,,,ENCFF016QYQ,file,UBERON:0002305,layer of hippocampus,tissue,total RNA-seq,
112,ENCFF137FUZ,,,ENCFF137FUZ,file,NTR:0000646,left cerebral cortex,tissue,total RNA-seq,
113,ENCFF843DCX,,,ENCFF843DCX,file,UBERON:0002369,adrenal gland,tissue,total RNA-seq,
114,ENCFF036WYD,,,ENCFF036WYD,file,UBERON:0002369,adrenal gland,tissue,total RNA-seq,
115,ENCFF733BKS,,,ENCFF733BKS,file,UBERON:0001890,forebrain,tissue,polyA plus RNA-seq,
116,ENCFF168IHR,,,ENCFF168IHR,file,UBERON:0001891,midbrain,tissue,polyA plus RNA-seq,
117,ENCFF035HTU,,,ENCFF035HTU,file,NTR:0000646,left cerebral cortex,tissue,total RNA-seq,
118,ENCFF813YZW,,,ENCFF813YZW,file,UBERON:0002305,layer of hippocampus,tissue,total RNA-seq,
119,ENCFF844OSS,,,ENCFF844OSS,file,UBERON:0000160,intestine,tissue,polyA plus RNA-seq,
120,ENCFF043CYS,,,ENCFF043CYS,file,UBERON:0001049,neural tube,tissue,polyA plus RNA-seq,
121,ENCFF612WTX,,,ENCFF612WTX,file,UBERON:0002305,layer of hippocampus,tissue,total RNA-seq,
122,ENCFF269IKY,,,ENCFF269IKY,file,UBERON:0001891,midbrain,tissue,polyA plus RNA-seq,
123,ENCFF781QXU,,,ENCFF781QXU,file,UBERON:0002101,limb,tissue,polyA plus RNA-seq,
124,ENCFF030KGD,,,ENCFF030KGD,file,UBERON:0001890,forebrain,tissue,polyA plus RNA-seq,
125,ENCFF528PTS,,,ENCFF528PTS,file,UBERON:0000948,heart,tissue,total RNA-seq,
126,ENCFF311DDU,,,ENCFF311DDU,file,UBERON:0001388,gastrocnemius,tissue,total RNA-seq,
127,ENCFF086TGR,,,ENCFF086TGR,file,UBERON:0001891,midbrain,tissue,polyA plus RNA-seq,
128,ENCFF878QRN,,,ENCFF878QRN,file,UBERON:0000160,intestine,tissue,polyA plus RNA-seq,
129,ENCFF932HKK,,,ENCFF932HKK,file,UBERON:0002305,layer of hippocampus,tissue,total RNA-seq,
130,ENCFF334PFP,,,ENCFF334PFP,file,UBERON:0002113,kidney,tissue,polyA plus RNA-seq,
131,ENCFF154XHV,,,ENCFF154XHV,file,UBERON:0002028,hindbrain,tissue,polyA plus RNA-seq,
132,ENCFF694VTC,,,ENCFF694VTC,file,UBERON:0002369,adrenal gland,tissue,total RNA-seq,
133,ENCFF912YVY,,,ENCFF912YVY,file,UBERON:0002028,hindbrain,tissue,polyA plus RNA-seq,
134,ENCFF750EZH,,,ENCFF750EZH,file,UBERON:0002305,layer of hippocampus,tissue,total RNA-seq,
135,ENCFF966OLS,,,ENCFF966OLS,file,UBERON:0001388,gastrocnemius,tissue,total RNA-seq,
136,ENCFF390QLK,,,ENCFF390QLK,file,UBERON:0002370,thymus,tissue,polyA plus RNA-seq,
137,ENCFF753LQL,,,ENCFF753LQL,file,UBERON:0002369,adrenal gland,tissue,total RNA-seq,
138,ENCFF803RQK,,,ENCFF803RQK,file,UBERON:0002107,liver,tissue,polyA plus RNA-seq,
139,ENCFF653RJL,,,ENCFF653RJL,file,UBERON:0002048,lung,tissue,polyA plus RNA-seq,
140,ENCFF871DXO,,,ENCFF871DXO,file,UBERON:0000948,heart,tissue,total RNA-seq,
141,ENCFF805NXA,,,ENCFF805NXA,file,UBERON:0000945,stomach,tissue,polyA plus RNA-seq,
142,ENCFF939MTI,,,ENCFF939MTI,file,EFO:0002034,G1E,cell line,total RNA-seq,
143,ENCFF681EGX,,,ENCFF681EGX,file,UBERON:0000948,heart,tissue,total RNA-seq,
144,ENCFF869ZPV,,,ENCFF869ZPV,file,UBERON:0001388,gastrocnemius,tissue,total RNA-seq,
145,ENCFF724PBG,,,ENCFF724PBG,file,UBERON:0002369,adrenal gland,tissue,total RNA-seq,
146,ENCFF329YRR,,,ENCFF329YRR,file,UBERON:0000948,heart,tissue,total RNA-seq,
147,ENCFF918LVU,,,ENCFF918LVU,file,NTR:0000646,left cerebral cortex,tissue,total RNA-seq,
148,ENCFF410PYN,,,ENCFF410PYN,file,UBERON:0001388,gastrocnemius,tissue,total RNA-seq,
149,ENCFF895NAR,,,ENCFF895NAR,file,UBERON:0002113,kidney,tissue,polyA plus RNA-seq,
150,ENCFF629YWF,,,ENCFF629YWF,file,UBERON:0001049,neural tube,tissue,polyA plus RNA-seq,
151,ENCFF697FVP,,,ENCFF697FVP,file,UBERON:0001388,gastrocnemius,tissue,total RNA-seq,
152,ENCFF456HBG,,,ENCFF456HBG,file,UBERON:0002369,adrenal gland,tissue,total RNA-seq,
153,ENCFF276ZLR,,,ENCFF276ZLR,file,NTR:0000646,left cerebral cortex,tissue,total RNA-seq,
154,ENCFF105IYD,,,ENCFF105IYD,file,UBERON:0000992,ovary,tissue,polyA plus RNA-seq,
155,ENCFF604PRU,,,ENCFF604PRU,file,UBERON:0000948,heart,tissue,polyA plus RNA-seq,
156,ENCFF009KUL,,,ENCFF009KUL,file,UBERON:0002113,kidney,tissue,polyA plus RNA-seq,
157,ENCFF185CVF,,,ENCFF185CVF,file,EFO:0002055,G1E-ER4,cell line,total RNA-seq,
158,ENCFF777TMP,,,ENCFF777TMP,file,UBERON:0012314,embryonic facial prominence,tissue,polyA plus RNA-seq,
159,ENCFF459OJB,,,ENCFF459OJB,file,UBERON:0002101,limb,tissue,polyA plus RNA-seq,
160,ENCFF713VQZ,,,ENCFF713VQZ,file,UBERON:0002305,layer of hippocampus,tissue,total RNA-seq,
161,ENCFF387PCB,,,ENCFF387PCB,file,UBERON:0002305,layer of hippocampus,tissue,total RNA-seq,
162,ENCFF632TZR,,,ENCFF632TZR,file,CL:0000050,megakaryocyte-erythroid progenitor cell,primary cell,total RNA-seq,
163,ENCFF275BPC,,,ENCFF275BPC,file,UBERON:0000955,brain,tissue,polyA plus RNA-seq,
164,ENCFF654PLC,,,ENCFF654PLC,file,UBERON:0001891,midbrain,tissue,polyA plus RNA-seq,
165,ENCFF837JTB,,,ENCFF837JTB,file,UBERON:0002028,hindbrain,tissue,polyA plus RNA-seq,
166,ENCFF293NAT,,,ENCFF293NAT,file,UBERON:0002369,adrenal gland,tissue,total RNA-seq,
167,ENCFF712IHA,,,ENCFF712IHA,file,UBERON:0000948,heart,tissue,total RNA-seq,
168,ENCFF918JDF,,,ENCFF918JDF,file,UBERON:0002305,layer of hippocampus,tissue,total RNA-seq,
169,ENCFF966PFP,,,ENCFF966PFP,file,UBERON:0002106,spleen,tissue,polyA plus RNA-seq,
170,ENCFF441NLP,,,ENCFF441NLP,file,UBERON:0000948,heart,tissue,total RNA-seq,
171,ENCFF928ETD,,,ENCFF928ETD,file,UBERON:0000948,heart,tissue,polyA plus RNA-seq,
172,ENCFF627HVE,,,ENCFF627HVE,file,UBERON:0001388,gastrocnemius,tissue,total RNA-seq,
173,ENCFF485XIX,,,ENCFF485XIX,file,UBERON:0002107,liver,tissue,polyA plus RNA-seq,
174,ENCFF265DFI,,,ENCFF265DFI,file,UBERON:0000948,heart,tissue,total RNA-seq,
175,ENCFF130UDT,,,ENCFF130UDT,file,UBERON:0012314,embryonic facial prominence,tissue,polyA plus RNA-seq,
176,ENCFF019GOC,,,ENCFF019GOC,file,UBERON:0001388,gastrocnemius,tissue,total RNA-seq,
177,ENCFF752EBM,,,ENCFF752EBM,file,UBERON:0001890,forebrain,tissue,polyA plus RNA-seq,
178,ENCFF133CSN,,,ENCFF133CSN,file,UBERON:0002107,liver,tissue,polyA plus RNA-seq,
179,ENCFF624XXP,,,ENCFF624XXP,file,UBERON:0002369,adrenal gland,tissue,total RNA-seq,
180,ENCFF544EQE,,,ENCFF544EQE,file,UBERON:0001049,neural tube,tissue,polyA plus RNA-seq,
181,ENCFF077ZPD,,,ENCFF077ZPD,file,UBERON:0000948,heart,tissue,polyA plus RNA-seq,
182,ENCFF299MCL,,,ENCFF299MCL,file,NTR:0000646,left cerebral cortex,tissue,total RNA-seq,
183,ENCFF991WFR,,,ENCFF991WFR,file,NTR:0000646,left cerebral cortex,tissue,total RNA-seq,
184,ENCFF443FFT,,,ENCFF443FFT,file,UBERON:0002369,adrenal gland,tissue,polyA plus RNA-seq,
185,ENCFF873ZQW,,,ENCFF873ZQW,file,UBERON:0001891,midbrain,tissue,polyA plus RNA-seq,
186,ENCFF760YQJ,,,ENCFF760YQJ,file,UBERON:0001890,forebrain,tissue,total RNA-seq,
187,ENCFF053CZM,,,ENCFF053CZM,file,NTR:0000646,left cerebral cortex,tissue,total RNA-seq,
188,ENCFF062YMQ,,,ENCFF062YMQ,file,UBERON:0000948,heart,tissue,polyA plus RNA-seq,
189,ENCFF399BIJ,,,ENCFF399BIJ,file,UBERON:0002369,adrenal gland,tissue,polyA plus RNA-seq,
190,ENCFF135EIP,,,ENCFF135EIP,file,UBERON:0002369,adrenal gland,tissue,total RNA-seq,
191,ENCFF983VMB,,,ENCFF983VMB,file,UBERON:0002028,hindbrain,tissue,total RNA-seq,
192,ENCFF769IIX,,,ENCFF769IIX,file,UBERON:0002101,limb,tissue,polyA plus RNA-seq,
193,ENCFF757OFF,,,ENCFF757OFF,file,UBERON:0001890,forebrain,tissue,polyA plus RNA-seq,
194,ENCFF750MYZ,,,ENCFF750MYZ,file,NTR:0000646,left cerebral cortex,tissue,total RNA-seq,
195,ENCFF053MDK,,,ENCFF053MDK,file,UBERON:0002028,hindbrain,tissue,polyA plus RNA-seq,
196,ENCFF417DBE,,,ENCFF417DBE,file,NTR:0000646,left cerebral cortex,tissue,total RNA-seq,
197,ENCFF507HXX,,,ENCFF507HXX,file,UBERON:0001891,midbrain,tissue,polyA plus RNA-seq,
198,ENCFF213YQE,,,ENCFF213YQE,file,UBERON:0000948,heart,tissue,total RNA-seq,
199,ENCFF762ZUL,,,ENCFF762ZUL,file,CL:0000049,common myeloid progenitor,primary cell,total RNA-seq,
200,ENCFF924JLI,,,ENCFF924JLI,file,UBERON:0001255,urinary bladder,tissue,polyA plus RNA-seq,
201,ENCFF199BPA,,,ENCFF199BPA,file,NTR:0000646,left cerebral cortex,tissue,total RNA-seq,
202,ENCFF446JRM,,,ENCFF446JRM,file,UBERON:0000948,heart,tissue,total RNA-seq,
203,ENCFF582BEW,,,ENCFF582BEW,file,UBERON:0001388,gastrocnemius,tissue,total RNA-seq,
204,ENCFF616GSP,,,ENCFF616GSP,file,UBERON:0001891,midbrain,tissue,polyA plus RNA-seq,
205,ENCFF996FYH,,,ENCFF996FYH,file,UBERON:0000948,heart,tissue,total RNA-seq,
206,ENCFF058OVM,,,ENCFF058OVM,file,UBERON:0001388,gastrocnemius,tissue,total RNA-seq,
207,ENCFF758PZK,,,ENCFF758PZK,file,UBERON:0012314,embryonic facial prominence,tissue,polyA plus RNA-seq,
208,ENCFF598WYM,,,ENCFF598WYM,file,UBERON:0012314,embryonic facial prominence,tissue,polyA plus RNA-seq,
209,ENCFF589KZQ,,,ENCFF589KZQ,file,UBERON:0002107,liver,tissue,polyA plus RNA-seq,
210,ENCFF122LNJ,,,ENCFF122LNJ,file,EFO:0002034,G1E,cell line,total RNA-seq,
211,ENCFF198MOG,,,ENCFF198MOG,file,UBERON:0002101,limb,tissue,polyA plus RNA-seq,
212,ENCFF684UPU,,,ENCFF684UPU,file,CL:0000557,granulocyte monocyte progenitor cell,primary cell,total RNA-seq,
213,ENCFF927HGO,,,ENCFF927HGO,file,UBERON:0000948,heart,tissue,total RNA-seq,
214,ENCFF701BYJ,,,ENCFF701BYJ,file,NTR:0000646,left cerebral cortex,tissue,total RNA-seq,
215,ENCFF994JUZ,,,ENCFF994JUZ,file,CL:0000038,erythroid progenitor cell,primary cell,total RNA-seq,
216,ENCFF343CIJ,,,ENCFF343CIJ,file,UBERON:0000160,intestine,tissue,polyA plus RNA-seq,
217,ENCFF683BNI,,,ENCFF683BNI,file,UBERON:0012314,embryonic facial prominence,tissue,polyA plus RNA-seq,
218,ENCFF397BRZ,,,ENCFF397BRZ,file,UBERON:0012314,embryonic facial prominence,tissue,polyA plus RNA-seq,
219,ENCFF296ORN,,,ENCFF296ORN,file,NTR:0000646,left cerebral cortex,tissue,total RNA-seq,
220,ENCFF580MOK,,,ENCFF580MOK,file,UBERON:0002107,liver,tissue,polyA plus RNA-seq,
221,ENCFF151XGX,,,ENCFF151XGX,file,UBERON:0002048,lung,tissue,polyA plus RNA-seq,
222,ENCFF914GKM,,,ENCFF914GKM,file,UBERON:0001388,gastrocnemius,tissue,total RNA-seq,
223,ENCFF182XXS,,,ENCFF182XXS,file,UBERON:0002305,layer of hippocampus,tissue,total RNA-seq,
224,ENCFF279AJU,,,ENCFF279AJU,file,UBERON:0002305,layer of hippocampus,tissue,total RNA-seq,
225,ENCFF290AKR,,,ENCFF290AKR,file,UBERON:0002305,layer of hippocampus,tissue,polyA plus RNA-seq,
226,ENCFF489JNP,,,ENCFF489JNP,file,UBERON:0000945,stomach,tissue,polyA plus RNA-seq,
227,ENCFF962WGQ,,,ENCFF962WGQ,file,UBERON:0001891,midbrain,tissue,polyA plus RNA-seq,
228,ENCFF005TUM,,,ENCFF005TUM,file,UBERON:0002305,layer of hippocampus,tissue,total RNA-seq,
229,ENCFF580ZUW,,,ENCFF580ZUW,file,UBERON:0002369,adrenal gland,tissue,total RNA-seq,
230,ENCFF788PBH,,,ENCFF788PBH,file,UBERON:0002028,hindbrain,tissue,polyA plus RNA-seq,
231,ENCFF979LAQ,,,ENCFF979LAQ,file,UBERON:0001049,neural tube,tissue,polyA plus RNA-seq,
232,ENCFF671ZUE,,,ENCFF671ZUE,file,UBERON:0000160,intestine,tissue,polyA plus RNA-seq,
233,ENCFF400ONZ,,,ENCFF400ONZ,file,UBERON:0002028,hindbrain,tissue,polyA plus RNA-seq,
234,ENCFF146UOV,,,ENCFF146UOV,file,NTR:0000646,left cerebral cortex,tissue,total RNA-seq,
235,ENCFF343WAE,,,ENCFF343WAE,file,UBERON:0002106,spleen,tissue,polyA plus RNA-seq,
236,ENCFF616BJV,,,ENCFF616BJV,file,UBERON:0000948,heart,tissue,total RNA-seq,
237,ENCFF080WUQ,,,ENCFF080WUQ,file,UBERON:0002101,limb,tissue,polyA plus RNA-seq,
238,ENCFF264AYX,,,ENCFF264AYX,file,UBERON:0001890,forebrain,tissue,polyA plus RNA-seq,
239,ENCFF165PCY,,,ENCFF165PCY,file,UBERON:0002305,layer of hippocampus,tissue,total RNA-seq,
240,ENCFF630KND,,,ENCFF630KND,file,UBERON:0002048,lung,tissue,polyA plus RNA-seq,
241,ENCFF028BFD,,,ENCFF028BFD,file,UBERON:0000948,heart,tissue,total RNA-seq,
242,ENCFF608JDQ,,,ENCFF608JDQ,file,UBERON:0002048,lung,tissue,polyA plus RNA-seq,
243,ENCFF705DKZ,,,ENCFF705DKZ,file,NTR:0000646,left cerebral cortex,tissue,total RNA-seq,
