identifier,identifier_base,track_strand,id,original_id,clip,clip_soft,scale,sum_stat,description
ENCFF130ROA,ENCFF130ROA,common,ENCFF649QID,ENCFF130ROA,768,384,0.3,sum_sqrt,RNA:C3H10T1/2
ENCFF641HYO,ENCFF641HYO,common,ENCFF333OSU,ENCFF641HYO,768,384,0.3,sum_sqrt,RNA:C2C12
ENCFF018XGZ,ENCFF018XGZ,common,ENCFF248HSB,ENCFF018XGZ,768,384,0.3,sum_sqrt,RNA:C3H10T1/2
ENCFF777WNL,ENCFF777WNL,common,ENCFF208FJA,ENCFF777WNL,768,384,0.3,sum_sqrt,RNA:myocyte originated from C2C12
ENCFF419YHB+,ENCFF419YHB,+,ENCFF465NLB,ENCFF419YHB,768,384,0.3,sum_sqrt,RNA:B10.H-2aH-4bp/Wts CH12.LX
ENCFF419YHB-,ENCFF419YHB,-,ENCFF465NLB,ENCFF419YHB,768,384,0.3,sum_sqrt,RNA:B10.H-2aH-4bp/Wts CH12.LX
ENCFF558JWN+,ENCFF558JWN,+,ENCFF398DLX,ENCFF558JWN,768,384,0.3,sum_sqrt,RNA:C57BL/6J heart tissue adult (8 weeks)
ENCFF558JWN-,ENCFF558JWN,-,ENCFF398DLX,ENCFF558JWN,768,384,0.3,sum_sqrt,RNA:C57BL/6J heart tissue adult (8 weeks)
ENCFF995EIJ+,ENCFF995EIJ,+,ENCFF813BEO,ENCFF995EIJ,768,384,0.3,sum_sqrt,RNA:C57BL/6J liver tissue adult (8 weeks)
ENCFF995EIJ-,ENCFF995EIJ,-,ENCFF813BEO,ENCFF995EIJ,768,384,0.3,sum_sqrt,RNA:C57BL/6J liver tissue adult (8 weeks)
ENCFF070OKD+,ENCFF070OKD,+,ENCFF011XNK,ENCFF070OKD,768,384,0.3,sum_sqrt,RNA:C57BL/6J lung tissue adult (8 weeks)
ENCFF070OKD-,ENCFF070OKD,-,ENCFF011XNK,ENCFF070OKD,768,384,0.3,sum_sqrt,RNA:C57BL/6J lung tissue adult (8 weeks)
ENCFF828PDL+,ENCFF828PDL,+,ENCFF226UNW,ENCFF828PDL,768,384,0.3,sum_sqrt,RNA:C57BL/6J spleen tissue adult (8 weeks)
ENCFF828PDL-,ENCFF828PDL,-,ENCFF226UNW,ENCFF828PDL,768,384,0.3,sum_sqrt,RNA:C57BL/6J spleen tissue adult (8 weeks)
ENCFF978UIY+,ENCFF978UIY,+,ENCFF160YFD,ENCFF978UIY,768,384,0.3,sum_sqrt,RNA:C57BL/6J thymus tissue adult (8 weeks)
ENCFF978UIY-,ENCFF978UIY,-,ENCFF160YFD,ENCFF978UIY,768,384,0.3,sum_sqrt,RNA:C57BL/6J thymus tissue adult (8 weeks)
ENCFF216HBX+,ENCFF216HBX,+,ENCFF737EKM,ENCFF216HBX,768,384,0.3,sum_sqrt,RNA:C57BL/6J testis tissue male adult (8 weeks)
ENCFF216HBX-,ENCFF216HBX,-,ENCFF737EKM,ENCFF216HBX,768,384,0.3,sum_sqrt,RNA:C57BL/6J testis tissue male adult (8 weeks)
ENCFF341NKU+,ENCFF341NKU,+,ENCFF148NWW,ENCFF341NKU,768,384,0.3,sum_sqrt,RNA:C57BL/6J adrenal gland tissue adult (8 weeks)
ENCFF341NKU-,ENCFF341NKU,-,ENCFF148NWW,ENCFF341NKU,768,384,0.3,sum_sqrt,RNA:C57BL/6J adrenal gland tissue adult (8 weeks)
ENCFF721GSY+,ENCFF721GSY,+,ENCFF070EOB,ENCFF721GSY,768,384,0.3,sum_sqrt,RNA:C57BL/6J duodenum tissue adult (8 weeks)
ENCFF721GSY-,ENCFF721GSY,-,ENCFF070EOB,ENCFF721GSY,768,384,0.3,sum_sqrt,RNA:C57BL/6J duodenum tissue adult (8 weeks)
ENCFF871LPW+,ENCFF871LPW,+,ENCFF536TZT,ENCFF871LPW,768,384,0.3,sum_sqrt,RNA:C57BL/6J gonadal fat pad tissue adult (8 weeks)
ENCFF871LPW-,ENCFF871LPW,-,ENCFF536TZT,ENCFF871LPW,768,384,0.3,sum_sqrt,RNA:C57BL/6J gonadal fat pad tissue adult (8 weeks)
ENCFF708IGB+,ENCFF708IGB,+,ENCFF374JUW,ENCFF708IGB,768,384,0.3,sum_sqrt,RNA:C57BL/6J large intestine tissue adult (8 weeks)
ENCFF708IGB-,ENCFF708IGB,-,ENCFF374JUW,ENCFF708IGB,768,384,0.3,sum_sqrt,RNA:C57BL/6J large intestine tissue adult (8 weeks)
ENCFF791XDM+,ENCFF791XDM,+,ENCFF102NZC,ENCFF791XDM,768,384,0.3,sum_sqrt,RNA:C57BL/6J mammary gland tissue adult (8 weeks)
ENCFF791XDM-,ENCFF791XDM,-,ENCFF102NZC,ENCFF791XDM,768,384,0.3,sum_sqrt,RNA:C57BL/6J mammary gland tissue adult (8 weeks)
ENCFF946YVP+,ENCFF946YVP,+,ENCFF499EED,ENCFF946YVP,768,384,0.3,sum_sqrt,RNA:C57BL/6J ovary tissue female adult (8 weeks)
ENCFF946YVP-,ENCFF946YVP,-,ENCFF499EED,ENCFF946YVP,768,384,0.3,sum_sqrt,RNA:C57BL/6J ovary tissue female adult (8 weeks)
ENCFF119WXY+,ENCFF119WXY,+,ENCFF458UBO,ENCFF119WXY,768,384,0.3,sum_sqrt,RNA:C57BL/6J small intestine tissue adult (8 weeks)
ENCFF119WXY-,ENCFF119WXY,-,ENCFF458UBO,ENCFF119WXY,768,384,0.3,sum_sqrt,RNA:C57BL/6J small intestine tissue adult (8 weeks)
ENCFF811XDE+,ENCFF811XDE,+,ENCFF157LZL,ENCFF811XDE,768,384,0.3,sum_sqrt,RNA:C57BL/6J subcutaneous adipose tissue tissue adult (8 weeks)
ENCFF811XDE-,ENCFF811XDE,-,ENCFF157LZL,ENCFF811XDE,768,384,0.3,sum_sqrt,RNA:C57BL/6J subcutaneous adipose tissue tissue adult (8 weeks)
ENCFF538MHW+,ENCFF538MHW,+,ENCFF200UVS,ENCFF538MHW,768,384,0.3,sum_sqrt,RNA:C57BL/6J central nervous system tissue embryo (11.5 days)
ENCFF538MHW-,ENCFF538MHW,-,ENCFF200UVS,ENCFF538MHW,768,384,0.3,sum_sqrt,RNA:C57BL/6J central nervous system tissue embryo (11.5 days)
ENCFF789TGW+,ENCFF789TGW,+,ENCFF819GNG,ENCFF789TGW,768,384,0.3,sum_sqrt,RNA:C57BL/6J liver tissue embryo (14 days)
ENCFF789TGW-,ENCFF789TGW,-,ENCFF819GNG,ENCFF789TGW,768,384,0.3,sum_sqrt,RNA:C57BL/6J liver tissue embryo (14 days)
ENCFF050YCX+,ENCFF050YCX,+,ENCFF657JSS,ENCFF050YCX,768,384,0.3,sum_sqrt,RNA:C57BL/6J liver tissue embryo (14.5 days)
ENCFF050YCX-,ENCFF050YCX,-,ENCFF657JSS,ENCFF050YCX,768,384,0.3,sum_sqrt,RNA:C57BL/6J liver tissue embryo (14.5 days)
ENCFF418HXP+,ENCFF418HXP,+,ENCFF562NCC,ENCFF418HXP,768,384,0.3,sum_sqrt,RNA:C57BL/6J brain tissue embryo (14.5 days)
ENCFF418HXP-,ENCFF418HXP,-,ENCFF562NCC,ENCFF418HXP,768,384,0.3,sum_sqrt,RNA:C57BL/6J brain tissue embryo (14.5 days)
ENCFF030OOM+,ENCFF030OOM,+,ENCFF147QET,ENCFF030OOM,768,384,0.3,sum_sqrt,RNA:C57BL/6J central nervous system tissue embryo (14 days)
ENCFF030OOM-,ENCFF030OOM,-,ENCFF147QET,ENCFF030OOM,768,384,0.3,sum_sqrt,RNA:C57BL/6J central nervous system tissue embryo (14 days)
ENCFF731HCO+,ENCFF731HCO,+,ENCFF128EIE,ENCFF731HCO,768,384,0.3,sum_sqrt,RNA:C57BL/6J central nervous system tissue embryo (18 days)
ENCFF731HCO-,ENCFF731HCO,-,ENCFF128EIE,ENCFF731HCO,768,384,0.3,sum_sqrt,RNA:C57BL/6J central nervous system tissue embryo (18 days)
ENCFF657TAP+,ENCFF657TAP,+,ENCFF413PHM,ENCFF657TAP,768,384,0.3,sum_sqrt,RNA:C57BL/6J cerebellum tissue adult (8 weeks)
ENCFF657TAP-,ENCFF657TAP,-,ENCFF413PHM,ENCFF657TAP,768,384,0.3,sum_sqrt,RNA:C57BL/6J cerebellum tissue adult (8 weeks)
ENCFF578CGA+,ENCFF578CGA,+,ENCFF653RIM,ENCFF578CGA,768,384,0.3,sum_sqrt,RNA:C57BL/6J limb tissue embryo (14.5 days)
ENCFF578CGA-,ENCFF578CGA,-,ENCFF653RIM,ENCFF578CGA,768,384,0.3,sum_sqrt,RNA:C57BL/6J limb tissue embryo (14.5 days)
ENCFF087VWF+,ENCFF087VWF,+,ENCFF975MMK,ENCFF087VWF,768,384,0.3,sum_sqrt,RNA:C57BL/6J liver tissue embryo (18 days)
ENCFF087VWF-,ENCFF087VWF,-,ENCFF975MMK,ENCFF087VWF,768,384,0.3,sum_sqrt,RNA:C57BL/6J liver tissue embryo (18 days)
ENCFF014SEQ+,ENCFF014SEQ,+,ENCFF374ZNE,ENCFF014SEQ,768,384,0.3,sum_sqrt,RNA:C57BL/6J placenta tissue adult (8 weeks)
ENCFF014SEQ-,ENCFF014SEQ,-,ENCFF374ZNE,ENCFF014SEQ,768,384,0.3,sum_sqrt,RNA:C57BL/6J placenta tissue adult (8 weeks)
ENCFF436AYK+,ENCFF436AYK,+,ENCFF318LQN,ENCFF436AYK,768,384,0.3,sum_sqrt,RNA:C57BL/6J cortical plate tissue adult (8 weeks)
ENCFF436AYK-,ENCFF436AYK,-,ENCFF318LQN,ENCFF436AYK,768,384,0.3,sum_sqrt,RNA:C57BL/6J cortical plate tissue adult (8 weeks)
ENCFF297ZOV+,ENCFF297ZOV,+,ENCFF072FBP,ENCFF297ZOV,768,384,0.3,sum_sqrt,RNA:C57BL/6J frontal cortex tissue adult (8 weeks)
ENCFF297ZOV-,ENCFF297ZOV,-,ENCFF072FBP,ENCFF297ZOV,768,384,0.3,sum_sqrt,RNA:C57BL/6J frontal cortex tissue adult (8 weeks)
ENCFF135YCH,ENCFF135YCH,common,ENCFF343FPR,ENCFF135YCH,768,384,0.3,sum_sqrt,RNA:B10.H-2aH-4bp/Wts CH12.LX
ENCFF991WZB+,ENCFF991WZB,+,ENCFF341YQI,ENCFF991WZB,768,384,0.3,sum_sqrt,RNA:erythroblast embryo (14.5 days)
ENCFF991WZB-,ENCFF991WZB,-,ENCFF341YQI,ENCFF991WZB,768,384,0.3,sum_sqrt,RNA:erythroblast embryo (14.5 days)
ENCFF527GLP+,ENCFF527GLP,+,ENCFF981RRV,ENCFF527GLP,768,384,0.3,sum_sqrt,RNA:BALB/cJ leukemia stem cell adult (10-12 weeks)
ENCFF527GLP-,ENCFF527GLP,-,ENCFF981RRV,ENCFF527GLP,768,384,0.3,sum_sqrt,RNA:BALB/cJ leukemia stem cell adult (10-12 weeks)
ENCFF775WTP+,ENCFF775WTP,+,ENCFF804IHU,ENCFF775WTP,768,384,0.3,sum_sqrt,RNA:BALB/cJ hematopoietic multipotent progenitor cell
ENCFF775WTP-,ENCFF775WTP,-,ENCFF804IHU,ENCFF775WTP,768,384,0.3,sum_sqrt,RNA:BALB/cJ hematopoietic multipotent progenitor cell
ENCFF060OVZ+,ENCFF060OVZ,+,ENCFF088ENG,ENCFF060OVZ,768,384,0.3,sum_sqrt,RNA:G1E
ENCFF060OVZ-,ENCFF060OVZ,-,ENCFF088ENG,ENCFF060OVZ,768,384,0.3,sum_sqrt,RNA:G1E
ENCFF033AFD+,ENCFF033AFD,+,ENCFF449UIB,ENCFF033AFD,768,384,0.3,sum_sqrt,RNA:G1E-ER4 treated with 10 nM 17B-estradiol for 14 hours
ENCFF033AFD-,ENCFF033AFD,-,ENCFF449UIB,ENCFF033AFD,768,384,0.3,sum_sqrt,RNA:G1E-ER4 treated with 10 nM 17B-estradiol for 14 hours
ENCFF166GVX+,ENCFF166GVX,+,ENCFF610IML,ENCFF166GVX,768,384,0.3,sum_sqrt,RNA:G1E-ER4 treated with 10 nM 17B-estradiol for 7 hours
ENCFF166GVX-,ENCFF166GVX,-,ENCFF610IML,ENCFF166GVX,768,384,0.3,sum_sqrt,RNA:G1E-ER4 treated with 10 nM 17B-estradiol for 7 hours
ENCFF104EKC+,ENCFF104EKC,+,ENCFF277LVK,ENCFF104EKC,768,384,0.3,sum_sqrt,RNA:G1E-ER4
ENCFF104EKC-,ENCFF104EKC,-,ENCFF277LVK,ENCFF104EKC,768,384,0.3,sum_sqrt,RNA:G1E-ER4
ENCFF821EFN+,ENCFF821EFN,+,ENCFF566QKL,ENCFF821EFN,768,384,0.3,sum_sqrt,RNA:G1E-ER4 treated with 10 nM 17B-estradiol for 3 hours
ENCFF821EFN-,ENCFF821EFN,-,ENCFF566QKL,ENCFF821EFN,768,384,0.3,sum_sqrt,RNA:G1E-ER4 treated with 10 nM 17B-estradiol for 3 hours
ENCFF450NDQ+,ENCFF450NDQ,+,ENCFF396MRH,ENCFF450NDQ,768,384,0.3,sum_sqrt,RNA:G1E-ER4 treated with 10 nM 17B-estradiol for 24 hours
ENCFF450NDQ-,ENCFF450NDQ,-,ENCFF396MRH,ENCFF450NDQ,768,384,0.3,sum_sqrt,RNA:G1E-ER4 treated with 10 nM 17B-estradiol for 24 hours
ENCFF323RIK+,ENCFF323RIK,+,ENCFF977JQX,ENCFF323RIK,768,384,0.3,sum_sqrt,RNA:G1E-ER4 treated with 10 nM 17B-estradiol for 30 hours
ENCFF323RIK-,ENCFF323RIK,-,ENCFF977JQX,ENCFF323RIK,768,384,0.3,sum_sqrt,RNA:G1E-ER4 treated with 10 nM 17B-estradiol for 30 hours
ENCFF583SXP+,ENCFF583SXP,+,ENCFF393MOV,ENCFF583SXP,768,384,0.3,sum_sqrt,RNA:megakaryocyte embryo (14.5 days)
ENCFF583SXP-,ENCFF583SXP,-,ENCFF393MOV,ENCFF583SXP,768,384,0.3,sum_sqrt,RNA:megakaryocyte embryo (14.5 days)
ENCFF679WOA,ENCFF679WOA,common,ENCFF446VXU,ENCFF679WOA,768,384,0.3,sum_sqrt,RNA:MEL MEL
ENCFF205YLQ,ENCFF205YLQ,common,ENCFF018JOM,ENCFF205YLQ,768,384,0.3,sum_sqrt,RNA:MEL MEL treated with 2% dimethyl sulfoxide for 5 days
ENCFF315IFZ+,ENCFF315IFZ,+,ENCFF452SKY,ENCFF315IFZ,768,384,0.3,sum_sqrt,RNA:C57BL/6J megakaryocyte-erythroid progenitor cell female adult (5 weeks)
ENCFF315IFZ-,ENCFF315IFZ,-,ENCFF452SKY,ENCFF315IFZ,768,384,0.3,sum_sqrt,RNA:C57BL/6J megakaryocyte-erythroid progenitor cell female adult (5 weeks)
ENCFF064XQN,ENCFF064XQN,common,ENCFF465SZB,ENCFF064XQN,768,384,0.3,sum_sqrt,RNA:G1E
ENCFF326KZM,ENCFF326KZM,common,ENCFF951KYQ,ENCFF326KZM,768,384,0.3,sum_sqrt,RNA:G1E-ER4 treated with 10 nM 17B-estradiol for 24 hours
ENCFF968GGL+,ENCFF968GGL,+,ENCFF723BLL,ENCFF968GGL,768,384,0.3,sum_sqrt,RNA:129/Ola ES-E14
ENCFF968GGL-,ENCFF968GGL,-,ENCFF723BLL,ENCFF968GGL,768,384,0.3,sum_sqrt,RNA:129/Ola ES-E14
ENCFF110JSW+,ENCFF110JSW,+,ENCFF203XTH,ENCFF110JSW,768,384,0.3,sum_sqrt,RNA:B10.H-2aH-4bp/Wts CH12.LX
ENCFF110JSW-,ENCFF110JSW,-,ENCFF203XTH,ENCFF110JSW,768,384,0.3,sum_sqrt,RNA:B10.H-2aH-4bp/Wts CH12.LX
ENCFF559VXC+,ENCFF559VXC,+,ENCFF082TDF,ENCFF559VXC,768,384,0.3,sum_sqrt,RNA:MEL MEL
ENCFF559VXC-,ENCFF559VXC,-,ENCFF082TDF,ENCFF559VXC,768,384,0.3,sum_sqrt,RNA:MEL MEL
ENCFF333VTF+,ENCFF333VTF,+,ENCFF481CYN,ENCFF333VTF,768,384,0.3,sum_sqrt,RNA:MEL MEL treated with 2% dimethyl sulfoxide for 5 days
ENCFF333VTF-,ENCFF333VTF,-,ENCFF481CYN,ENCFF333VTF,768,384,0.3,sum_sqrt,RNA:MEL MEL treated with 2% dimethyl sulfoxide for 5 days
ENCFF633YBL,ENCFF633YBL,common,ENCFF621WSA,ENCFF633YBL,768,384,0.3,sum_sqrt,RNA:B6NCrl neural tube tissue embryo (15.5 days)
ENCFF226DFS+,ENCFF226DFS,+,ENCFF941NIM,ENCFF226DFS,768,384,0.3,sum_sqrt,RNA:B6CASTF1/J adrenal gland tissue male (2 months)
ENCFF226DFS-,ENCFF226DFS,-,ENCFF941NIM,ENCFF226DFS,768,384,0.3,sum_sqrt,RNA:B6CASTF1/J adrenal gland tissue male (2 months)
ENCFF706QTS,ENCFF706QTS,common,ENCFF414FET,ENCFF706QTS,768,384,0.3,sum_sqrt,RNA:B6NCrl hindbrain tissue postnatal (0 days)
ENCFF600EOH,ENCFF600EOH,common,ENCFF939SSR,ENCFF600EOH,768,384,0.3,sum_sqrt,RNA:B6NCrl heart tissue embryo (16.5 days)
ENCFF565MXW+,ENCFF565MXW,+,ENCFF175MIE,ENCFF565MXW,768,384,0.3,sum_sqrt,RNA:C57BL/6J megakaryocyte male adult (5-6 weeks)
ENCFF565MXW-,ENCFF565MXW,-,ENCFF175MIE,ENCFF565MXW,768,384,0.3,sum_sqrt,RNA:C57BL/6J megakaryocyte male adult (5-6 weeks)
ENCFF060UIY+,ENCFF060UIY,+,ENCFF158VAH,ENCFF060UIY,768,384,0.3,sum_sqrt,RNA:C57BL/6J megakaryocyte progenitor cell male adult (5-6 weeks)
ENCFF060UIY-,ENCFF060UIY,-,ENCFF158VAH,ENCFF060UIY,768,384,0.3,sum_sqrt,RNA:C57BL/6J megakaryocyte progenitor cell male adult (5-6 weeks)
ENCFF214MXT,ENCFF214MXT,common,ENCFF802XAM,ENCFF214MXT,768,384,0.3,sum_sqrt,RNA:Patski Patski
ENCFF972RDL+,ENCFF972RDL,+,ENCFF433CQU,ENCFF972RDL,768,384,0.3,sum_sqrt,RNA:B6NTac;B6NCrl/Lap heart tissue postnatal (0 days)
ENCFF972RDL-,ENCFF972RDL,-,ENCFF433CQU,ENCFF972RDL,768,384,0.3,sum_sqrt,RNA:B6NTac;B6NCrl/Lap heart tissue postnatal (0 days)
ENCFF370AJT,ENCFF370AJT,common,ENCFF196XDY,ENCFF370AJT,768,384,0.3,sum_sqrt,RNA:B6NCrl lung tissue embryo (14.5 days)
ENCFF715GSS,ENCFF715GSS,common,ENCFF719HZQ,ENCFF715GSS,768,384,0.3,sum_sqrt,RNA:B6NCrl heart tissue embryo (10.5 days)
ENCFF533ZBZ,ENCFF533ZBZ,common,ENCFF501IOH,ENCFF533ZBZ,768,384,0.3,sum_sqrt,RNA:B6NCrl kidney tissue embryo (15.5 days)
ENCFF100JHY+,ENCFF100JHY,+,ENCFF646DKD,ENCFF100JHY,768,384,0.3,sum_sqrt,RNA:C57BL/6J monocyte adult (5-6 weeks)
ENCFF100JHY-,ENCFF100JHY,-,ENCFF646DKD,ENCFF100JHY,768,384,0.3,sum_sqrt,RNA:C57BL/6J monocyte adult (5-6 weeks)
ENCFF611NTZ+,ENCFF611NTZ,+,ENCFF837HZG,ENCFF611NTZ,768,384,0.3,sum_sqrt,RNA:C57BL/6J neutrophil adult (5-6 weeks)
ENCFF611NTZ-,ENCFF611NTZ,-,ENCFF837HZG,ENCFF611NTZ,768,384,0.3,sum_sqrt,RNA:C57BL/6J neutrophil adult (5-6 weeks)
ENCFF084ZJY,ENCFF084ZJY,common,ENCFF982DHB,ENCFF084ZJY,768,384,0.3,sum_sqrt,RNA:B6NCrl forebrain tissue embryo (16.5 days)
ENCFF206RDG+,ENCFF206RDG,+,ENCFF058KQX,ENCFF206RDG,768,384,0.3,sum_sqrt,RNA:B6CASTF1/J heart tissue female (4 days)
ENCFF206RDG-,ENCFF206RDG,-,ENCFF058KQX,ENCFF206RDG,768,384,0.3,sum_sqrt,RNA:B6CASTF1/J heart tissue female (4 days)
ENCFF553RHO+,ENCFF553RHO,+,ENCFF995CGM,ENCFF553RHO,768,384,0.3,sum_sqrt,RNA:C57BL/6J hematopoietic stem cell male adult (5-6 weeks)
ENCFF553RHO-,ENCFF553RHO,-,ENCFF995CGM,ENCFF553RHO,768,384,0.3,sum_sqrt,RNA:C57BL/6J hematopoietic stem cell male adult (5-6 weeks)
ENCFF623LLW+,ENCFF623LLW,+,ENCFF517JON,ENCFF623LLW,768,384,0.3,sum_sqrt,RNA:5xFAD/CAST gastrocnemius tissue male postnatal (8-10 months)
ENCFF623LLW-,ENCFF623LLW,-,ENCFF517JON,ENCFF623LLW,768,384,0.3,sum_sqrt,RNA:5xFAD/CAST gastrocnemius tissue male postnatal (8-10 months)
ENCFF903FAA+,ENCFF903FAA,+,ENCFF556TDA,ENCFF903FAA,768,384,0.3,sum_sqrt,RNA:5xFAD/CAST gastrocnemius tissue female postnatal (8-10 months)
ENCFF903FAA-,ENCFF903FAA,-,ENCFF556TDA,ENCFF903FAA,768,384,0.3,sum_sqrt,RNA:5xFAD/CAST gastrocnemius tissue female postnatal (8-10 months)
ENCFF847QWE+,ENCFF847QWE,+,ENCFF266NLF,ENCFF847QWE,768,384,0.3,sum_sqrt,RNA:B6CASTF1/J heart tissue male (4 days)
ENCFF847QWE-,ENCFF847QWE,-,ENCFF266NLF,ENCFF847QWE,768,384,0.3,sum_sqrt,RNA:B6CASTF1/J heart tissue male (4 days)
ENCFF929ZTM+,ENCFF929ZTM,+,ENCFF252ZGC,ENCFF929ZTM,768,384,0.3,sum_sqrt,RNA:B6CASTF1/J gastrocnemius tissue male (18-20 months)
ENCFF929ZTM-,ENCFF929ZTM,-,ENCFF252ZGC,ENCFF929ZTM,768,384,0.3,sum_sqrt,RNA:B6CASTF1/J gastrocnemius tissue male (18-20 months)
ENCFF019ESS,ENCFF019ESS,common,ENCFF172VMD,ENCFF019ESS,768,384,0.3,sum_sqrt,RNA:B6NCrl liver tissue postnatal (0 days)
ENCFF764QQE+,ENCFF764QQE,+,ENCFF740WZT,ENCFF764QQE,768,384,0.3,sum_sqrt,RNA:B6CASTF1/J gastrocnemius tissue male (4 days)
ENCFF764QQE-,ENCFF764QQE,-,ENCFF740WZT,ENCFF764QQE,768,384,0.3,sum_sqrt,RNA:B6CASTF1/J gastrocnemius tissue male (4 days)
ENCFF825BVO,ENCFF825BVO,common,ENCFF344DUK,ENCFF825BVO,768,384,0.3,sum_sqrt,RNA:B6NCrl neural tube tissue embryo (13.5 days)
ENCFF138AEF+,ENCFF138AEF,+,ENCFF958VDY,ENCFF138AEF,768,384,0.3,sum_sqrt,RNA:C57BL/6J megakaryocyte-erythroid progenitor cell male adult (5-6 weeks)
ENCFF138AEF-,ENCFF138AEF,-,ENCFF958VDY,ENCFF138AEF,768,384,0.3,sum_sqrt,RNA:C57BL/6J megakaryocyte-erythroid progenitor cell male adult (5-6 weeks)
ENCFF052JNL+,ENCFF052JNL,+,ENCFF259TYF,ENCFF052JNL,768,384,0.3,sum_sqrt,RNA:B6CASTF1/J layer of hippocampus tissue female (14 days)
ENCFF052JNL-,ENCFF052JNL,-,ENCFF259TYF,ENCFF052JNL,768,384,0.3,sum_sqrt,RNA:B6CASTF1/J layer of hippocampus tissue female (14 days)
ENCFF959YOC+,ENCFF959YOC,+,ENCFF809NMT,ENCFF959YOC,768,384,0.3,sum_sqrt,RNA:5xFAD/CAST adrenal gland tissue male postnatal (8-10 months)
ENCFF959YOC-,ENCFF959YOC,-,ENCFF809NMT,ENCFF959YOC,768,384,0.3,sum_sqrt,RNA:5xFAD/CAST adrenal gland tissue male postnatal (8-10 months)
ENCFF370IQE+,ENCFF370IQE,+,ENCFF904LTP,ENCFF370IQE,768,384,0.3,sum_sqrt,RNA:B6CASTF1/J gastrocnemius tissue male (10 days)
ENCFF370IQE-,ENCFF370IQE,-,ENCFF904LTP,ENCFF370IQE,768,384,0.3,sum_sqrt,RNA:B6CASTF1/J gastrocnemius tissue male (10 days)
ENCFF798DPR+,ENCFF798DPR,+,ENCFF137ITG,ENCFF798DPR,768,384,0.3,sum_sqrt,RNA:C57BL/6J common myeloid progenitor male adult (5-6 weeks)
ENCFF798DPR-,ENCFF798DPR,-,ENCFF137ITG,ENCFF798DPR,768,384,0.3,sum_sqrt,RNA:C57BL/6J common myeloid progenitor male adult (5-6 weeks)
ENCFF464JOW,ENCFF464JOW,common,ENCFF591CHX,ENCFF464JOW,768,384,0.3,sum_sqrt,RNA:B6NCrl left cerebral cortex tissue adult (6 months)
ENCFF740FBB,ENCFF740FBB,common,ENCFF886PZI,ENCFF740FBB,768,384,0.3,sum_sqrt,RNA:B6NCrl heart tissue embryo (12.5 days)
ENCFF242IJW+,ENCFF242IJW,+,ENCFF603CNN,ENCFF242IJW,768,384,0.3,sum_sqrt,RNA:B6CASTF1/J adrenal gland tissue female (4 days)
ENCFF242IJW-,ENCFF242IJW,-,ENCFF603CNN,ENCFF242IJW,768,384,0.3,sum_sqrt,RNA:B6CASTF1/J adrenal gland tissue female (4 days)
ENCFF527VWZ,ENCFF527VWZ,common,ENCFF362XNO,ENCFF527VWZ,768,384,0.3,sum_sqrt,RNA:B6NCrl forebrain tissue embryo (11.5 days)
ENCFF620ZFH+,ENCFF620ZFH,+,ENCFF059JNC,ENCFF620ZFH,768,384,0.3,sum_sqrt,RNA:C57BL/6J heart tissue female adult (10 weeks)
ENCFF620ZFH-,ENCFF620ZFH,-,ENCFF059JNC,ENCFF620ZFH,768,384,0.3,sum_sqrt,RNA:C57BL/6J heart tissue female adult (10 weeks)
ENCFF979NRI+,ENCFF979NRI,+,ENCFF768RMV,ENCFF979NRI,768,384,0.3,sum_sqrt,RNA:C57BL/6J small intestine tissue female adult (10 weeks)
ENCFF979NRI-,ENCFF979NRI,-,ENCFF768RMV,ENCFF979NRI,768,384,0.3,sum_sqrt,RNA:C57BL/6J small intestine tissue female adult (10 weeks)
ENCFF712EIS,ENCFF712EIS,common,ENCFF142YNH,ENCFF712EIS,768,384,0.3,sum_sqrt,RNA:B6NCrl kidney tissue postnatal (0 days)
ENCFF293OVC,ENCFF293OVC,common,ENCFF657AXS,ENCFF293OVC,768,384,0.3,sum_sqrt,RNA:B6NCrl stomach tissue postnatal (0 days)
ENCFF889UIO+,ENCFF889UIO,+,ENCFF794URH,ENCFF889UIO,768,384,0.3,sum_sqrt,RNA:C57BL/6J G1E-ER4 treated with 10 nM 17B-estradiol for 24 hours
ENCFF889UIO-,ENCFF889UIO,-,ENCFF794URH,ENCFF889UIO,768,384,0.3,sum_sqrt,RNA:C57BL/6J G1E-ER4 treated with 10 nM 17B-estradiol for 24 hours
ENCFF484SND,ENCFF484SND,common,ENCFF500BMU,ENCFF484SND,768,384,0.3,sum_sqrt,RNA:B6NCrl forebrain tissue embryo (14.5 days)
ENCFF353RSI+,ENCFF353RSI,+,ENCFF576RKY,ENCFF353RSI,768,384,0.3,sum_sqrt,RNA:B6CASTF1/J adrenal gland tissue female (10 days)
ENCFF353RSI-,ENCFF353RSI,-,ENCFF576RKY,ENCFF353RSI,768,384,0.3,sum_sqrt,RNA:B6CASTF1/J adrenal gland tissue female (10 days)
ENCFF552LSX+,ENCFF552LSX,+,ENCFF913LOM,ENCFF552LSX,768,384,0.3,sum_sqrt,RNA:B6CASTF1/J heart tissue male (2 months)
ENCFF552LSX-,ENCFF552LSX,-,ENCFF913LOM,ENCFF552LSX,768,384,0.3,sum_sqrt,RNA:B6CASTF1/J heart tissue male (2 months)
ENCFF224JVW+,ENCFF224JVW,+,ENCFF410RXW,ENCFF224JVW,768,384,0.3,sum_sqrt,RNA:C57BL/6J liver tissue female adult (10 weeks)
ENCFF224JVW-,ENCFF224JVW,-,ENCFF410RXW,ENCFF224JVW,768,384,0.3,sum_sqrt,RNA:C57BL/6J liver tissue female adult (10 weeks)
ENCFF525YIT,ENCFF525YIT,common,ENCFF604FAD,ENCFF525YIT,768,384,0.3,sum_sqrt,RNA:B6NCrl limb tissue embryo (14.5 days)
ENCFF550SIW+,ENCFF550SIW,+,ENCFF501MKJ,ENCFF550SIW,768,384,0.3,sum_sqrt,RNA:B6CASTF1/J left cerebral cortex tissue female (2 months)
ENCFF550SIW-,ENCFF550SIW,-,ENCFF501MKJ,ENCFF550SIW,768,384,0.3,sum_sqrt,RNA:B6CASTF1/J left cerebral cortex tissue female (2 months)
ENCFF117WFD+,ENCFF117WFD,+,ENCFF505YKR,ENCFF117WFD,768,384,0.3,sum_sqrt,RNA:C57BL/6J hematopoietic stem cell male adult (5-6 weeks)
ENCFF117WFD-,ENCFF117WFD,-,ENCFF505YKR,ENCFF117WFD,768,384,0.3,sum_sqrt,RNA:C57BL/6J hematopoietic stem cell male adult (5-6 weeks)
ENCFF261PKU+,ENCFF261PKU,+,ENCFF603KFA,ENCFF261PKU,768,384,0.3,sum_sqrt,RNA:B6CASTF1/J gastrocnemius tissue female (10 days)
ENCFF261PKU-,ENCFF261PKU,-,ENCFF603KFA,ENCFF261PKU,768,384,0.3,sum_sqrt,RNA:B6CASTF1/J gastrocnemius tissue female (10 days)
ENCFF119KMU+,ENCFF119KMU,+,ENCFF620TBP,ENCFF119KMU,768,384,0.3,sum_sqrt,RNA:C57BL/6J erythroblast male adult (5-6 weeks)
ENCFF119KMU-,ENCFF119KMU,-,ENCFF620TBP,ENCFF119KMU,768,384,0.3,sum_sqrt,RNA:C57BL/6J erythroblast male adult (5-6 weeks)
ENCFF191ETV+,ENCFF191ETV,+,ENCFF202MZQ,ENCFF191ETV,768,384,0.3,sum_sqrt,RNA:B6CASTF1/J left cerebral cortex tissue female (25 days)
ENCFF191ETV-,ENCFF191ETV,-,ENCFF202MZQ,ENCFF191ETV,768,384,0.3,sum_sqrt,RNA:B6CASTF1/J left cerebral cortex tissue female (25 days)
ENCFF259ZQF+,ENCFF259ZQF,+,ENCFF398QVK,ENCFF259ZQF,768,384,0.3,sum_sqrt,RNA:B6NTac;B6NCrl/Lap midbrain tissue postnatal (0 days)
ENCFF259ZQF-,ENCFF259ZQF,-,ENCFF398QVK,ENCFF259ZQF,768,384,0.3,sum_sqrt,RNA:B6NTac;B6NCrl/Lap midbrain tissue postnatal (0 days)
ENCFF249OVC+,ENCFF249OVC,+,ENCFF077YNA,ENCFF249OVC,768,384,0.3,sum_sqrt,RNA:C57BL/6J testis tissue male adult (10 weeks)
ENCFF249OVC-,ENCFF249OVC,-,ENCFF077YNA,ENCFF249OVC,768,384,0.3,sum_sqrt,RNA:C57BL/6J testis tissue male adult (10 weeks)
ENCFF072AST+,ENCFF072AST,+,ENCFF605HBO,ENCFF072AST,768,384,0.3,sum_sqrt,RNA:B6CASTF1/J adrenal gland tissue female (36 days)
ENCFF072AST-,ENCFF072AST,-,ENCFF605HBO,ENCFF072AST,768,384,0.3,sum_sqrt,RNA:B6CASTF1/J adrenal gland tissue female (36 days)
ENCFF375HPI+,ENCFF375HPI,+,ENCFF500LGH,ENCFF375HPI,768,384,0.3,sum_sqrt,RNA:C57BL/6J granulocyte monocyte progenitor cell male adult (5-6 weeks)
ENCFF375HPI-,ENCFF375HPI,-,ENCFF500LGH,ENCFF375HPI,768,384,0.3,sum_sqrt,RNA:C57BL/6J granulocyte monocyte progenitor cell male adult (5-6 weeks)
ENCFF215KWO+,ENCFF215KWO,+,ENCFF822CVI,ENCFF215KWO,768,384,0.3,sum_sqrt,RNA:B6CASTF1/J layer of hippocampus tissue female (36 days)
ENCFF215KWO-,ENCFF215KWO,-,ENCFF822CVI,ENCFF215KWO,768,384,0.3,sum_sqrt,RNA:B6CASTF1/J layer of hippocampus tissue female (36 days)
ENCFF117QWC,ENCFF117QWC,common,ENCFF764VNF,ENCFF117QWC,768,384,0.3,sum_sqrt,RNA:B6NCrl liver tissue embryo (11.5 days)
ENCFF475VSW,ENCFF475VSW,common,ENCFF280GYQ,ENCFF475VSW,768,384,0.3,sum_sqrt,RNA:B6NCrl heart tissue embryo (13.5 days)
ENCFF155UMX,ENCFF155UMX,common,ENCFF108KAM,ENCFF155UMX,768,384,0.3,sum_sqrt,RNA:B6NCrl hindbrain tissue embryo (16.5 days)
ENCFF590WKI+,ENCFF590WKI,+,ENCFF394XTN,ENCFF590WKI,768,384,0.3,sum_sqrt,RNA:B6CASTF1/J adrenal gland tissue female (2 months)
ENCFF590WKI-,ENCFF590WKI,-,ENCFF394XTN,ENCFF590WKI,768,384,0.3,sum_sqrt,RNA:B6CASTF1/J adrenal gland tissue female (2 months)
ENCFF402HQP+,ENCFF402HQP,+,ENCFF146UAB,ENCFF402HQP,768,384,0.3,sum_sqrt,RNA:C57BL/6J adipose tissue tissue male adult (10 weeks)
ENCFF402HQP-,ENCFF402HQP,-,ENCFF146UAB,ENCFF402HQP,768,384,0.3,sum_sqrt,RNA:C57BL/6J adipose tissue tissue male adult (10 weeks)
ENCFF172NDF,ENCFF172NDF,common,ENCFF928ZEZ,ENCFF172NDF,768,384,0.3,sum_sqrt,RNA:B6NCrl stomach tissue embryo (14.5 days)
ENCFF082SFZ+,ENCFF082SFZ,+,ENCFF016QYQ,ENCFF082SFZ,768,384,0.3,sum_sqrt,RNA:B6CASTF1/J layer of hippocampus tissue male (25 days)
ENCFF082SFZ-,ENCFF082SFZ,-,ENCFF016QYQ,ENCFF082SFZ,768,384,0.3,sum_sqrt,RNA:B6CASTF1/J layer of hippocampus tissue male (25 days)
ENCFF998JBB+,ENCFF998JBB,+,ENCFF137FUZ,ENCFF998JBB,768,384,0.3,sum_sqrt,RNA:5xFAD/CAST left cerebral cortex tissue male postnatal (8-10 months)
ENCFF998JBB-,ENCFF998JBB,-,ENCFF137FUZ,ENCFF998JBB,768,384,0.3,sum_sqrt,RNA:5xFAD/CAST left cerebral cortex tissue male postnatal (8-10 months)
ENCFF843LEJ+,ENCFF843LEJ,+,ENCFF843DCX,ENCFF843LEJ,768,384,0.3,sum_sqrt,RNA:B6CASTF1/J adrenal gland tissue male (25 days)
ENCFF843LEJ-,ENCFF843LEJ,-,ENCFF843DCX,ENCFF843LEJ,768,384,0.3,sum_sqrt,RNA:B6CASTF1/J adrenal gland tissue male (25 days)
ENCFF329ATO+,ENCFF329ATO,+,ENCFF036WYD,ENCFF329ATO,768,384,0.3,sum_sqrt,RNA:B6CASTF1/J adrenal gland tissue male (36 days)
ENCFF329ATO-,ENCFF329ATO,-,ENCFF036WYD,ENCFF329ATO,768,384,0.3,sum_sqrt,RNA:B6CASTF1/J adrenal gland tissue male (36 days)
ENCFF377BYA,ENCFF377BYA,common,ENCFF733BKS,ENCFF377BYA,768,384,0.3,sum_sqrt,RNA:B6NCrl forebrain tissue embryo (10.5 days)
ENCFF099WCR,ENCFF099WCR,common,ENCFF168IHR,ENCFF099WCR,768,384,0.3,sum_sqrt,RNA:B6NCrl midbrain tissue embryo (11.5 days)
ENCFF056ZOQ+,ENCFF056ZOQ,+,ENCFF035HTU,ENCFF056ZOQ,768,384,0.3,sum_sqrt,RNA:B6CASTF1/J left cerebral cortex tissue female (10 days)
ENCFF056ZOQ-,ENCFF056ZOQ,-,ENCFF035HTU,ENCFF056ZOQ,768,384,0.3,sum_sqrt,RNA:B6CASTF1/J left cerebral cortex tissue female (10 days)
ENCFF937MXH+,ENCFF937MXH,+,ENCFF813YZW,ENCFF937MXH,768,384,0.3,sum_sqrt,RNA:B6CASTF1/J layer of hippocampus tissue male (2 months)
ENCFF937MXH-,ENCFF937MXH,-,ENCFF813YZW,ENCFF937MXH,768,384,0.3,sum_sqrt,RNA:B6CASTF1/J layer of hippocampus tissue male (2 months)
ENCFF357DMT,ENCFF357DMT,common,ENCFF844OSS,ENCFF357DMT,768,384,0.3,sum_sqrt,RNA:B6NCrl intestine tissue postnatal (0 days)
ENCFF845QAI,ENCFF845QAI,common,ENCFF043CYS,ENCFF845QAI,768,384,0.3,sum_sqrt,RNA:B6NCrl neural tube tissue embryo (11.5 days)
ENCFF663BGW+,ENCFF663BGW,+,ENCFF612WTX,ENCFF663BGW,768,384,0.3,sum_sqrt,RNA:B6CASTF1/J layer of hippocampus tissue female (25 days)
ENCFF663BGW-,ENCFF663BGW,-,ENCFF612WTX,ENCFF663BGW,768,384,0.3,sum_sqrt,RNA:B6CASTF1/J layer of hippocampus tissue female (25 days)
ENCFF409AEZ,ENCFF409AEZ,common,ENCFF269IKY,ENCFF409AEZ,768,384,0.3,sum_sqrt,RNA:B6NCrl midbrain tissue embryo (14.5 days)
ENCFF862IJF,ENCFF862IJF,common,ENCFF781QXU,ENCFF862IJF,768,384,0.3,sum_sqrt,RNA:B6NCrl limb tissue embryo (13.5 days)
ENCFF431GTN,ENCFF431GTN,common,ENCFF030KGD,ENCFF431GTN,768,384,0.3,sum_sqrt,RNA:B6NCrl forebrain tissue postnatal (0 days)
ENCFF598EPR+,ENCFF598EPR,+,ENCFF528PTS,ENCFF598EPR,768,384,0.3,sum_sqrt,RNA:B6CASTF1/J heart tissue male (36 days)
ENCFF598EPR-,ENCFF598EPR,-,ENCFF528PTS,ENCFF598EPR,768,384,0.3,sum_sqrt,RNA:B6CASTF1/J heart tissue male (36 days)
ENCFF321JKX+,ENCFF321JKX,+,ENCFF311DDU,ENCFF321JKX,768,384,0.3,sum_sqrt,RNA:B6CASTF1/J gastrocnemius tissue female (4 days)
ENCFF321JKX-,ENCFF321JKX,-,ENCFF311DDU,ENCFF321JKX,768,384,0.3,sum_sqrt,RNA:B6CASTF1/J gastrocnemius tissue female (4 days)
ENCFF369LDA,ENCFF369LDA,common,ENCFF086TGR,ENCFF369LDA,768,384,0.3,sum_sqrt,RNA:B6NCrl midbrain tissue embryo (16.5 days)
ENCFF646UNN,ENCFF646UNN,common,ENCFF878QRN,ENCFF646UNN,768,384,0.3,sum_sqrt,RNA:B6NCrl intestine tissue embryo (15.5 days)
ENCFF958YYN+,ENCFF958YYN,+,ENCFF932HKK,ENCFF958YYN,768,384,0.3,sum_sqrt,RNA:B6CASTF1/J layer of hippocampus tissue female (18-20 months)
ENCFF958YYN-,ENCFF958YYN,-,ENCFF932HKK,ENCFF958YYN,768,384,0.3,sum_sqrt,RNA:B6CASTF1/J layer of hippocampus tissue female (18-20 months)
ENCFF724FDF+,ENCFF724FDF,+,ENCFF334PFP,ENCFF724FDF,768,384,0.3,sum_sqrt,RNA:C57BL/6J kidney tissue female adult (10 weeks)
ENCFF724FDF-,ENCFF724FDF,-,ENCFF334PFP,ENCFF724FDF,768,384,0.3,sum_sqrt,RNA:C57BL/6J kidney tissue female adult (10 weeks)
ENCFF380MBW,ENCFF380MBW,common,ENCFF154XHV,ENCFF380MBW,768,384,0.3,sum_sqrt,RNA:B6NCrl hindbrain tissue embryo (15.5 days)
ENCFF758HEN+,ENCFF758HEN,+,ENCFF694VTC,ENCFF758HEN,768,384,0.3,sum_sqrt,RNA:B6CASTF1/J adrenal gland tissue female (14 days)
ENCFF758HEN-,ENCFF758HEN,-,ENCFF694VTC,ENCFF758HEN,768,384,0.3,sum_sqrt,RNA:B6CASTF1/J adrenal gland tissue female (14 days)
ENCFF928OMS,ENCFF928OMS,common,ENCFF912YVY,ENCFF928OMS,768,384,0.3,sum_sqrt,RNA:B6NCrl hindbrain tissue embryo (12.5 days)
ENCFF109UBY+,ENCFF109UBY,+,ENCFF750EZH,ENCFF109UBY,768,384,0.3,sum_sqrt,RNA:B6CASTF1/J layer of hippocampus tissue male (14 days)
ENCFF109UBY-,ENCFF109UBY,-,ENCFF750EZH,ENCFF109UBY,768,384,0.3,sum_sqrt,RNA:B6CASTF1/J layer of hippocampus tissue male (14 days)
ENCFF705URO+,ENCFF705URO,+,ENCFF966OLS,ENCFF705URO,768,384,0.3,sum_sqrt,RNA:B6CASTF1/J gastrocnemius tissue male (25 days)
ENCFF705URO-,ENCFF705URO,-,ENCFF966OLS,ENCFF705URO,768,384,0.3,sum_sqrt,RNA:B6CASTF1/J gastrocnemius tissue male (25 days)
ENCFF232HKB,ENCFF232HKB,common,ENCFF390QLK,ENCFF232HKB,768,384,0.3,sum_sqrt,RNA:B6NCrl thymus tissue postnatal (0 days)
ENCFF688MNZ+,ENCFF688MNZ,+,ENCFF753LQL,ENCFF688MNZ,768,384,0.3,sum_sqrt,RNA:B6CASTF1/J adrenal gland tissue female (18-20 months)
ENCFF688MNZ-,ENCFF688MNZ,-,ENCFF753LQL,ENCFF688MNZ,768,384,0.3,sum_sqrt,RNA:B6CASTF1/J adrenal gland tissue female (18-20 months)
ENCFF031DAO,ENCFF031DAO,common,ENCFF803RQK,ENCFF031DAO,768,384,0.3,sum_sqrt,RNA:B6NCrl liver tissue embryo (13.5 days)
ENCFF224MAK,ENCFF224MAK,common,ENCFF653RJL,ENCFF224MAK,768,384,0.3,sum_sqrt,RNA:B6NCrl lung tissue embryo (15.5 days)
ENCFF642BYK+,ENCFF642BYK,+,ENCFF871DXO,ENCFF642BYK,768,384,0.3,sum_sqrt,RNA:B6CASTF1/J heart tissue female adult (18-20 months)
ENCFF642BYK-,ENCFF642BYK,-,ENCFF871DXO,ENCFF642BYK,768,384,0.3,sum_sqrt,RNA:B6CASTF1/J heart tissue female adult (18-20 months)
ENCFF799ZHZ,ENCFF799ZHZ,common,ENCFF805NXA,ENCFF799ZHZ,768,384,0.3,sum_sqrt,RNA:B6NCrl stomach tissue embryo (16.5 days)
ENCFF423PCA+,ENCFF423PCA,+,ENCFF939MTI,ENCFF423PCA,768,384,0.3,sum_sqrt,RNA:C57BL/6J G1E
ENCFF423PCA-,ENCFF423PCA,-,ENCFF939MTI,ENCFF423PCA,768,384,0.3,sum_sqrt,RNA:C57BL/6J G1E
ENCFF195TGW+,ENCFF195TGW,+,ENCFF681EGX,ENCFF195TGW,768,384,0.3,sum_sqrt,RNA:B6CASTF1/J heart tissue male (10 days)
ENCFF195TGW-,ENCFF195TGW,-,ENCFF681EGX,ENCFF195TGW,768,384,0.3,sum_sqrt,RNA:B6CASTF1/J heart tissue male (10 days)
ENCFF522FQT+,ENCFF522FQT,+,ENCFF869ZPV,ENCFF522FQT,768,384,0.3,sum_sqrt,RNA:B6CASTF1/J gastrocnemius tissue female (36 days)
ENCFF522FQT-,ENCFF522FQT,-,ENCFF869ZPV,ENCFF522FQT,768,384,0.3,sum_sqrt,RNA:B6CASTF1/J gastrocnemius tissue female (36 days)
ENCFF573OLV+,ENCFF573OLV,+,ENCFF724PBG,ENCFF573OLV,768,384,0.3,sum_sqrt,RNA:B6CASTF1/J adrenal gland tissue female (25 days)
ENCFF573OLV-,ENCFF573OLV,-,ENCFF724PBG,ENCFF573OLV,768,384,0.3,sum_sqrt,RNA:B6CASTF1/J adrenal gland tissue female (25 days)
ENCFF941BJU+,ENCFF941BJU,+,ENCFF329YRR,ENCFF941BJU,768,384,0.3,sum_sqrt,RNA:B6CASTF1/J heart tissue female (10 days)
ENCFF941BJU-,ENCFF941BJU,-,ENCFF329YRR,ENCFF941BJU,768,384,0.3,sum_sqrt,RNA:B6CASTF1/J heart tissue female (10 days)
ENCFF325VHZ+,ENCFF325VHZ,+,ENCFF918LVU,ENCFF325VHZ,768,384,0.3,sum_sqrt,RNA:B6CASTF1/J left cerebral cortex tissue male (2 months)
ENCFF325VHZ-,ENCFF325VHZ,-,ENCFF918LVU,ENCFF325VHZ,768,384,0.3,sum_sqrt,RNA:B6CASTF1/J left cerebral cortex tissue male (2 months)
ENCFF528WPB+,ENCFF528WPB,+,ENCFF410PYN,ENCFF528WPB,768,384,0.3,sum_sqrt,RNA:B6CASTF1/J gastrocnemius tissue female (18-20 months)
ENCFF528WPB-,ENCFF528WPB,-,ENCFF410PYN,ENCFF528WPB,768,384,0.3,sum_sqrt,RNA:B6CASTF1/J gastrocnemius tissue female (18-20 months)
ENCFF846JTZ,ENCFF846JTZ,common,ENCFF895NAR,ENCFF846JTZ,768,384,0.3,sum_sqrt,RNA:B6NCrl kidney tissue embryo (14.5 days)
ENCFF369QHZ,ENCFF369QHZ,common,ENCFF629YWF,ENCFF369QHZ,768,384,0.3,sum_sqrt,RNA:B6NCrl neural tube tissue embryo (12.5 days)
ENCFF875KEQ+,ENCFF875KEQ,+,ENCFF697FVP,ENCFF875KEQ,768,384,0.3,sum_sqrt,RNA:B6CASTF1/J gastrocnemius tissue female (25 days)
ENCFF875KEQ-,ENCFF875KEQ,-,ENCFF697FVP,ENCFF875KEQ,768,384,0.3,sum_sqrt,RNA:B6CASTF1/J gastrocnemius tissue female (25 days)
ENCFF546VVR+,ENCFF546VVR,+,ENCFF456HBG,ENCFF546VVR,768,384,0.3,sum_sqrt,RNA:5xFAD/CAST adrenal gland tissue female postnatal (8-10 months)
ENCFF546VVR-,ENCFF546VVR,-,ENCFF456HBG,ENCFF546VVR,768,384,0.3,sum_sqrt,RNA:5xFAD/CAST adrenal gland tissue female postnatal (8-10 months)
ENCFF846BUP+,ENCFF846BUP,+,ENCFF276ZLR,ENCFF846BUP,768,384,0.3,sum_sqrt,RNA:B6CASTF1/J left cerebral cortex tissue male (10 days)
ENCFF846BUP-,ENCFF846BUP,-,ENCFF276ZLR,ENCFF846BUP,768,384,0.3,sum_sqrt,RNA:B6CASTF1/J left cerebral cortex tissue male (10 days)
ENCFF441JYG+,ENCFF441JYG,+,ENCFF105IYD,ENCFF441JYG,768,384,0.3,sum_sqrt,RNA:C57BL/6J ovary tissue female adult (10 weeks)
ENCFF441JYG-,ENCFF441JYG,-,ENCFF105IYD,ENCFF441JYG,768,384,0.3,sum_sqrt,RNA:C57BL/6J ovary tissue female adult (10 weeks)
ENCFF561IRA,ENCFF561IRA,common,ENCFF604PRU,ENCFF561IRA,768,384,0.3,sum_sqrt,RNA:B6NCrl heart tissue postnatal (0 days)
ENCFF705SAG,ENCFF705SAG,common,ENCFF009KUL,ENCFF705SAG,768,384,0.3,sum_sqrt,RNA:B6NCrl kidney tissue embryo (16.5 days)
ENCFF306LNI+,ENCFF306LNI,+,ENCFF185CVF,ENCFF306LNI,768,384,0.3,sum_sqrt,RNA:C57BL/6J G1E-ER4 treated with 10 nM 17B-estradiol for 24 hours
ENCFF306LNI-,ENCFF306LNI,-,ENCFF185CVF,ENCFF306LNI,768,384,0.3,sum_sqrt,RNA:C57BL/6J G1E-ER4 treated with 10 nM 17B-estradiol for 24 hours
ENCFF222WST,ENCFF222WST,common,ENCFF777TMP,ENCFF222WST,768,384,0.3,sum_sqrt,RNA:B6NCrl embryonic facial prominence tissue embryo (13.5 days)
ENCFF723OSL,ENCFF723OSL,common,ENCFF459OJB,ENCFF723OSL,768,384,0.3,sum_sqrt,RNA:B6NCrl limb tissue embryo (11.5 days)
ENCFF048KKW+,ENCFF048KKW,+,ENCFF713VQZ,ENCFF048KKW,768,384,0.3,sum_sqrt,RNA:B6CASTF1/J layer of hippocampus tissue male (36 days)
ENCFF048KKW-,ENCFF048KKW,-,ENCFF713VQZ,ENCFF048KKW,768,384,0.3,sum_sqrt,RNA:B6CASTF1/J layer of hippocampus tissue male (36 days)
ENCFF086KLE+,ENCFF086KLE,+,ENCFF387PCB,ENCFF086KLE,768,384,0.3,sum_sqrt,RNA:5xFAD/CAST layer of hippocampus tissue male postnatal (8-10 months)
ENCFF086KLE-,ENCFF086KLE,-,ENCFF387PCB,ENCFF086KLE,768,384,0.3,sum_sqrt,RNA:5xFAD/CAST layer of hippocampus tissue male postnatal (8-10 months)
ENCFF063VOV+,ENCFF063VOV,+,ENCFF632TZR,ENCFF063VOV,768,384,0.3,sum_sqrt,RNA:C57BL/6J megakaryocyte-erythroid progenitor cell male adult (5-6 weeks)
ENCFF063VOV-,ENCFF063VOV,-,ENCFF632TZR,ENCFF063VOV,768,384,0.3,sum_sqrt,RNA:C57BL/6J megakaryocyte-erythroid progenitor cell male adult (5-6 weeks)
ENCFF336RLJ+,ENCFF336RLJ,+,ENCFF275BPC,ENCFF336RLJ,768,384,0.3,sum_sqrt,RNA:C57BL/6J brain tissue male adult (10 weeks)
ENCFF336RLJ-,ENCFF336RLJ,-,ENCFF275BPC,ENCFF336RLJ,768,384,0.3,sum_sqrt,RNA:C57BL/6J brain tissue male adult (10 weeks)
ENCFF762UWA,ENCFF762UWA,common,ENCFF654PLC,ENCFF762UWA,768,384,0.3,sum_sqrt,RNA:B6NCrl midbrain tissue embryo (15.5 days)
ENCFF669KGM,ENCFF669KGM,common,ENCFF837JTB,ENCFF669KGM,768,384,0.3,sum_sqrt,RNA:B6NCrl hindbrain tissue embryo (14.5 days)
ENCFF229KHK+,ENCFF229KHK,+,ENCFF293NAT,ENCFF229KHK,768,384,0.3,sum_sqrt,RNA:B6CASTF1/J adrenal gland tissue male (14 days)
ENCFF229KHK-,ENCFF229KHK,-,ENCFF293NAT,ENCFF229KHK,768,384,0.3,sum_sqrt,RNA:B6CASTF1/J adrenal gland tissue male (14 days)
ENCFF645WMC+,ENCFF645WMC,+,ENCFF712IHA,ENCFF645WMC,768,384,0.3,sum_sqrt,RNA:B6CASTF1/J heart tissue female (14 days)
ENCFF645WMC-,ENCFF645WMC,-,ENCFF712IHA,ENCFF645WMC,768,384,0.3,sum_sqrt,RNA:B6CASTF1/J heart tissue female (14 days)
ENCFF311NRK+,ENCFF311NRK,+,ENCFF918JDF,ENCFF311NRK,768,384,0.3,sum_sqrt,RNA:B6CASTF1/J layer of hippocampus tissue male (18-20 months)
ENCFF311NRK-,ENCFF311NRK,-,ENCFF918JDF,ENCFF311NRK,768,384,0.3,sum_sqrt,RNA:B6CASTF1/J layer of hippocampus tissue male (18-20 months)
ENCFF271VFJ,ENCFF271VFJ,common,ENCFF966PFP,ENCFF271VFJ,768,384,0.3,sum_sqrt,RNA:B6NCrl spleen tissue postnatal (0 days)
ENCFF779UHC+,ENCFF779UHC,+,ENCFF441NLP,ENCFF779UHC,768,384,0.3,sum_sqrt,RNA:5xFAD/CAST heart tissue male postnatal (8-10 months)
ENCFF779UHC-,ENCFF779UHC,-,ENCFF441NLP,ENCFF779UHC,768,384,0.3,sum_sqrt,RNA:5xFAD/CAST heart tissue male postnatal (8-10 months)
ENCFF921TZJ,ENCFF921TZJ,common,ENCFF928ETD,ENCFF921TZJ,768,384,0.3,sum_sqrt,RNA:B6NCrl heart tissue embryo (15.5 days)
ENCFF242LFQ+,ENCFF242LFQ,+,ENCFF627HVE,ENCFF242LFQ,768,384,0.3,sum_sqrt,RNA:B6CASTF1/J gastrocnemius tissue male (14 days)
ENCFF242LFQ-,ENCFF242LFQ,-,ENCFF627HVE,ENCFF242LFQ,768,384,0.3,sum_sqrt,RNA:B6CASTF1/J gastrocnemius tissue male (14 days)
ENCFF390LUQ,ENCFF390LUQ,common,ENCFF485XIX,ENCFF390LUQ,768,384,0.3,sum_sqrt,RNA:B6NCrl liver tissue embryo (15.5 days)
ENCFF914NSR+,ENCFF914NSR,+,ENCFF265DFI,ENCFF914NSR,768,384,0.3,sum_sqrt,RNA:B6CASTF1/J heart tissue female (25 days)
ENCFF914NSR-,ENCFF914NSR,-,ENCFF265DFI,ENCFF914NSR,768,384,0.3,sum_sqrt,RNA:B6CASTF1/J heart tissue female (25 days)
ENCFF080WKU,ENCFF080WKU,common,ENCFF130UDT,ENCFF080WKU,768,384,0.3,sum_sqrt,RNA:B6NCrl embryonic facial prominence tissue embryo (15.5 days)
ENCFF772FQM+,ENCFF772FQM,+,ENCFF019GOC,ENCFF772FQM,768,384,0.3,sum_sqrt,RNA:B6CASTF1/J gastrocnemius tissue male (36 days)
ENCFF772FQM-,ENCFF772FQM,-,ENCFF019GOC,ENCFF772FQM,768,384,0.3,sum_sqrt,RNA:B6CASTF1/J gastrocnemius tissue male (36 days)
ENCFF024JDL,ENCFF024JDL,common,ENCFF752EBM,ENCFF024JDL,768,384,0.3,sum_sqrt,RNA:B6NCrl forebrain tissue embryo (12.5 days)
ENCFF184EFQ,ENCFF184EFQ,common,ENCFF133CSN,ENCFF184EFQ,768,384,0.3,sum_sqrt,RNA:B6NCrl liver tissue embryo (12.5 days)
ENCFF066XKF+,ENCFF066XKF,+,ENCFF624XXP,ENCFF066XKF,768,384,0.3,sum_sqrt,RNA:B6CASTF1/J adrenal gland tissue male (10 days)
ENCFF066XKF-,ENCFF066XKF,-,ENCFF624XXP,ENCFF066XKF,768,384,0.3,sum_sqrt,RNA:B6CASTF1/J adrenal gland tissue male (10 days)
ENCFF825CAO,ENCFF825CAO,common,ENCFF544EQE,ENCFF825CAO,768,384,0.3,sum_sqrt,RNA:B6NCrl neural tube tissue postnatal (0 days)
ENCFF815URA,ENCFF815URA,common,ENCFF077ZPD,ENCFF815URA,768,384,0.3,sum_sqrt,RNA:B6NCrl heart tissue embryo (11.5 days)
ENCFF107XNF+,ENCFF107XNF,+,ENCFF299MCL,ENCFF107XNF,768,384,0.3,sum_sqrt,RNA:B6CASTF1/J left cerebral cortex tissue male (14 days)
ENCFF107XNF-,ENCFF107XNF,-,ENCFF299MCL,ENCFF107XNF,768,384,0.3,sum_sqrt,RNA:B6CASTF1/J left cerebral cortex tissue male (14 days)
ENCFF793LOI+,ENCFF793LOI,+,ENCFF991WFR,ENCFF793LOI,768,384,0.3,sum_sqrt,RNA:B6CASTF1/J left cerebral cortex tissue female adult (18-20 months)
ENCFF793LOI-,ENCFF793LOI,-,ENCFF991WFR,ENCFF793LOI,768,384,0.3,sum_sqrt,RNA:B6CASTF1/J left cerebral cortex tissue female adult (18-20 months)
ENCFF319ESD+,ENCFF319ESD,+,ENCFF443FFT,ENCFF319ESD,768,384,0.3,sum_sqrt,RNA:C57BL/6J adrenal gland tissue female adult (10 weeks)
ENCFF319ESD-,ENCFF319ESD,-,ENCFF443FFT,ENCFF319ESD,768,384,0.3,sum_sqrt,RNA:C57BL/6J adrenal gland tissue female adult (10 weeks)
ENCFF207BTV,ENCFF207BTV,common,ENCFF873ZQW,ENCFF207BTV,768,384,0.3,sum_sqrt,RNA:B6NCrl midbrain tissue postnatal (0 days)
ENCFF900NMC+,ENCFF900NMC,+,ENCFF760YQJ,ENCFF900NMC,768,384,0.3,sum_sqrt,RNA:B6NTac;B6NCrl/Lap forebrain tissue postnatal (0 days)
ENCFF900NMC-,ENCFF900NMC,-,ENCFF760YQJ,ENCFF900NMC,768,384,0.3,sum_sqrt,RNA:B6NTac;B6NCrl/Lap forebrain tissue postnatal (0 days)
ENCFF070OYM+,ENCFF070OYM,+,ENCFF053CZM,ENCFF070OYM,768,384,0.3,sum_sqrt,RNA:5xFAD/CAST left cerebral cortex tissue female postnatal (8-10 months)
ENCFF070OYM-,ENCFF070OYM,-,ENCFF053CZM,ENCFF070OYM,768,384,0.3,sum_sqrt,RNA:5xFAD/CAST left cerebral cortex tissue female postnatal (8-10 months)
ENCFF679LHL,ENCFF679LHL,common,ENCFF062YMQ,ENCFF679LHL,768,384,0.3,sum_sqrt,RNA:B6NCrl heart tissue embryo (14.5 days)
ENCFF983PEH,ENCFF983PEH,common,ENCFF399BIJ,ENCFF983PEH,768,384,0.3,sum_sqrt,RNA:B6NCrl adrenal gland tissue postnatal (0 days)
ENCFF347XMG+,ENCFF347XMG,+,ENCFF135EIP,ENCFF347XMG,768,384,0.3,sum_sqrt,RNA:B6CASTF1/J adrenal gland tissue male (18-20 months)
ENCFF347XMG-,ENCFF347XMG,-,ENCFF135EIP,ENCFF347XMG,768,384,0.3,sum_sqrt,RNA:B6CASTF1/J adrenal gland tissue male (18-20 months)
ENCFF599QYI+,ENCFF599QYI,+,ENCFF983VMB,ENCFF599QYI,768,384,0.3,sum_sqrt,RNA:B6NTac;B6NCrl/Lap hindbrain tissue postnatal (0 days)
ENCFF599QYI-,ENCFF599QYI,-,ENCFF983VMB,ENCFF599QYI,768,384,0.3,sum_sqrt,RNA:B6NTac;B6NCrl/Lap hindbrain tissue postnatal (0 days)
ENCFF751EJF,ENCFF751EJF,common,ENCFF769IIX,ENCFF751EJF,768,384,0.3,sum_sqrt,RNA:B6NCrl limb tissue embryo (12.5 days)
ENCFF604LEL,ENCFF604LEL,common,ENCFF757OFF,ENCFF604LEL,768,384,0.3,sum_sqrt,RNA:B6NCrl forebrain tissue embryo (15.5 days)
ENCFF640IMV+,ENCFF640IMV,+,ENCFF750MYZ,ENCFF640IMV,768,384,0.3,sum_sqrt,RNA:B6CASTF1/J left cerebral cortex tissue female (4 days)
ENCFF640IMV-,ENCFF640IMV,-,ENCFF750MYZ,ENCFF640IMV,768,384,0.3,sum_sqrt,RNA:B6CASTF1/J left cerebral cortex tissue female (4 days)
ENCFF844UWJ,ENCFF844UWJ,common,ENCFF053MDK,ENCFF844UWJ,768,384,0.3,sum_sqrt,RNA:B6NCrl hindbrain tissue embryo (11.5 days)
ENCFF367GHQ+,ENCFF367GHQ,+,ENCFF417DBE,ENCFF367GHQ,768,384,0.3,sum_sqrt,RNA:B6CASTF1/J left cerebral cortex tissue male (25 days)
ENCFF367GHQ-,ENCFF367GHQ,-,ENCFF417DBE,ENCFF367GHQ,768,384,0.3,sum_sqrt,RNA:B6CASTF1/J left cerebral cortex tissue male (25 days)
ENCFF686AKO,ENCFF686AKO,common,ENCFF507HXX,ENCFF686AKO,768,384,0.3,sum_sqrt,RNA:B6NCrl midbrain tissue embryo (10.5 days)
ENCFF107GSD+,ENCFF107GSD,+,ENCFF213YQE,ENCFF107GSD,768,384,0.3,sum_sqrt,RNA:B6CASTF1/J heart tissue male (14 days)
ENCFF107GSD-,ENCFF107GSD,-,ENCFF213YQE,ENCFF107GSD,768,384,0.3,sum_sqrt,RNA:B6CASTF1/J heart tissue male (14 days)
ENCFF209VXZ+,ENCFF209VXZ,+,ENCFF762ZUL,ENCFF209VXZ,768,384,0.3,sum_sqrt,RNA:C57BL/6J common myeloid progenitor male adult (5-6 weeks)
ENCFF209VXZ-,ENCFF209VXZ,-,ENCFF762ZUL,ENCFF209VXZ,768,384,0.3,sum_sqrt,RNA:C57BL/6J common myeloid progenitor male adult (5-6 weeks)
ENCFF177JFM,ENCFF177JFM,common,ENCFF924JLI,ENCFF177JFM,768,384,0.3,sum_sqrt,RNA:B6NCrl urinary bladder tissue postnatal (0 days)
ENCFF966QYL+,ENCFF966QYL,+,ENCFF199BPA,ENCFF966QYL,768,384,0.3,sum_sqrt,RNA:B6CASTF1/J left cerebral cortex tissue female (14 days)
ENCFF966QYL-,ENCFF966QYL,-,ENCFF199BPA,ENCFF966QYL,768,384,0.3,sum_sqrt,RNA:B6CASTF1/J left cerebral cortex tissue female (14 days)
ENCFF074DII+,ENCFF074DII,+,ENCFF446JRM,ENCFF074DII,768,384,0.3,sum_sqrt,RNA:B6CASTF1/J heart tissue female (36 days)
ENCFF074DII-,ENCFF074DII,-,ENCFF446JRM,ENCFF074DII,768,384,0.3,sum_sqrt,RNA:B6CASTF1/J heart tissue female (36 days)
ENCFF229ZQV+,ENCFF229ZQV,+,ENCFF582BEW,ENCFF229ZQV,768,384,0.3,sum_sqrt,RNA:B6CASTF1/J gastrocnemius tissue female (2 months)
ENCFF229ZQV-,ENCFF229ZQV,-,ENCFF582BEW,ENCFF229ZQV,768,384,0.3,sum_sqrt,RNA:B6CASTF1/J gastrocnemius tissue female (2 months)
ENCFF304NKC,ENCFF304NKC,common,ENCFF616GSP,ENCFF304NKC,768,384,0.3,sum_sqrt,RNA:B6NCrl midbrain tissue embryo (13.5 days)
ENCFF648EZR+,ENCFF648EZR,+,ENCFF996FYH,ENCFF648EZR,768,384,0.3,sum_sqrt,RNA:B6CASTF1/J heart tissue male adult (18-20 months)
ENCFF648EZR-,ENCFF648EZR,-,ENCFF996FYH,ENCFF648EZR,768,384,0.3,sum_sqrt,RNA:B6CASTF1/J heart tissue male adult (18-20 months)
ENCFF075FNE+,ENCFF075FNE,+,ENCFF058OVM,ENCFF075FNE,768,384,0.3,sum_sqrt,RNA:B6CASTF1/J gastrocnemius tissue male (2 months)
ENCFF075FNE-,ENCFF075FNE,-,ENCFF058OVM,ENCFF075FNE,768,384,0.3,sum_sqrt,RNA:B6CASTF1/J gastrocnemius tissue male (2 months)
ENCFF566YKN,ENCFF566YKN,common,ENCFF758PZK,ENCFF566YKN,768,384,0.3,sum_sqrt,RNA:B6NCrl embryonic facial prominence tissue embryo (10.5 days)
ENCFF335UMY,ENCFF335UMY,common,ENCFF598WYM,ENCFF335UMY,768,384,0.3,sum_sqrt,RNA:B6NCrl embryonic facial prominence tissue embryo (14.5 days)
ENCFF588ORC,ENCFF588ORC,common,ENCFF589KZQ,ENCFF588ORC,768,384,0.3,sum_sqrt,RNA:B6NCrl liver tissue embryo (16.5 days)
ENCFF778AVN+,ENCFF778AVN,+,ENCFF122LNJ,ENCFF778AVN,768,384,0.3,sum_sqrt,RNA:C57BL/6J G1E
ENCFF778AVN-,ENCFF778AVN,-,ENCFF122LNJ,ENCFF778AVN,768,384,0.3,sum_sqrt,RNA:C57BL/6J G1E
ENCFF814UQP,ENCFF814UQP,common,ENCFF198MOG,ENCFF814UQP,768,384,0.3,sum_sqrt,RNA:B6NCrl limb tissue embryo (15.5 days)
ENCFF476VHS+,ENCFF476VHS,+,ENCFF684UPU,ENCFF476VHS,768,384,0.3,sum_sqrt,RNA:C57BL/6J granulocyte monocyte progenitor cell male adult (5-6 weeks)
ENCFF476VHS-,ENCFF476VHS,-,ENCFF684UPU,ENCFF476VHS,768,384,0.3,sum_sqrt,RNA:C57BL/6J granulocyte monocyte progenitor cell male adult (5-6 weeks)
ENCFF873KES+,ENCFF873KES,+,ENCFF927HGO,ENCFF873KES,768,384,0.3,sum_sqrt,RNA:B6CASTF1/J heart tissue male (25 days)
ENCFF873KES-,ENCFF873KES,-,ENCFF927HGO,ENCFF873KES,768,384,0.3,sum_sqrt,RNA:B6CASTF1/J heart tissue male (25 days)
ENCFF875AYS+,ENCFF875AYS,+,ENCFF701BYJ,ENCFF875AYS,768,384,0.3,sum_sqrt,RNA:B6CASTF1/J left cerebral cortex tissue male (4 days)
ENCFF875AYS-,ENCFF875AYS,-,ENCFF701BYJ,ENCFF875AYS,768,384,0.3,sum_sqrt,RNA:B6CASTF1/J left cerebral cortex tissue male (4 days)
ENCFF362QOV+,ENCFF362QOV,+,ENCFF994JUZ,ENCFF362QOV,768,384,0.3,sum_sqrt,RNA:C57BL/6J erythroid progenitor cell male adult (5-6 weeks)
ENCFF362QOV-,ENCFF362QOV,-,ENCFF994JUZ,ENCFF362QOV,768,384,0.3,sum_sqrt,RNA:C57BL/6J erythroid progenitor cell male adult (5-6 weeks)
ENCFF150IZB,ENCFF150IZB,common,ENCFF343CIJ,ENCFF150IZB,768,384,0.3,sum_sqrt,RNA:B6NCrl intestine tissue embryo (16.5 days)
ENCFF391KZF,ENCFF391KZF,common,ENCFF683BNI,ENCFF391KZF,768,384,0.3,sum_sqrt,RNA:B6NCrl embryonic facial prominence tissue embryo (11.5 days)
ENCFF210SHO,ENCFF210SHO,common,ENCFF397BRZ,ENCFF210SHO,768,384,0.3,sum_sqrt,RNA:B6NCrl embryonic facial prominence tissue embryo (12.5 days)
ENCFF843AFE+,ENCFF843AFE,+,ENCFF296ORN,ENCFF843AFE,768,384,0.3,sum_sqrt,RNA:B6CASTF1/J left cerebral cortex tissue male (36 days)
ENCFF843AFE-,ENCFF843AFE,-,ENCFF296ORN,ENCFF843AFE,768,384,0.3,sum_sqrt,RNA:B6CASTF1/J left cerebral cortex tissue male (36 days)
ENCFF927QNP,ENCFF927QNP,common,ENCFF580MOK,ENCFF927QNP,768,384,0.3,sum_sqrt,RNA:B6NCrl liver tissue embryo (14.5 days)
ENCFF877PYA+,ENCFF877PYA,+,ENCFF151XGX,ENCFF877PYA,768,384,0.3,sum_sqrt,RNA:C57BL/6J lung tissue female adult (10 weeks)
ENCFF877PYA-,ENCFF877PYA,-,ENCFF151XGX,ENCFF877PYA,768,384,0.3,sum_sqrt,RNA:C57BL/6J lung tissue female adult (10 weeks)
ENCFF675JFB+,ENCFF675JFB,+,ENCFF914GKM,ENCFF675JFB,768,384,0.3,sum_sqrt,RNA:B6CASTF1/J gastrocnemius tissue female (14 days)
ENCFF675JFB-,ENCFF675JFB,-,ENCFF914GKM,ENCFF675JFB,768,384,0.3,sum_sqrt,RNA:B6CASTF1/J gastrocnemius tissue female (14 days)
ENCFF838PEV+,ENCFF838PEV,+,ENCFF182XXS,ENCFF838PEV,768,384,0.3,sum_sqrt,RNA:5xFAD/CAST layer of hippocampus tissue female postnatal (8-10 months)
ENCFF838PEV-,ENCFF838PEV,-,ENCFF182XXS,ENCFF838PEV,768,384,0.3,sum_sqrt,RNA:5xFAD/CAST layer of hippocampus tissue female postnatal (8-10 months)
ENCFF034IPR+,ENCFF034IPR,+,ENCFF279AJU,ENCFF034IPR,768,384,0.3,sum_sqrt,RNA:B6CASTF1/J layer of hippocampus tissue female (10 days)
ENCFF034IPR-,ENCFF034IPR,-,ENCFF279AJU,ENCFF034IPR,768,384,0.3,sum_sqrt,RNA:B6CASTF1/J layer of hippocampus tissue female (10 days)
ENCFF914ZQG,ENCFF914ZQG,common,ENCFF290AKR,ENCFF914ZQG,768,384,0.3,sum_sqrt,RNA:B6NCrl layer of hippocampus tissue adult (6 months)
ENCFF527IMQ,ENCFF527IMQ,common,ENCFF489JNP,ENCFF527IMQ,768,384,0.3,sum_sqrt,RNA:B6NCrl stomach tissue embryo (15.5 days)
ENCFF711HUC,ENCFF711HUC,common,ENCFF962WGQ,ENCFF711HUC,768,384,0.3,sum_sqrt,RNA:B6NCrl midbrain tissue embryo (12.5 days)
ENCFF892JIV+,ENCFF892JIV,+,ENCFF005TUM,ENCFF892JIV,768,384,0.3,sum_sqrt,RNA:B6CASTF1/J layer of hippocampus tissue female (2 months)
ENCFF892JIV-,ENCFF892JIV,-,ENCFF005TUM,ENCFF892JIV,768,384,0.3,sum_sqrt,RNA:B6CASTF1/J layer of hippocampus tissue female (2 months)
ENCFF175ORJ+,ENCFF175ORJ,+,ENCFF580ZUW,ENCFF175ORJ,768,384,0.3,sum_sqrt,RNA:B6CASTF1/J adrenal gland tissue male (4 days)
ENCFF175ORJ-,ENCFF175ORJ,-,ENCFF580ZUW,ENCFF175ORJ,768,384,0.3,sum_sqrt,RNA:B6CASTF1/J adrenal gland tissue male (4 days)
ENCFF830QLY,ENCFF830QLY,common,ENCFF788PBH,ENCFF830QLY,768,384,0.3,sum_sqrt,RNA:B6NCrl hindbrain tissue embryo (13.5 days)
ENCFF042EBZ,ENCFF042EBZ,common,ENCFF979LAQ,ENCFF042EBZ,768,384,0.3,sum_sqrt,RNA:B6NCrl neural tube tissue embryo (14.5 days)
ENCFF893AZR,ENCFF893AZR,common,ENCFF671ZUE,ENCFF893AZR,768,384,0.3,sum_sqrt,RNA:B6NCrl intestine tissue embryo (14.5 days)
ENCFF078POD,ENCFF078POD,common,ENCFF400ONZ,ENCFF078POD,768,384,0.3,sum_sqrt,RNA:B6NCrl hindbrain tissue embryo (10.5 days)
ENCFF695VOZ+,ENCFF695VOZ,+,ENCFF146UOV,ENCFF695VOZ,768,384,0.3,sum_sqrt,RNA:B6CASTF1/J left cerebral cortex tissue female (36 days)
ENCFF695VOZ-,ENCFF695VOZ,-,ENCFF146UOV,ENCFF695VOZ,768,384,0.3,sum_sqrt,RNA:B6CASTF1/J left cerebral cortex tissue female (36 days)
ENCFF737DAD+,ENCFF737DAD,+,ENCFF343WAE,ENCFF737DAD,768,384,0.3,sum_sqrt,RNA:C57BL/6J spleen tissue male adult (10 weeks)
ENCFF737DAD-,ENCFF737DAD,-,ENCFF343WAE,ENCFF737DAD,768,384,0.3,sum_sqrt,RNA:C57BL/6J spleen tissue male adult (10 weeks)
ENCFF391QNQ+,ENCFF391QNQ,+,ENCFF616BJV,ENCFF391QNQ,768,384,0.3,sum_sqrt,RNA:5xFAD/CAST heart tissue female postnatal (8-10 months)
ENCFF391QNQ-,ENCFF391QNQ,-,ENCFF616BJV,ENCFF391QNQ,768,384,0.3,sum_sqrt,RNA:5xFAD/CAST heart tissue female postnatal (8-10 months)
ENCFF403BPJ,ENCFF403BPJ,common,ENCFF080WUQ,ENCFF403BPJ,768,384,0.3,sum_sqrt,RNA:B6NCrl limb tissue embryo (10.5 days)
ENCFF303UCM,ENCFF303UCM,common,ENCFF264AYX,ENCFF303UCM,768,384,0.3,sum_sqrt,RNA:B6NCrl forebrain tissue embryo (13.5 days)
ENCFF116WGN+,ENCFF116WGN,+,ENCFF165PCY,ENCFF116WGN,768,384,0.3,sum_sqrt,RNA:B6CASTF1/J layer of hippocampus tissue male (10 days)
ENCFF116WGN-,ENCFF116WGN,-,ENCFF165PCY,ENCFF116WGN,768,384,0.3,sum_sqrt,RNA:B6CASTF1/J layer of hippocampus tissue male (10 days)
ENCFF570WAR,ENCFF570WAR,common,ENCFF630KND,ENCFF570WAR,768,384,0.3,sum_sqrt,RNA:B6NCrl lung tissue postnatal (0 days)
ENCFF258LLG+,ENCFF258LLG,+,ENCFF028BFD,ENCFF258LLG,768,384,0.3,sum_sqrt,RNA:B6CASTF1/J heart tissue female (2 months)
ENCFF258LLG-,ENCFF258LLG,-,ENCFF028BFD,ENCFF258LLG,768,384,0.3,sum_sqrt,RNA:B6CASTF1/J heart tissue female (2 months)
ENCFF678XDF,ENCFF678XDF,common,ENCFF608JDQ,ENCFF678XDF,768,384,0.3,sum_sqrt,RNA:B6NCrl lung tissue embryo (16.5 days)
ENCFF422YPA+,ENCFF422YPA,+,ENCFF705DKZ,ENCFF422YPA,768,384,0.3,sum_sqrt,RNA:B6CASTF1/J left cerebral cortex tissue male adult (18-20 months)
ENCFF422YPA-,ENCFF422YPA,-,ENCFF705DKZ,ENCFF422YPA,768,384,0.3,sum_sqrt,RNA:B6CASTF1/J left cerebral cortex tissue male adult (18-20 months)
