id,original_id,targets_identifier_base,strand_specificity
ENCFF035CWS,ENCSR094GVZ,ENCFF387UUZ,reverse
ENCFF329ENM,ENCFF672VYQ,ENCFF672VYQ,reverse
ENCFF761SPP,ENCSR561FEE,ENCFF917RKL,reverse
ENCFF731CJY,ENCFF168OLY,ENCFF168OLY,reverse
ENCFF242NRP,ENCFF153YEN,ENCFF153YEN,reverse
ENCFF465EDA,ENCFF366CCB,ENCFF366CCB,reverse
ENCFF152CYS,ENCFF805UDX,ENCFF805UDX,reverse
ENCFF900QOK,ENCFF079OMS,ENCFF079OMS,reverse
ENCFF708BZY,ENCFF114NWW,ENCFF114NWW,reverse
ENCFF225PNB,ENCFF520FAO,ENCFF520FAO,reverse
ENCFF898FAP,ENCFF556PAF,ENCFF556PAF,reverse
ENCFF160GXU,ENCFF618FQK,ENCFF618FQK,reverse
ENCFF342TVX,ENCFF520NFI,ENCFF520NFI,reverse
ENCFF411NXG,ENCFF572FWT,ENCFF572FWT,reverse
ENCFF563OCX,ENCFF470BSF,ENCFF470BSF,reverse
ENCFF729OOW,ENCFF617ZDV,ENCFF617ZDV,reverse
ENCFF381QCU,ENCFF993POP,ENCFF993POP,reverse
ENCFF949BCP,ENCFF678ITA,ENCFF678ITA,reverse
ENCFF140UJC,ENCFF812WIL,ENCFF812WIL,unstranded
ENCFF150MRJ,ENCFF142WGV,ENCFF142WGV,unstranded
ENCFF595XJM,ENCFF980ZHM,ENCFF980ZHM,reverse
ENCFF754JEN,ENCFF132DVY,ENCFF132DVY,reverse
ENCFF219JME,ENCFF919EXM,ENCFF919EXM,reverse
ENCFF864OUS,ENCFF552CYS,ENCFF552CYS,reverse
ENCFF578UUD,ENCFF991BRF,ENCFF991BRF,unstranded
ENCFF688VJF,ENCFF769VLM,ENCFF769VLM,unstranded
ENCFF605GCL,ENCFF638TDD,ENCFF638TDD,reverse
ENCFF087WBL,ENCFF355IUO,ENCFF355IUO,reverse
ENCFF371QMA,ENCFF217HQN,ENCFF217HQN,reverse
ENCFF795IZJ,ENCFF454SXU,ENCFF454SXU,reverse
ENCFF746EQL,ENCFF367PUX,ENCFF367PUX,reverse
ENCFF055STD,ENCFF892OBT,ENCFF892OBT,reverse
ENCFF119BVB,ENCFF537TSF,ENCFF537TSF,reverse
ENCFF876PVW,ENCFF470OAY,ENCFF470OAY,reverse
ENCFF301XTS,ENCFF198TLM,ENCFF198TLM,reverse
ENCFF216IXN,ENCFF768YRQ,ENCFF768YRQ,reverse
ENCFF547WLJ,ENCFF709SZT,ENCFF709SZT,reverse
ENCFF169HKI,ENCFF844XCX,ENCFF844XCX,reverse
ENCFF774CJM,ENCFF175KXC,ENCFF175KXC,reverse
ENCFF936XZJ,ENCFF604YPC,ENCFF604YPC,reverse
ENCFF615MVP,ENCFF592ZIP,ENCFF592ZIP,reverse
ENCFF609EXJ,ENCFF676EVQ,ENCFF676EVQ,reverse
ENCFF433YMU,ENCFF018EZY,ENCFF018EZY,reverse
ENCFF391TNI,ENCFF549SVZ,ENCFF549SVZ,unstranded
ENCFF511EQD,ENCFF263CML,ENCFF263CML,unstranded
ENCFF857QNY,ENCFF882JUS,ENCFF882JUS,unstranded
ENCFF951RYM,ENCFF188RIO,ENCFF188RIO,unstranded
ENCFF562SXG,ENCFF165CZI,ENCFF165CZI,unstranded
ENCFF220IPM,ENCFF755HLM,ENCFF755HLM,unstranded
ENCFF562IUX,ENCFF353TRR,ENCFF353TRR,unstranded
ENCFF396EGD,ENCFF287DGM,ENCFF287DGM,unstranded
ENCFF064NMJ,ENCFF660UBK,ENCFF660UBK,unstranded
ENCFF865UQW,ENCFF353MIF,ENCFF353MIF,unstranded
ENCFF749PME,ENCFF808QXI,ENCFF808QXI,unstranded
ENCFF313MIX,ENCFF181YIA,ENCFF181YIA,unstranded
ENCFF284LBU,ENCFF409JEW,ENCFF409JEW,unstranded
ENCFF925ESW,ENCFF949LLY,ENCFF949LLY,unstranded
ENCFF279CBC,ENCFF038WPL,ENCFF038WPL,unstranded
ENCFF257MUY,ENCFF142KMX,ENCFF142KMX,unstranded
ENCFF507UBT,ENCFF378HTE,ENCFF378HTE,unstranded
ENCFF132XOB,ENCFF450BGT,ENCFF450BGT,unstranded
ENCFF289OVP,ENCFF222BDI,ENCFF222BDI,forward
ENCFF850LBX,ENCFF516KYO,ENCFF516KYO,reverse
ENCFF687OMX,ENCFF575YME,ENCFF575YME,reverse
ENCFF486ABY,ENCFF735EPI,ENCFF735EPI,reverse
ENCFF471OWY,ENCFF829TKX,ENCFF829TKX,reverse
ENCFF311RKY,ENCFF914IXY,ENCFF914IXY,reverse
ENCFF762YBF,ENCFF696CDU,ENCFF696CDU,reverse
ENCFF081FQX,ENCFF501KFP,ENCFF501KFP,reverse
ENCFF128HEW,ENCFF729MSA,ENCFF729MSA,reverse
ENCFF074PZH,ENCFF587OLO,ENCFF587OLO,reverse
ENCFF248IZE,ENCFF888MQS,ENCFF888MQS,reverse
ENCFF675NVY,ENCFF005LKD,ENCFF005LKD,reverse
ENCFF546BFB,ENCFF032IMA,ENCFF032IMA,reverse
ENCFF523SST,ENCFF804BGA,ENCFF804BGA,reverse
ENCFF281BBM,ENCFF431NUC,ENCFF431NUC,reverse
ENCFF947VHW,ENCFF065PJM,ENCFF065PJM,reverse
ENCFF927NZL,ENCFF518DFP,ENCFF518DFP,reverse
ENCFF950KXS,ENCFF119ONM,ENCFF119ONM,reverse
ENCFF119KHR,ENCFF217JSG,ENCFF217JSG,reverse
ENCFF715DGD,ENCFF226FBQ,ENCFF226FBQ,reverse
ENCFF994TIH,ENCFF703WGS,ENCFF703WGS,reverse
ENCFF744KRW,ENCFF664JII,ENCFF664JII,reverse
ENCFF564QXH,ENCFF217KTR,ENCFF217KTR,reverse
ENCFF993NSG,ENCFF983FMY,ENCFF983FMY,reverse
ENCFF118WJD,ENCFF425GMM,ENCFF425GMM,reverse
ENCFF181XMI,ENCFF515VVS,ENCFF515VVS,reverse
ENCFF177JCJ,ENCFF708PAF,ENCFF708PAF,reverse
ENCFF327DXV,ENCFF669RVI,ENCFF669RVI,reverse
ENCFF159NNM,ENCFF795XIC,ENCFF795XIC,reverse
ENCFF204KIH,ENCFF124AUH,ENCFF124AUH,reverse
ENCFF793LYB,ENCFF886LMB,ENCFF886LMB,reverse
ENCFF021ZXF,ENCFF246QLC,ENCFF246QLC,reverse
ENCFF775WKB,ENCFF087WJT,ENCFF087WJT,reverse
ENCFF964FBY,ENCFF717ESE,ENCFF717ESE,reverse
ENCFF009MEF,ENCFF771QOV,ENCFF771QOV,reverse
ENCFF560TMJ,ENCFF096YGQ,ENCFF096YGQ,reverse
ENCFF125YQH,ENCFF229AJQ,ENCFF229AJQ,reverse
ENCFF763NIZ,ENCFF236YOT,ENCFF236YOT,reverse
ENCFF768XGT,ENCFF705NPF,ENCFF705NPF,reverse
ENCFF398LLD,ENCFF031HEW,ENCFF031HEW,reverse
ENCFF437DAI,ENCFF256CAM,ENCFF256CAM,reverse
ENCFF666OAW,ENCFF601EJS,ENCFF601EJS,reverse
ENCFF844QFX,ENCFF297JKU,ENCFF297JKU,reverse
ENCFF026RXV,ENCFF252DFZ,ENCFF252DFZ,reverse
ENCFF808GOE,ENCFF779FMR,ENCFF779FMR,reverse
ENCFF923NFZ,ENCFF653TAB,ENCFF653TAB,reverse
ENCFF120RCC,ENCFF841GMC,ENCFF841GMC,reverse
ENCFF176WEG,ENCFF798NEI,ENCFF798NEI,reverse
ENCFF193JED,ENCFF023YXV,ENCFF023YXV,reverse
ENCFF997ZTN,ENCFF359MTP,ENCFF359MTP,reverse
ENCFF701DRY,ENCFF314QIG,ENCFF314QIG,reverse
ENCFF998VKC,ENCFF953CRN,ENCFF953CRN,reverse
ENCFF175HEN,ENCFF143TXA,ENCFF143TXA,reverse
ENCFF376KFP,ENCFF343FWG,ENCFF343FWG,reverse
ENCFF705LRX,ENCFF804YRV,ENCFF804YRV,reverse
ENCFF935KPA,ENCFF256ZZS,ENCFF256ZZS,reverse
ENCFF266XOR,ENCFF805HMR,ENCFF805HMR,reverse
ENCFF999JNH,ENCFF649CUP,ENCFF649CUP,reverse
ENCFF279CXA,ENCFF233TOO,ENCFF233TOO,reverse
ENCFF512OQU,ENCFF096YBH,ENCFF096YBH,reverse
ENCFF969QLB,ENCFF492ICA,ENCFF492ICA,reverse
ENCFF584ZVO,ENCFF591NKN,ENCFF591NKN,reverse
ENCFF074YUJ,ENCFF723WDG,ENCFF723WDG,reverse
ENCFF498IEF,ENCFF230ZSG,ENCFF230ZSG,reverse
ENCFF872PDN,ENCFF151XTV,ENCFF151XTV,reverse
ENCFF183DAT,ENCFF853JVS,ENCFF853JVS,reverse
ENCFF059EED,ENCFF982YRZ,ENCFF982YRZ,unstranded
ENCFF762IMM,ENCFF594PZM,ENCFF594PZM,unstranded
ENCFF387XMN,ENCFF722OTS,ENCFF722OTS,unstranded
ENCFF881ZVB,ENCFF311UQI,ENCFF311UQI,unstranded
ENCFF728FRI,ENCFF987SCM,ENCFF987SCM,unstranded
ENCFF421USV,ENCFF659BXA,ENCFF659BXA,unstranded
ENCFF074RGC,ENCFF069PST,ENCFF069PST,unstranded
ENCFF398FLG,ENCFF106FBY,ENCFF106FBY,unstranded
ENCFF108DXL,ENCFF543YFY,ENCFF543YFY,unstranded
ENCFF226JAL,ENCFF905ISC,ENCFF905ISC,unstranded
ENCFF534TOF,ENCFF808PHI,ENCFF808PHI,unstranded
ENCFF201YGM,ENCFF036JNR,ENCFF036JNR,unstranded
ENCFF156YPU,ENCFF684NXV,ENCFF684NXV,unstranded
ENCFF357ZHP,ENCFF860AKE,ENCFF860AKE,unstranded
ENCFF323OQO,ENCFF687EZU,ENCFF687EZU,unstranded
ENCFF796WEV,ENCFF587FSZ,ENCFF587FSZ,unstranded
ENCFF410NOU,ENCFF995HXY,ENCFF995HXY,unstranded
ENCFF701OMJ,ENCFF618GYZ,ENCFF618GYZ,unstranded
ENCFF982FSG,ENCFF609GRY,ENCFF609GRY,unstranded
ENCFF853YJN,ENCFF155OWV,ENCFF155OWV,reverse
ENCFF406EWU,ENCFF775NPV,ENCFF775NPV,reverse
ENCFF966CZY,ENCFF357VZF,ENCFF357VZF,reverse
ENCFF961IGN,ENCFF496WON,ENCFF496WON,unstranded
ENCFF624FEC,ENCFF028ZKC,ENCFF028ZKC,unstranded
ENCFF443TQL,ENCFF952CKD,ENCFF952CKD,reverse
ENCFF877NUD,ENCFF233HJC,ENCFF233HJC,reverse
ENCFF812GYC,ENCFF626VIR,ENCFF626VIR,reverse
ENCFF077MDV,ENCFF401YXF,ENCFF401YXF,reverse
ENCFF020WAT,ENCFF354WKE,ENCFF354WKE,unstranded
ENCFF454GHG,ENCFF044XSJ,ENCFF044XSJ,unstranded
ENCFF922XCX,ENCFF796PND,ENCFF796PND,reverse
ENCFF254YHN,ENCFF182JIC,ENCFF182JIC,reverse
ENCFF164FQH,ENCFF579IBH,ENCFF579IBH,reverse
ENCFF679EIY,ENCFF487XUM,ENCFF487XUM,reverse
ENCFF211KHO,ENCFF475JUK,ENCFF475JUK,reverse
ENCFF237ABA,ENCFF438BUG,ENCFF438BUG,unstranded
ENCFF283LWN,ENCFF933QBC,ENCFF933QBC,reverse
ENCFF345YKH,ENCFF008CRB,ENCFF008CRB,reverse
ENCFF482AEE,ENCFF384MPW,ENCFF384MPW,unstranded
ENCFF473DXC,ENCFF444LLL,ENCFF444LLL,reverse
ENCFF013YPF,ENCFF411VWO,ENCFF411VWO,reverse
ENCFF426VSF,ENCFF392VPC,ENCFF392VPC,unstranded
ENCFF155LBU,ENCFF674RUW,ENCFF674RUW,forward
ENCFF187WYJ,ENCFF636VGI,ENCFF636VGI,reverse
ENCFF261TPF,ENCFF789CEJ,ENCFF789CEJ,unstranded
ENCFF242BWW,ENCFF905NZB,ENCFF905NZB,reverse
ENCFF579DSX,ENCFF096UCI,ENCFF096UCI,reverse
ENCFF516KCN,ENCFF639BWZ,ENCFF639BWZ,unstranded
ENCFF718PXS,ENCFF638TAY,ENCFF638TAY,forward
ENCFF340KKR,ENCFF804UGI,ENCFF804UGI,forward
ENCFF363MZD,ENCFF196HWN,ENCFF196HWN,reverse
ENCFF861FRF,ENCFF205IED,ENCFF205IED,unstranded
ENCFF923RZX,ENCFF856SMT,ENCFF856SMT,reverse
ENCFF412SMK,ENCFF035GJD,ENCFF035GJD,reverse
ENCFF171XXN,ENCFF381TII,ENCFF381TII,reverse
ENCFF552ETT,ENCFF994NAN,ENCFF994NAN,reverse
ENCFF789YHW,ENCFF127NDE,ENCFF127NDE,unstranded
ENCFF036XST,ENCFF639UPM,ENCFF639UPM,unstranded
ENCFF923CBT,ENCFF225USB,ENCFF225USB,reverse
ENCFF831NNE,ENCFF840VTO,ENCFF840VTO,unstranded
ENCFF648SGA,ENCFF432ENB,ENCFF432ENB,reverse
ENCFF399UWQ,ENCFF480GYV,ENCFF480GYV,reverse
ENCFF087YYT,ENCFF432CYV,ENCFF432CYV,unstranded
ENCFF808IYB,ENCFF434LID,ENCFF434LID,reverse
ENCFF277QKF,ENCFF073NKN,ENCFF073NKN,unstranded
ENCFF725UBV,ENCFF847OUD,ENCFF847OUD,reverse
ENCFF955YBO,ENCFF894JRG,ENCFF894JRG,unstranded
ENCFF573BJH,ENCFF865FLR,ENCFF865FLR,unstranded
ENCFF249CRP,ENCFF863UAA,ENCFF863UAA,reverse
ENCFF229BRI,ENCFF942QIE,ENCFF942QIE,reverse
ENCFF171VHL,ENCFF071TXL,ENCFF071TXL,reverse
ENCFF037PQJ,ENCFF710BHJ,ENCFF710BHJ,unstranded
ENCFF883VBS,ENCFF689GBG,ENCFF689GBG,unstranded
ENCFF863CHX,ENCFF988EBT,ENCFF988EBT,reverse
ENCFF003QOJ,ENCFF056NWD,ENCFF056NWD,forward
ENCFF481ZHF,ENCFF876APW,ENCFF876APW,unstranded
ENCFF753TAP,ENCFF507FAA,ENCFF507FAA,reverse
ENCFF440ZBY,ENCFF136YVC,ENCFF136YVC,reverse
ENCFF968ZYP,ENCFF478XYM,ENCFF478XYM,unstranded
ENCFF349JGI,ENCFF944XYT,ENCFF944XYT,reverse
ENCFF490PQX,ENCFF417PPZ,ENCFF417PPZ,reverse
ENCFF032FHV,ENCFF122XJD,ENCFF122XJD,reverse
ENCFF203XLE,ENCFF823LKJ,ENCFF823LKJ,reverse
ENCFF464XFU,ENCFF385SAC,ENCFF385SAC,unstranded
ENCFF361SIG,ENCFF132EEP,ENCFF132EEP,unstranded
ENCFF617FDC,ENCFF767MLU,ENCFF767MLU,reverse
ENCFF885ONP,ENCFF195SMK,ENCFF195SMK,unstranded
ENCFF288UDZ,ENCFF996KKA,ENCFF996KKA,unstranded
ENCFF858VUL,ENCFF642WCG,ENCFF642WCG,unstranded
ENCFF113MLN,ENCFF669XAP,ENCFF669XAP,unstranded
ENCFF602HCV,ENCFF962EZE,ENCFF962EZE,reverse
ENCFF613FRB,ENCFF310GNU,ENCFF310GNU,reverse
ENCFF077ICY,ENCFF849ELK,ENCFF849ELK,reverse
ENCFF936VDJ,ENCFF568EVH,ENCFF568EVH,reverse
ENCFF537RGH,ENCFF198IBF,ENCFF198IBF,reverse
ENCFF414AZQ,ENCFF565QRM,ENCFF565QRM,reverse
ENCFF198SVA,ENCFF117HUT,ENCFF117HUT,reverse
ENCFF433FOV,ENCFF105TXB,ENCFF105TXB,reverse
ENCFF702YOB,ENCFF688KBA,ENCFF688KBA,unstranded
ENCFF442JZU,ENCFF477AQU,ENCFF477AQU,reverse
ENCFF227KPV,ENCFF561SVV,ENCFF561SVV,reverse
ENCFF994ERY,ENCFF769QDV,ENCFF769QDV,reverse
ENCFF399AMH,ENCFF908IDY,ENCFF908IDY,reverse
ENCFF054JWH,ENCFF261GFJ,ENCFF261GFJ,forward
ENCFF561ZTT,ENCFF509OMC,ENCFF509OMC,reverse
ENCFF986KFO,ENCFF246RCD,ENCFF246RCD,unstranded
ENCFF972YML,ENCFF359ATD,ENCFF359ATD,reverse
ENCFF277YFP,ENCFF535NFF,ENCFF535NFF,reverse
ENCFF626GVO,ENCFF782HFV,ENCFF782HFV,reverse
ENCFF900LJN,ENCFF259EXX,ENCFF259EXX,unstranded
ENCFF449IHE,ENCFF969VXC,ENCFF969VXC,reverse
ENCFF656QCS,ENCFF669TRH,ENCFF669TRH,reverse
ENCFF137XOQ,ENCFF900MLZ,ENCFF900MLZ,unstranded
ENCFF112TZL,ENCFF664RDQ,ENCFF664RDQ,unstranded
ENCFF866SDL,ENCFF881ITI,ENCFF881ITI,unstranded
ENCFF095ZWS,ENCFF219KLR,ENCFF219KLR,unstranded
ENCFF303NBU,ENCFF695GPR,ENCFF695GPR,reverse
ENCFF415RZK,ENCFF179DDD,ENCFF179DDD,unstranded
ENCFF514LIV,ENCFF013IKJ,ENCFF013IKJ,reverse
ENCFF020OPI,ENCFF681MQA,ENCFF681MQA,unstranded
ENCFF269KFI,ENCFF686YTX,ENCFF686YTX,reverse
ENCFF105LQK,ENCFF995NEF,ENCFF995NEF,unstranded
ENCFF327EHB,ENCFF992HAP,ENCFF992HAP,reverse
ENCFF116EXN,ENCFF154TLD,ENCFF154TLD,unstranded
ENCFF550PKG,ENCFF199BDG,ENCFF199BDG,unstranded
ENCFF469RIZ,ENCFF060EGL,ENCFF060EGL,forward
ENCFF528BZB,ENCFF817FWU,ENCFF817FWU,unstranded
ENCFF662WMN,ENCFF014YFU,ENCFF014YFU,reverse
ENCFF286SDY,ENCFF581ZGH,ENCFF581ZGH,reverse
ENCFF581EJT,ENCFF741HPN,ENCFF741HPN,reverse
ENCFF862VDV,ENCFF837ZJA,ENCFF837ZJA,reverse
ENCFF455BVP,ENCFF542TGZ,ENCFF542TGZ,reverse
ENCFF326WJK,ENCFF046XIT,ENCFF046XIT,forward
ENCFF815CJE,ENCFF371QSS,ENCFF371QSS,reverse
ENCFF736ASV,ENCFF574YPE,ENCFF574YPE,unstranded
ENCFF748WKJ,ENCFF826YBE,ENCFF826YBE,forward
ENCFF553GKS,ENCFF424DIT,ENCFF424DIT,reverse
ENCFF347PMO,ENCFF346QDJ,ENCFF346QDJ,reverse
ENCFF507VWH,ENCFF117JSP,ENCFF117JSP,reverse
ENCFF268IFI,ENCFF290PRJ,ENCFF290PRJ,reverse
ENCFF297UZI,ENCFF767NPP,ENCFF767NPP,reverse
ENCFF796QUF,ENCFF693TJD,ENCFF693TJD,unstranded
ENCFF563CVU,ENCFF117CTU,ENCFF117CTU,unstranded
ENCFF112KWD,ENCFF259TIE,ENCFF259TIE,unstranded
ENCFF221JFY,ENCFF064TTU,ENCFF064TTU,unstranded
ENCFF480GTA,ENCFF772RIQ,ENCFF772RIQ,unstranded
ENCFF838THE,ENCFF648RBX,ENCFF648RBX,unstranded
ENCFF393NNN,ENCFF057IIF,ENCFF057IIF,unstranded
ENCFF745FXG,ENCFF470OCI,ENCFF470OCI,forward
ENCFF142RGB,ENCFF103EZF,ENCFF103EZF,reverse
ENCFF050ASS,ENCFF128YXB,ENCFF128YXB,reverse
ENCFF161DSK,ENCFF401TVK,ENCFF401TVK,unstranded
ENCFF205MGD,ENCFF155PJH,ENCFF155PJH,reverse
ENCFF991IPE,ENCFF625DRX,ENCFF625DRX,reverse
ENCFF402LDH,ENCFF312VKB,ENCFF312VKB,unstranded
ENCFF635OSX,ENCFF837FLM,ENCFF837FLM,reverse
ENCFF031BVI,ENCFF641YCY,ENCFF641YCY,unstranded
ENCFF787LGY,ENCFF008UXK,ENCFF008UXK,reverse
ENCFF891YDA,ENCFF503NGO,ENCFF503NGO,reverse
ENCFF056WDN,ENCFF403DKN,ENCFF403DKN,reverse
ENCFF660EXG,ENCFF908VIH,ENCFF908VIH,reverse
ENCFF504BTR,ENCFF381OQK,ENCFF381OQK,forward
ENCFF989OVC,ENCFF645AYP,ENCFF645AYP,reverse
ENCFF431EBQ,ENCFF196LHX,ENCFF196LHX,reverse
ENCFF192RRP,ENCFF770TOE,ENCFF770TOE,reverse
ENCFF432TWB,ENCFF615IJV,ENCFF615IJV,forward
ENCFF346BRI,ENCFF666KUJ,ENCFF666KUJ,reverse
ENCFF780MVA,ENCFF239BUM,ENCFF239BUM,reverse
ENCFF897OSM,ENCFF744TRY,ENCFF744TRY,forward
ENCFF927OMA,ENCFF583FIC,ENCFF583FIC,unstranded
ENCFF220OHE,ENCFF946ZPT,ENCFF946ZPT,unstranded
ENCFF959SOP,ENCFF393ZMQ,ENCFF393ZMQ,reverse
ENCFF544WEX,ENCFF315BLU,ENCFF315BLU,unstranded
ENCFF383IKA,ENCFF313KNT,ENCFF313KNT,unstranded
ENCFF478OYU,ENCFF474WFJ,ENCFF474WFJ,reverse
ENCFF927DZC,ENCFF864IDH,ENCFF864IDH,reverse
ENCFF021RJG,ENCFF506SFB,ENCFF506SFB,forward
ENCFF238TXN,ENCFF533JTF,ENCFF533JTF,forward
ENCFF105UFI,ENCFF281UGH,ENCFF281UGH,reverse
ENCFF121DHE,ENCFF637ZBG,ENCFF637ZBG,reverse
ENCFF375SZI,ENCFF587USA,ENCFF587USA,reverse
ENCFF046TTE,ENCFF392DAR,ENCFF392DAR,reverse
ENCFF996QEJ,ENCFF037OMX,ENCFF037OMX,reverse
ENCFF712DYB,ENCFF565FPI,ENCFF565FPI,reverse
ENCFF065BDP,ENCFF496QEP,ENCFF496QEP,unstranded
ENCFF421CJK,ENCFF547YEW,ENCFF547YEW,reverse
ENCFF056EWU,ENCFF295JCA,ENCFF295JCA,unstranded
ENCFF219MHK,ENCFF719RAL,ENCFF719RAL,unstranded
ENCFF165GEP,ENCFF189MNY,ENCFF189MNY,reverse
ENCFF011DHD,ENCFF634JRF,ENCFF634JRF,reverse
ENCFF192GLO,ENCFF960QLH,ENCFF960QLH,reverse
ENCFF129TRI,ENCFF185NBE,ENCFF185NBE,reverse
ENCFF620CSI,ENCFF986WTF,ENCFF986WTF,reverse
ENCFF791RZL,ENCFF030JXK,ENCFF030JXK,reverse
ENCFF859EDT,ENCFF713REM,ENCFF713REM,unstranded
ENCFF435CJK,ENCFF151AEP,ENCFF151AEP,unstranded
ENCFF367ONF,ENCFF145OAS,ENCFF145OAS,reverse
ENCFF114UGO,ENCFF430DVF,ENCFF430DVF,reverse
ENCFF450ZKQ,ENCFF047KOP,ENCFF047KOP,forward
ENCFF858LMW,ENCFF557CLI,ENCFF557CLI,unstranded
ENCFF140KVK,ENCFF119XJG,ENCFF119XJG,unstranded
ENCFF888OOZ,ENCFF624DSV,ENCFF624DSV,reverse
ENCFF297RZM,ENCFF560YUT,ENCFF560YUT,unstranded
ENCFF265LJH,ENCFF597XJZ,ENCFF597XJZ,reverse
ENCFF425VKX,ENCFF138GLV,ENCFF138GLV,reverse
ENCFF800VST,ENCFF816BKU,ENCFF816BKU,forward
ENCFF325HWX,ENCFF505JCK,ENCFF505JCK,reverse
ENCFF613JLQ,ENCFF359ITR,ENCFF359ITR,unstranded
ENCFF486YAC,ENCFF629XGV,ENCFF629XGV,reverse
ENCFF177EPU,ENCFF649MKX,ENCFF649MKX,reverse
ENCFF938ZLJ,ENCFF596HNR,ENCFF596HNR,reverse
ENCFF789BAL,ENCFF990MDC,ENCFF990MDC,unstranded
ENCFF016TZA,ENCFF119SVC,ENCFF119SVC,reverse
ENCFF190TYL,ENCFF206GMC,ENCFF206GMC,unstranded
ENCFF191GFJ,ENCFF724LSN,ENCFF724LSN,unstranded
ENCFF588KDY,ENCFF801PRP,ENCFF801PRP,forward
ENCFF673ESC,ENCFF575YIP,ENCFF575YIP,forward
ENCFF594JMI,ENCFF643UKE,ENCFF643UKE,reverse
ENCFF778VQU,ENCFF197PAV,ENCFF197PAV,reverse
ENCFF296ZMF,ENCFF080VEH,ENCFF080VEH,unstranded
ENCFF605CNM,ENCFF319AAP,ENCFF319AAP,unstranded
ENCFF972WIL,ENCFF994HKO,ENCFF994HKO,reverse
ENCFF112KBZ,ENCFF702CEO,ENCFF702CEO,forward
ENCFF052LZO,ENCFF010PER,ENCFF010PER,unstranded
ENCFF013HFB,ENCFF629NUI,ENCFF629NUI,reverse
ENCFF798TOL,ENCFF893RLE,ENCFF893RLE,unstranded
ENCFF549NPG,ENCFF905ARA,ENCFF905ARA,reverse
ENCFF620AGE,ENCFF333KHL,ENCFF333KHL,reverse
ENCFF778CUB,ENCFF022QBF,ENCFF022QBF,reverse
ENCFF316KBH,ENCFF166OEV,ENCFF166OEV,unstranded
ENCFF932XAV,ENCFF766JPS,ENCFF766JPS,reverse
ENCFF523DOF,ENCFF679YQA,ENCFF679YQA,unstranded
ENCFF758PQO,ENCFF995AUL,ENCFF995AUL,reverse
ENCFF736SRJ,ENCFF187QYU,ENCFF187QYU,reverse
ENCFF136ANW,ENCFF301XEH,ENCFF301XEH,reverse
ENCFF784MDF,ENCFF253SBE,ENCFF253SBE,reverse
ENCFF467DPQ,ENCFF032EUU,ENCFF032EUU,unstranded
ENCFF253MOQ,ENCFF462KTY,ENCFF462KTY,reverse
ENCFF069HHK,ENCFF932VPS,ENCFF932VPS,unstranded
ENCFF841HSM,ENCFF228OVL,ENCFF228OVL,unstranded
ENCFF456CLU,ENCFF144GMK,ENCFF144GMK,unstranded
ENCFF509YNY,ENCFF987VHA,ENCFF987VHA,reverse
ENCFF079BOK,ENCFF759YTG,ENCFF759YTG,reverse
ENCFF925TEU,ENCFF482YAE,ENCFF482YAE,unstranded
ENCFF170KFV,ENCFF119GRF,ENCFF119GRF,reverse
ENCFF458TDU,ENCFF856KPS,ENCFF856KPS,unstranded
ENCFF899ITD,ENCFF287LRZ,ENCFF287LRZ,reverse
ENCFF142ERS,ENCFF610DVT,ENCFF610DVT,reverse
ENCFF731FVY,ENCFF635XGR,ENCFF635XGR,reverse
ENCFF769NNF,ENCFF197PEN,ENCFF197PEN,reverse
ENCFF268TKE,ENCFF368ZGL,ENCFF368ZGL,unstranded
ENCFF545HYK,ENCFF290WID,ENCFF290WID,unstranded
ENCFF010XLY,ENCFF527SQU,ENCFF527SQU,reverse
ENCFF490IFU,ENCFF205VDK,ENCFF205VDK,reverse
ENCFF601VFS,ENCFF358XLV,ENCFF358XLV,reverse
ENCFF665ZEN,ENCFF081XYH,ENCFF081XYH,reverse
ENCFF244QEJ,ENCFF853SNW,ENCFF853SNW,unstranded
ENCFF350QYH,ENCFF136ZVX,ENCFF136ZVX,reverse
ENCFF721CKE,ENCFF362PNM,ENCFF362PNM,reverse
ENCFF061GJD,ENCFF167XOI,ENCFF167XOI,unstranded
ENCFF639TBN,ENCFF248QVA,ENCFF248QVA,reverse
ENCFF351KYE,ENCFF733YEJ,ENCFF733YEJ,reverse
ENCFF553VZK,ENCFF939BQK,ENCFF939BQK,reverse
ENCFF236PLH,ENCFF123PSX,ENCFF123PSX,reverse
ENCFF014BZI,ENCFF367NBV,ENCFF367NBV,unstranded
ENCFF794QMR,ENCFF330EUN,ENCFF330EUN,reverse
ENCFF636PCD,ENCFF807KQZ,ENCFF807KQZ,reverse
ENCFF871BDW,ENCFF493OET,ENCFF493OET,reverse
ENCFF750AQK,ENCFF309YCI,ENCFF309YCI,unstranded
ENCFF366OLW,ENCFF407ZDM,ENCFF407ZDM,forward
ENCFF586TED,ENCFF251CIC,ENCFF251CIC,reverse
ENCFF801GDG,ENCFF563MLL,ENCFF563MLL,unstranded
ENCFF886GEY,ENCFF808KRP,ENCFF808KRP,reverse
ENCFF537ODI,ENCFF515TIF,ENCFF515TIF,reverse
ENCFF639KIS,ENCFF251HQX,ENCFF251HQX,unstranded
ENCFF591MXM,ENCFF092QIW,ENCFF092QIW,reverse
ENCFF626WFF,ENCFF474MDU,ENCFF474MDU,reverse
ENCFF207PTC,ENCFF743FLM,ENCFF743FLM,unstranded
ENCFF634ZNK,ENCFF737SYB,ENCFF737SYB,reverse
ENCFF517AWK,ENCFF581PRF,ENCFF581PRF,reverse
ENCFF307KUI,ENCFF035NBN,ENCFF035NBN,reverse
ENCFF183NKR,ENCFF110RPH,ENCFF110RPH,unstranded
ENCFF180UNN,ENCFF188MTB,ENCFF188MTB,forward
ENCFF388ARQ,ENCFF391XHF,ENCFF391XHF,unstranded
ENCFF682BYZ,ENCFF520NHF,ENCFF520NHF,reverse
ENCFF977WIW,ENCFF121ZPH,ENCFF121ZPH,reverse
ENCFF684VAN,ENCFF833YCY,ENCFF833YCY,reverse
ENCFF664WLU,ENCFF210MJF,ENCFF210MJF,reverse
ENCFF754DFT,ENCFF103NIX,ENCFF103NIX,reverse
ENCFF071WUF,ENCFF774PKK,ENCFF774PKK,reverse
ENCFF409JJL,ENCFF261LJW,ENCFF261LJW,forward
ENCFF308PAX,ENCFF169FHE,ENCFF169FHE,reverse
ENCFF566TZW,ENCFF472LKR,ENCFF472LKR,unstranded
ENCFF704OQQ,ENCFF671DKT,ENCFF671DKT,reverse
ENCFF463UYL,ENCFF957KMU,ENCFF957KMU,unstranded
ENCFF894UNP,ENCFF237QNH,ENCFF237QNH,reverse
ENCFF164HRL,ENCFF603PIL,ENCFF603PIL,reverse
ENCFF749LPZ,ENCFF841CUM,ENCFF841CUM,reverse
ENCFF130XAM,ENCFF121WXQ,ENCFF121WXQ,forward
ENCFF032LLH,ENCFF030XBO,ENCFF030XBO,reverse
ENCFF410AMW,ENCFF224GPU,ENCFF224GPU,unstranded
ENCFF874MDG,ENCFF327YQU,ENCFF327YQU,reverse
ENCFF124OIZ,ENCFF214DTC,ENCFF214DTC,reverse
ENCFF690TCE,ENCFF804LUI,ENCFF804LUI,reverse
ENCFF837QWO,ENCFF542BVY,ENCFF542BVY,reverse
ENCFF332DXT,ENCFF498TQF,ENCFF498TQF,reverse
ENCFF749KBP,ENCFF634WOM,ENCFF634WOM,reverse
ENCFF434RYT,ENCFF436OWO,ENCFF436OWO,unstranded
ENCFF711RTC,ENCFF283IQC,ENCFF283IQC,forward
ENCFF915KEU,ENCFF263KEJ,ENCFF263KEJ,reverse
ENCFF603VKW,ENCFF286TKQ,ENCFF286TKQ,reverse
ENCFF306WQW,ENCFF318EJE,ENCFF318EJE,reverse
ENCFF747VOJ,ENCFF223MUU,ENCFF223MUU,unstranded
ENCFF973GKK,ENCFF992XOR,ENCFF992XOR,reverse
ENCFF930ZEP,ENCFF064BKZ,ENCFF064BKZ,forward
ENCFF913IDF,ENCFF735XXE,ENCFF735XXE,unstranded
ENCFF423UFR,ENCFF884TVR,ENCFF884TVR,unstranded
ENCFF298BEF,ENCFF144BNP,ENCFF144BNP,reverse
ENCFF716MCB,ENCFF163BTT,ENCFF163BTT,forward
ENCFF857JQM,ENCFF561TMR,ENCFF561TMR,reverse
ENCFF462RXW,ENCFF911JBW,ENCFF911JBW,reverse
ENCFF799LEP,ENCFF291GNY,ENCFF291GNY,reverse
ENCFF569RLX,ENCFF213LRI,ENCFF213LRI,reverse
ENCFF346KED,ENCFF400CHK,ENCFF400CHK,reverse
ENCFF781JKV,ENCFF685FCX,ENCFF685FCX,reverse
ENCFF149EVF,ENCFF947KGU,ENCFF947KGU,unstranded
ENCFF083LBA,ENCFF715SXQ,ENCFF715SXQ,reverse
ENCFF104GYY,ENCFF697OAU,ENCFF697OAU,reverse
ENCFF988PCJ,ENCFF263ZRO,ENCFF263ZRO,reverse
ENCFF007UXU,ENCFF181QTI,ENCFF181QTI,reverse
ENCFF575MUZ,ENCFF470HTA,ENCFF470HTA,unstranded
ENCFF751UKE,ENCFF952UWM,ENCFF952UWM,unstranded
ENCFF273EQI,ENCFF535TIX,ENCFF535TIX,reverse
ENCFF995LYR,ENCFF143EWZ,ENCFF143EWZ,unstranded
ENCFF692RMR,ENCFF089GUP,ENCFF089GUP,unstranded
ENCFF171AXG,ENCFF849BKN,ENCFF849BKN,reverse
ENCFF400TSJ,ENCFF388QFN,ENCFF388QFN,reverse
ENCFF175STH,ENCFF845DJW,ENCFF845DJW,reverse
ENCFF330JFM,ENCFF754ZRA,ENCFF754ZRA,reverse
ENCFF125ERZ,ENCFF560FVE,ENCFF560FVE,reverse
ENCFF144LMJ,ENCFF672AXQ,ENCFF672AXQ,reverse
ENCFF041WVF,ENCFF280YRS,ENCFF280YRS,reverse
ENCFF282IAK,ENCFF833QMT,ENCFF833QMT,reverse
ENCFF822FJL,ENCFF089SDX,ENCFF089SDX,reverse
ENCFF840FOM,ENCFF693XEN,ENCFF693XEN,unstranded
ENCFF139LFK,ENCFF672RNN,ENCFF672RNN,reverse
ENCFF464YAZ,ENCFF709QRA,ENCFF709QRA,reverse
ENCFF960KHZ,ENCFF344YVW,ENCFF344YVW,unstranded
ENCFF707HGU,ENCFF849FLT,ENCFF849FLT,unstranded
ENCFF974GKV,ENCFF901ATL,ENCFF901ATL,reverse
ENCFF871GKI,ENCFF069OIK,ENCFF069OIK,reverse
ENCFF315VRZ,ENCFF113MGH,ENCFF113MGH,reverse
ENCFF368STN,ENCFF007LJG,ENCFF007LJG,unstranded
ENCFF687CCF,ENCFF101SYV,ENCFF101SYV,reverse
ENCFF741LDL,ENCFF646ZZQ,ENCFF646ZZQ,reverse
ENCFF869NOC,ENCFF298CPL,ENCFF298CPL,unstranded
ENCFF206UJZ,ENCFF636BRP,ENCFF636BRP,forward
ENCFF729KWM,ENCFF790DEA,ENCFF790DEA,reverse
ENCFF023CIG,ENCFF709BGZ,ENCFF709BGZ,unstranded
ENCFF473RTG,ENCFF257QQB,ENCFF257QQB,forward
ENCFF619SBF,ENCFF982JPV,ENCFF982JPV,reverse
ENCFF318GOT,ENCFF808EKP,ENCFF808EKP,reverse
ENCFF831FJE,ENCFF876MLB,ENCFF876MLB,unstranded
ENCFF112DAY,ENCFF684FER,ENCFF684FER,reverse
ENCFF844XOY,ENCFF089BOJ,ENCFF089BOJ,unstranded
ENCFF862OYJ,ENCFF844CIZ,ENCFF844CIZ,unstranded
ENCFF275GIO,ENCFF713ZMW,ENCFF713ZMW,unstranded
ENCFF022TTZ,ENCFF728QLF,ENCFF728QLF,unstranded
ENCFF483ZFP,ENCFF410QZX,ENCFF410QZX,reverse
ENCFF781CJU,ENCFF150UWD,ENCFF150UWD,forward
ENCFF736WER,ENCFF707WTD,ENCFF707WTD,reverse
ENCFF645UVR,ENCFF146DMX,ENCFF146DMX,unstranded
ENCFF332PZB,ENCFF085JXX,ENCFF085JXX,unstranded
ENCFF834DDE,ENCFF866JMO,ENCFF866JMO,forward
ENCFF460RWK,ENCFF274TDF,ENCFF274TDF,reverse
ENCFF529NEA,ENCFF565XVW,ENCFF565XVW,reverse
ENCFF132MTE,ENCFF744BTD,ENCFF744BTD,forward
ENCFF403LSP,ENCFF488KNY,ENCFF488KNY,unstranded
ENCFF740YZB,ENCFF917RKL,ENCFF917RKL,reverse
ENCFF232IBG,ENCFF951UGT,ENCFF951UGT,unstranded
ENCFF349PBM,ENCFF104NDB,ENCFF104NDB,reverse
ENCFF223MRJ,ENCFF233HOM,ENCFF233HOM,reverse
ENCFF124RNM,ENCFF047ADC,ENCFF047ADC,unstranded
ENCFF689EMS,ENCFF637ANZ,ENCFF637ANZ,reverse
ENCFF439UJD,ENCFF218MMR,ENCFF218MMR,reverse
ENCFF494KRC,ENCFF898IHN,ENCFF898IHN,reverse
ENCFF263KMC,ENCFF212QRL,ENCFF212QRL,unstranded
ENCFF951AHR,ENCFF025THJ,ENCFF025THJ,reverse
ENCFF958PFC,ENCFF231VPQ,ENCFF231VPQ,reverse
ENCFF786QNE,ENCFF387SJN,ENCFF387SJN,unstranded
ENCFF093TCK,ENCFF462KBX,ENCFF462KBX,reverse
ENCFF811SRP,ENCFF254PWG,ENCFF254PWG,unstranded
ENCFF172JEE,ENCFF470VWE,ENCFF470VWE,unstranded
ENCFF765XAK,ENCFF788FRD,ENCFF788FRD,reverse
ENCFF572PHO,ENCFF228AHT,ENCFF228AHT,reverse
ENCFF403IZE,ENCFF591XND,ENCFF591XND,reverse
ENCFF750OOP,ENCFF201RLE,ENCFF201RLE,unstranded
ENCFF293WHV,ENCFF304TWT,ENCFF304TWT,reverse
ENCFF083EOC,ENCFF731FYT,ENCFF731FYT,reverse
ENCFF556DGW,ENCFF568PWV,ENCFF568PWV,unstranded
ENCFF494BJO,ENCFF034RBU,ENCFF034RBU,reverse
ENCFF178JTH,ENCFF426JDT,ENCFF426JDT,unstranded
ENCFF087TPO,ENCFF086SRN,ENCFF086SRN,reverse
ENCFF254FOW,ENCFF827UHC,ENCFF827UHC,reverse
ENCFF342CXC,ENCFF199MXA,ENCFF199MXA,reverse
ENCFF648WGJ,ENCFF407ZDP,ENCFF407ZDP,reverse
ENCFF327AIS,ENCFF018NXB,ENCFF018NXB,unstranded
ENCFF068AID,ENCFF455CDH,ENCFF455CDH,reverse
ENCFF500TSS,ENCFF297NQG,ENCFF297NQG,reverse
ENCFF986ZVF,ENCFF065NBH,ENCFF065NBH,unstranded
ENCFF470QLH,ENCFF007ZBY,ENCFF007ZBY,reverse
ENCFF963QMF,ENCFF097CWH,ENCFF097CWH,reverse
ENCFF833WFD,ENCFF585HTZ,ENCFF585HTZ,reverse
ENCFF642CAM,ENCFF458QQU,ENCFF458QQU,reverse
ENCFF366NYN,ENCFF973BSN,ENCFF973BSN,reverse
ENCFF434HUT,ENCFF383RPD,ENCFF383RPD,reverse
ENCFF273YOG,ENCFF824QUG,ENCFF824QUG,unstranded
ENCFF660RNB,ENCFF592XZA,ENCFF592XZA,unstranded
ENCFF434GPZ,ENCFF733JPK,ENCFF733JPK,reverse
ENCFF736BIN,ENCFF808SDN,ENCFF808SDN,reverse
ENCFF921NQC,ENCFF086IIB,ENCFF086IIB,reverse
ENCFF828ZID,ENCFF091AGW,ENCFF091AGW,reverse
ENCFF033KAE,ENCFF983RQU,ENCFF983RQU,reverse
ENCFF932PGT,ENCFF296HLN,ENCFF296HLN,reverse
ENCFF416UGY,ENCFF482BDQ,ENCFF482BDQ,reverse
ENCFF391HHX,ENCFF814YUZ,ENCFF814YUZ,forward
ENCFF393JBM,ENCFF045ZHZ,ENCFF045ZHZ,reverse
ENCFF979GXG,ENCFF275DKR,ENCFF275DKR,reverse
ENCFF754RSP,ENCFF365LTY,ENCFF365LTY,unstranded
ENCFF028IUE,ENCFF544ZDA,ENCFF544ZDA,forward
ENCFF993TGD,ENCFF848ZVQ,ENCFF848ZVQ,unstranded
ENCFF740XHN,ENCFF368FFC,ENCFF368FFC,forward
ENCFF173SBL,ENCFF889JRS,ENCFF889JRS,reverse
ENCFF307MUN,ENCFF857GII,ENCFF857GII,reverse
ENCFF874CFD,ENCFF702XYL,ENCFF702XYL,reverse
ENCFF869NRO,ENCFF304ZAM,ENCFF304ZAM,reverse
ENCFF570HXT,ENCFF196UHI,ENCFF196UHI,reverse
ENCFF520VKI,ENCFF519CVR,ENCFF519CVR,unstranded
ENCFF424STR,ENCFF185FBE,ENCFF185FBE,reverse
ENCFF348EEJ,ENCFF125TVD,ENCFF125TVD,reverse
ENCFF909YYJ,ENCFF844TIV,ENCFF844TIV,reverse
ENCFF039WAK,ENCFF443EQZ,ENCFF443EQZ,forward
ENCFF452CER,ENCFF893OBW,ENCFF893OBW,unstranded
ENCFF754HOS,ENCFF168WRO,ENCFF168WRO,reverse
ENCFF909UQE,ENCFF807FQZ,ENCFF807FQZ,reverse
ENCFF978LMC,ENCFF497DVM,ENCFF497DVM,unstranded
ENCFF869JAO,ENCFF492KPL,ENCFF492KPL,reverse
ENCFF256NJU,ENCFF190ZWO,ENCFF190ZWO,reverse
ENCFF524SRR,ENCFF784RHW,ENCFF784RHW,reverse
ENCFF392JWL,ENCFF402SEK,ENCFF402SEK,reverse
ENCFF135TQB,ENCFF851BGA,ENCFF851BGA,forward
ENCFF454HPK,ENCFF940DUI,ENCFF940DUI,unstranded
ENCFF188LLF,ENCFF325GTZ,ENCFF325GTZ,unstranded
ENCFF863PGO,ENCFF248FOA,ENCFF248FOA,unstranded
ENCFF688QOM,ENCFF985BPB,ENCFF985BPB,reverse
ENCFF450ZEW,ENCFF643ZAD,ENCFF643ZAD,reverse
ENCFF156SVV,ENCFF565FOF,ENCFF565FOF,unstranded
ENCFF477ENL,ENCFF532MCC,ENCFF532MCC,unstranded
ENCFF118PSU,ENCFF340TAG,ENCFF340TAG,reverse
ENCFF322DJR,ENCFF064KKA,ENCFF064KKA,reverse
ENCFF015XFX,ENCFF544MJM,ENCFF544MJM,reverse
ENCFF050LMR,ENCFF838WFU,ENCFF838WFU,unstranded
ENCFF297LUV,ENCFF267DQT,ENCFF267DQT,reverse
ENCFF295QVP,ENCFF166WWA,ENCFF166WWA,reverse
ENCFF588IFD,ENCFF662LZH,ENCFF662LZH,unstranded
ENCFF619BDM,ENCFF082CYK,ENCFF082CYK,unstranded
ENCFF917GNV,ENCFF334KVA,ENCFF334KVA,reverse
ENCFF845KUN,ENCFF205MJV,ENCFF205MJV,reverse
ENCFF160LHN,ENCFF134ALH,ENCFF134ALH,reverse
ENCFF081EIW,ENCFF652PJM,ENCFF652PJM,unstranded
ENCFF702UDE,ENCFF927ANS,ENCFF927ANS,reverse
ENCFF331ZBL,ENCFF632MAZ,ENCFF632MAZ,reverse
ENCFF600THC,ENCFF940PJY,ENCFF940PJY,reverse
ENCFF024KOW,ENCFF221JZR,ENCFF221JZR,reverse
ENCFF963NNL,ENCFF730BTN,ENCFF730BTN,forward
ENCFF766TYC,ENCFF087ORU,ENCFF087ORU,reverse
ENCFF461FQU,ENCFF101ASV,ENCFF101ASV,reverse
ENCFF394QNK,ENCFF610OAY,ENCFF610OAY,unstranded
ENCFF709FXM,ENCFF930CLZ,ENCFF930CLZ,unstranded
ENCFF651TEC,ENCFF854EBH,ENCFF854EBH,reverse
ENCFF903TQS,ENCFF633OPC,ENCFF633OPC,forward
ENCFF212BAZ,ENCFF759QTQ,ENCFF759QTQ,unstranded
ENCFF650GXU,ENCFF629GCT,ENCFF629GCT,unstranded
ENCFF758MCH,ENCFF777ZZR,ENCFF777ZZR,forward
ENCFF503KWI,ENCFF911IWQ,ENCFF911IWQ,reverse
ENCFF832TVV,ENCFF771JBV,ENCFF771JBV,unstranded
ENCFF308FKQ,ENCFF920HIF,ENCFF920HIF,reverse
ENCFF729LDK,ENCFF811FXS,ENCFF811FXS,reverse
ENCFF812ADO,ENCFF970CQA,ENCFF970CQA,unstranded
ENCFF381SDS,ENCFF112IXW,ENCFF112IXW,reverse
ENCFF496RMH,ENCFF155PWD,ENCFF155PWD,forward
ENCFF431JUO,ENCFF697OJB,ENCFF697OJB,reverse
ENCFF751CUI,ENCFF350OVE,ENCFF350OVE,reverse
ENCFF464VYE,ENCFF481AMD,ENCFF481AMD,reverse
ENCFF883VNR,ENCFF597SVD,ENCFF597SVD,reverse
ENCFF361XCF,ENCFF504JQU,ENCFF504JQU,reverse
ENCFF016ISI,ENCFF751PQP,ENCFF751PQP,reverse
ENCFF429AJA,ENCFF753LZJ,ENCFF753LZJ,unstranded
ENCFF051CMQ,ENCFF900XSJ,ENCFF900XSJ,reverse
ENCFF597WFU,ENCFF590WBY,ENCFF590WBY,unstranded
ENCFF325WCG,ENCFF457QEG,ENCFF457QEG,unstranded
ENCFF572ROX,ENCFF817LFV,ENCFF817LFV,unstranded
ENCFF929WCF,ENCFF381OAF,ENCFF381OAF,reverse
ENCFF999KLY,ENCFF629VCP,ENCFF629VCP,reverse
ENCFF477IRF,ENCFF274KQB,ENCFF274KQB,unstranded
ENCFF399SSG,ENCFF558ZAJ,ENCFF558ZAJ,unstranded
ENCFF342IWO,ENCFF553LFH,ENCFF553LFH,reverse
ENCFF075TVU,ENCFF056UVT,ENCFF056UVT,forward
ENCFF876NLM,ENCFF206OGU,ENCFF206OGU,reverse
ENCFF816UQV,ENCFF682NDW,ENCFF682NDW,reverse
ENCFF754VNA,ENCFF689BPI,ENCFF689BPI,unstranded
ENCFF947KLU,ENCFF008POE,ENCFF008POE,reverse
ENCFF223PWH,ENCFF056FRZ,ENCFF056FRZ,reverse
ENCFF422QXZ,ENCFF349IKE,ENCFF349IKE,reverse
ENCFF533ZSU,ENCFF012MMA,ENCFF012MMA,unstranded
ENCFF824XSK,ENCFF193HUI,ENCFF193HUI,unstranded
ENCFF503ORS,ENCFF988LZV,ENCFF988LZV,unstranded
ENCFF263CRG,ENCFF541ZMB,ENCFF541ZMB,reverse
ENCFF507PUQ,ENCFF099RCL,ENCFF099RCL,unstranded
ENCFF069HBW,ENCFF024MEB,ENCFF024MEB,reverse
ENCFF034BJH,ENCFF498CLL,ENCFF498CLL,unstranded
ENCFF373DVQ,ENCFF382VRE,ENCFF382VRE,reverse
ENCFF216XVM,ENCFF386YGS,ENCFF386YGS,reverse
ENCFF236XOK,ENCFF133LYJ,ENCFF133LYJ,reverse
ENCFF823ABI,ENCFF343JCX,ENCFF343JCX,unstranded
ENCFF503ZRB,ENCFF366WMR,ENCFF366WMR,unstranded
ENCFF015GRH,ENCFF851XAJ,ENCFF851XAJ,reverse
ENCFF996NCW,ENCFF270YAA,ENCFF270YAA,reverse
ENCFF653DJK,ENCFF958WEW,ENCFF958WEW,reverse
ENCFF336XCO,ENCFF295UWT,ENCFF295UWT,unstranded
ENCFF437BXM,ENCFF502RUV,ENCFF502RUV,reverse
ENCFF517DMU,ENCFF259EZH,ENCFF259EZH,unstranded
ENCFF499ZFI,ENCFF462CKY,ENCFF462CKY,reverse
ENCFF778QGB,ENCFF813JFQ,ENCFF813JFQ,forward
ENCFF514FND,ENCFF333ENA,ENCFF333ENA,reverse
ENCFF022GUW,ENCFF924CJI,ENCFF924CJI,unstranded
ENCFF114LDR,ENCFF734UPN,ENCFF734UPN,forward
ENCFF030ORH,ENCFF050ROK,ENCFF050ROK,unstranded
ENCFF932MJL,ENCFF312ZLI,ENCFF312ZLI,reverse
ENCFF795UGM,ENCFF794ZUR,ENCFF794ZUR,forward
ENCFF899AKM,ENCFF145JTX,ENCFF145JTX,reverse
ENCFF589ZCF,ENCFF532KPO,ENCFF532KPO,reverse
ENCFF674NHA,ENCFF321EHO,ENCFF321EHO,reverse
ENCFF027FUC,ENCFF722TDX,ENCFF722TDX,reverse
ENCFF895OOC,ENCFF542OVF,ENCFF542OVF,reverse
ENCFF402HRB,ENCFF718DUW,ENCFF718DUW,reverse
ENCFF990XSZ,ENCFF980FZG,ENCFF980FZG,reverse
ENCFF729UTH,ENCFF875RMF,ENCFF875RMF,unstranded
ENCFF945GRJ,ENCFF483IQJ,ENCFF483IQJ,unstranded
ENCFF572UZE,ENCFF466NAU,ENCFF466NAU,unstranded
ENCFF818YGY,ENCFF347OLB,ENCFF347OLB,unstranded
ENCFF171EQY,ENCFF372DGR,ENCFF372DGR,reverse
ENCFF161XMM,ENCFF495AAX,ENCFF495AAX,reverse
ENCFF290MLG,ENCFF458ASG,ENCFF458ASG,reverse
ENCFF015QYZ,ENCFF818BRP,ENCFF818BRP,reverse
ENCFF533BDU,ENCFF573JBK,ENCFF573JBK,reverse
ENCFF118YUM,ENCFF740HBZ,ENCFF740HBZ,reverse
ENCFF068EDD,ENCFF903PTH,ENCFF903PTH,unstranded
ENCFF709WUU,ENCFF711RSC,ENCFF711RSC,reverse
ENCFF142EIF,ENCFF840DDQ,ENCFF840DDQ,reverse
ENCFF608CTI,ENCFF403PZE,ENCFF403PZE,reverse
ENCFF471RGW,ENCFF045JED,ENCFF045JED,reverse
ENCFF800HIP,ENCFF509KPQ,ENCFF509KPQ,reverse
ENCFF711AJY,ENCFF745TWT,ENCFF745TWT,unstranded
ENCFF268FYN,ENCFF595CZA,ENCFF595CZA,reverse
ENCFF989WGG,ENCFF929RPC,ENCFF929RPC,reverse
ENCFF201DYZ,ENCFF577ZXA,ENCFF577ZXA,reverse
ENCFF577LGC,ENCFF118XUB,ENCFF118XUB,reverse
ENCFF766RZP,ENCFF589DYO,ENCFF589DYO,reverse
ENCFF947ZLB,ENCFF333QAU,ENCFF333QAU,unstranded
ENCFF347RJG,ENCFF553FQR,ENCFF553FQR,reverse
ENCFF835HKJ,ENCFF512AIP,ENCFF512AIP,reverse
ENCFF589IWR,ENCFF668DGV,ENCFF668DGV,reverse
ENCFF774EMQ,ENCFF237XXC,ENCFF237XXC,reverse
ENCFF364ACD,ENCFF368TTD,ENCFF368TTD,reverse
ENCFF031DLO,ENCFF863HRX,ENCFF863HRX,reverse
ENCFF859XYK,ENCFF999ARF,ENCFF999ARF,reverse
ENCFF057NDA,ENCFF463TDW,ENCFF463TDW,unstranded
ENCFF307EFI,ENCFF685VLN,ENCFF685VLN,unstranded
ENCFF368KFI,ENCFF203UBD,ENCFF203UBD,reverse
ENCFF537SFY,ENCFF918AOG,ENCFF918AOG,unstranded
ENCFF174WLB,ENCFF255CRM,ENCFF255CRM,reverse
ENCFF859KDV,ENCFF734OLC,ENCFF734OLC,forward
ENCFF202OLF,ENCFF563AJC,ENCFF563AJC,reverse
ENCFF413URT,ENCFF756IDW,ENCFF756IDW,reverse
ENCFF357GHN,ENCFF818TKM,ENCFF818TKM,reverse
ENCFF981VRR,ENCFF918QTH,ENCFF918QTH,reverse
ENCFF074LKL,ENCFF444MUM,ENCFF444MUM,unstranded
ENCFF888ASC,ENCFF593EJA,ENCFF593EJA,reverse
ENCFF502SIL,ENCFF108RDF,ENCFF108RDF,reverse
ENCFF627KXO,ENCFF238NVT,ENCFF238NVT,unstranded
ENCFF016NWL,ENCFF946QQD,ENCFF946QQD,unstranded
ENCFF607HBH,ENCFF490SYS,ENCFF490SYS,unstranded
ENCFF593OHC,ENCFF837YDW,ENCFF837YDW,reverse
ENCFF548QRY,ENCFF300QBN,ENCFF300QBN,forward
ENCFF493JUC,ENCFF104DTS,ENCFF104DTS,unstranded
ENCFF087TLW,ENCFF551UCO,ENCFF551UCO,unstranded
ENCFF376ALQ,ENCFF853VJV,ENCFF853VJV,reverse
ENCFF012XRF,ENCFF726WTR,ENCFF726WTR,reverse
ENCFF583MKM,ENCFF458XQS,ENCFF458XQS,unstranded
ENCFF635SRJ,ENCFF193HXZ,ENCFF193HXZ,reverse
ENCFF598QLB,ENCFF289VET,ENCFF289VET,unstranded
ENCFF545SNN,ENCFF858QRQ,ENCFF858QRQ,reverse
ENCFF458YKY,ENCFF096CZT,ENCFF096CZT,reverse
ENCFF808UYE,ENCFF701JUX,ENCFF701JUX,reverse
ENCFF210MFP,ENCFF571AFR,ENCFF571AFR,reverse
ENCFF659DTI,ENCFF163AGZ,ENCFF163AGZ,reverse
ENCFF325DUK,ENCFF318MTJ,ENCFF318MTJ,reverse
ENCFF471MIL,ENCFF432UNL,ENCFF432UNL,unstranded
ENCFF921KHI,ENCFF717QBH,ENCFF717QBH,unstranded
ENCFF992CSK,ENCFF278EZT,ENCFF278EZT,reverse
ENCFF036PUS,ENCFF990JTR,ENCFF990JTR,reverse
ENCFF053HTJ,ENCFF279MVV,ENCFF279MVV,unstranded
ENCFF970LTI,ENCFF343WYY,ENCFF343WYY,unstranded
ENCFF123KIW,ENCFF649RYB,ENCFF649RYB,reverse
ENCFF807EUQ,ENCFF982WYX,ENCFF982WYX,reverse
ENCFF379NOY,ENCFF031QGE,ENCFF031QGE,reverse
ENCFF839YOI,ENCFF168RPD,ENCFF168RPD,unstranded
ENCFF264PUE,ENCFF873UUS,ENCFF873UUS,reverse
ENCFF403CJU,ENCFF734VZN,ENCFF734VZN,reverse
ENCFF794ZMP,ENCFF801IUE,ENCFF801IUE,reverse
ENCFF705GQQ,ENCFF473FLK,ENCFF473FLK,unstranded
ENCFF007QAS,ENCFF297UUV,ENCFF297UUV,reverse
ENCFF003KHL,ENCFF860TYK,ENCFF860TYK,unstranded
ENCFF485UZF,ENCFF544TFG,ENCFF544TFG,reverse
ENCFF426WCQ,ENCFF353PFR,ENCFF353PFR,reverse
ENCFF630BFB,ENCFF496TSR,ENCFF496TSR,unstranded
ENCFF413SRE,ENCFF726SGF,ENCFF726SGF,unstranded
ENCFF171ROO,ENCFF359MDK,ENCFF359MDK,reverse
ENCFF109HYO,ENCFF430NYX,ENCFF430NYX,reverse
ENCFF639PCM,ENCFF318UAJ,ENCFF318UAJ,reverse
ENCFF336DIW,ENCFF880GSS,ENCFF880GSS,unstranded
ENCFF058RCR,ENCFF358IQV,ENCFF358IQV,reverse
ENCFF724FPA,ENCFF426XDX,ENCFF426XDX,reverse
ENCFF929VCO,ENCFF107LSA,ENCFF107LSA,reverse
ENCFF327HID,ENCFF043VUO,ENCFF043VUO,reverse
ENCFF608PXO,ENCFF124RPC,ENCFF124RPC,reverse
ENCFF146RKB,ENCFF403HKJ,ENCFF403HKJ,reverse
ENCFF068XDC,ENCFF965MBA,ENCFF965MBA,reverse
ENCFF385HGM,ENCFF123BBC,ENCFF123BBC,forward
ENCFF300UEL,ENCFF891ALA,ENCFF891ALA,reverse
ENCFF149ZCL,ENCFF974VUT,ENCFF974VUT,reverse
ENCFF305GBQ,ENCFF150XAC,ENCFF150XAC,reverse
ENCFF754GOU,ENCFF046NXJ,ENCFF046NXJ,unstranded
ENCFF282HGY,ENCFF688MII,ENCFF688MII,unstranded
ENCFF593UAU,ENCFF604EYK,ENCFF604EYK,unstranded
ENCFF938SSN,ENCFF831HGM,ENCFF831HGM,reverse
ENCFF867XTN,ENCFF484JKA,ENCFF484JKA,unstranded
ENCFF556PRT,ENCFF850SIL,ENCFF850SIL,reverse
ENCFF647OOT,ENCFF956EIE,ENCFF956EIE,unstranded
ENCFF734HKW,ENCFF413WXI,ENCFF413WXI,reverse
ENCFF865RLR,ENCFF315ODV,ENCFF315ODV,unstranded
ENCFF844BKK,ENCFF526ILL,ENCFF526ILL,reverse
ENCFF878VKZ,ENCFF346AHI,ENCFF346AHI,unstranded
ENCFF540JTZ,ENCFF568QQJ,ENCFF568QQJ,reverse
ENCFF364SJR,ENCFF333PSK,ENCFF333PSK,unstranded
ENCFF209KLC,ENCFF480XQC,ENCFF480XQC,unstranded
ENCFF260TWU,ENCFF496YJK,ENCFF496YJK,reverse
ENCFF146AHC,ENCFF095UOA,ENCFF095UOA,reverse
ENCFF923JKS,ENCFF366NWQ,ENCFF366NWQ,unstranded
ENCFF149IIB,ENCFF995SOX,ENCFF995SOX,reverse
ENCFF634BHM,ENCFF238RLU,ENCFF238RLU,unstranded
ENCFF085STG,ENCFF882KEH,ENCFF882KEH,unstranded
ENCFF048JQQ,ENCFF314QAJ,ENCFF314QAJ,forward
ENCFF728GIC,ENCFF497QCQ,ENCFF497QCQ,reverse
ENCFF135UJT,ENCFF623LHV,ENCFF623LHV,unstranded
ENCFF131NXJ,ENCFF825QDH,ENCFF825QDH,reverse
ENCFF412NFZ,ENCFF874FQG,ENCFF874FQG,unstranded
ENCFF928EJA,ENCFF045DIU,ENCFF045DIU,reverse
ENCFF010UKB,ENCFF974CXF,ENCFF974CXF,reverse
ENCFF197IPB,ENCFF937GHU,ENCFF937GHU,unstranded
ENCFF068ZME,ENCFF050OBT,ENCFF050OBT,unstranded
ENCFF544VDM,ENCFF373WQE,ENCFF373WQE,reverse
ENCFF572SPV,ENCFF599BTC,ENCFF599BTC,reverse
ENCFF254JJT,ENCFF301WLH,ENCFF301WLH,unstranded
ENCFF302OVH,ENCFF696GRP,ENCFF696GRP,reverse
ENCFF196UDY,ENCFF684CHN,ENCFF684CHN,reverse
ENCFF562IGK,ENCFF057TXE,ENCFF057TXE,reverse
ENCFF513XTK,ENCFF004DOF,ENCFF004DOF,unstranded
ENCFF823TJX,ENCFF573WTP,ENCFF573WTP,reverse
ENCFF948VKA,ENCFF118SVL,ENCFF118SVL,reverse
ENCFF860LWY,ENCFF915WBG,ENCFF915WBG,reverse
ENCFF273RBB,ENCFF137BCU,ENCFF137BCU,reverse
ENCFF835PJC,ENCFF630CTN,ENCFF630CTN,unstranded
ENCFF932OLF,ENCFF098OUC,ENCFF098OUC,reverse
ENCFF954DUN,ENCFF895JFS,ENCFF895JFS,reverse
ENCFF993FIL,ENCFF487HBP,ENCFF487HBP,forward
ENCFF652AXF,ENCFF304GQR,ENCFF304GQR,reverse
